group,name,n,m,c1,c2,c3,c4,c5,c6,c7,c8,c9,c10,c11,c12,best_base,winners,sole_winner,c9_gain,c10_gain,c12_gain,c12_from,c10_exact,c10_raw,c10_core_size,c10_width,c10_bipartite_fraction,c11_exact,c11_core_size,c11_width,elapsed_seconds
"Bipartite obstruction (exact)",bipartite_obstruction,7,11,3,3,3,3,3,3,3,3,3,3,3,3,3,c1+c2+c3+c4+c5+c6+c7+c8+c10+c11,,0,0,0,c1+c2+c3+c4+c5+c6+c7+c8+c9+c10+c11,True,5,0,3,1.0000,True,0,3,0.004
"Relabel / order stress (exact)",relabel_0,7,11,3,3,3,3,3,5,3,3,3,3,3,3,3,c1+c2+c3+c4+c5+c7+c8+c10+c11,,0,0,0,c1+c2+c3+c4+c5+c6+c7+c8+c9+c10+c11,True,3,0,3,1.0000,True,0,4,0.018
"Relabel / order stress (exact)",relabel_1,7,11,3,3,3,3,3,3,3,3,3,3,3,3,3,c1+c2+c3+c4+c5+c6+c7+c8+c10+c11,,0,0,0,c1+c2+c3+c4+c5+c6+c7+c8+c9+c10+c11,True,3,0,3,1.0000,True,0,3,0.003
"Relabel / order stress (exact)",relabel_2,7,11,3,3,3,3,3,3,3,3,3,3,3,3,3,c1+c2+c3+c4+c5+c6+c7+c8+c10+c11,,0,0,0,c1+c2+c3+c4+c5+c6+c7+c8+c9+c10+c11,True,3,0,3,1.0000,True,0,3,0.005
"Relabel / order stress (exact)",relabel_3,7,11,3,3,3,3,3,3,3,3,3,3,3,3,3,c1+c2+c3+c4+c5+c6+c7+c8+c10+c11,,0,0,0,c1+c2+c3+c4+c5+c6+c7+c8+c9+c10+c11,True,3,0,3,1.0000,True,0,3,0.003
"Relabel / order stress (exact)",relabel_4,7,11,3,3,5,3,3,3,5,3,3,3,3,3,3,c1+c2+c4+c5+c6+c8+c10+c11,,0,0,0,c1+c2+c3+c4+c5+c6+c7+c8+c9+c10+c11,True,4,0,3,1.0000,True,0,3,0.003
"Relabel / order stress (exact)",relabel_5,7,11,3,3,3,3,3,5,3,3,3,3,3,3,3,c1+c2+c3+c4+c5+c7+c8+c10+c11,,0,0,0,c1+c2+c3+c4+c5+c6+c7+c8+c9+c10+c11,True,5,0,3,1.0000,True,0,4,0.003
"Relabel / order stress (exact)",relabel_6,7,11,3,3,3,3,3,3,3,3,3,3,3,3,3,c1+c2+c3+c4+c5+c6+c7+c8+c10+c11,,0,0,0,c1+c2+c3+c4+c5+c6+c7+c8+c9+c10+c11,True,3,0,3,1.0000,True,0,3,0.004
"Relabel / order stress (exact)",relabel_7,7,11,3,3,3,3,3,3,3,3,3,3,3,3,3,c1+c2+c3+c4+c5+c6+c7+c8+c10+c11,,0,0,0,c1+c2+c3+c4+c5+c6+c7+c8+c9+c10+c11,True,3,0,3,1.0000,True,0,3,0.003
"Relabel / order stress (exact)",relabel_8,7,11,3,3,3,3,3,5,3,3,3,3,3,3,3,c1+c2+c3+c4+c5+c7+c8+c10+c11,,0,0,0,c1+c2+c3+c4+c5+c6+c7+c8+c9+c10+c11,True,4,0,3,1.0000,True,0,4,0.003
"Relabel / order stress (exact)",relabel_9,7,11,3,3,3,3,3,3,3,3,3,3,3,3,3,c1+c2+c3+c4+c5+c6+c7+c8+c10+c11,,0,0,0,c1+c2+c3+c4+c5+c6+c7+c8+c9+c10+c11,True,5,0,3,1.0000,True,0,3,0.003
"Relabel / order stress (exact)",relabel_10,7,11,3,3,3,3,3,3,3,3,3,3,3,3,3,c1+c2+c3+c4+c5+c6+c7+c8+c10+c11,,0,0,0,c1+c2+c3+c4+c5+c6+c7+c8+c9+c10+c11,True,3,0,3,1.0000,True,0,3,0.003
"Relabel / order stress (exact)",relabel_11,7,11,3,3,3,3,3,3,3,3,3,3,3,3,3,c1+c2+c3+c4+c5+c6+c7+c8+c10+c11,,0,0,0,c1+c2+c3+c4+c5+c6+c7+c8+c9+c10+c11,True,4,0,3,1.0000,True,0,3,0.003
"Relabel / order stress (exact)",relabel_12,7,11,3,3,3,3,3,5,3,3,3,3,3,3,3,c1+c2+c3+c4+c5+c7+c8+c10+c11,,0,0,0,c1+c2+c3+c4+c5+c6+c7+c8+c9+c10+c11,True,3,0,3,1.0000,True,0,4,0.003
"Relabel / order stress (exact)",relabel_13,7,11,5,3,5,3,5,3,5,3,3,3,3,3,3,c2+c4+c6+c8+c10+c11,,0,0,0,c1+c2+c3+c4+c5+c6+c7+c8+c9+c10+c11,True,4,0,3,1.0000,True,0,3,0.003
"Relabel / order stress (exact)",relabel_14,7,11,3,3,3,3,3,3,3,3,3,3,3,3,3,c1+c2+c3+c4+c5+c6+c7+c8+c10+c11,,0,0,0,c1+c2+c3+c4+c5+c6+c7+c8+c9+c10+c11,True,3,0,3,1.0000,True,0,3,0.003
"Relabel / order stress (exact)",relabel_15,7,11,3,3,5,3,3,3,5,3,3,3,3,3,3,c1+c2+c4+c5+c6+c8+c10+c11,,0,0,0,c1+c2+c3+c4+c5+c6+c7+c8+c9+c10+c11,True,3,0,3,1.0000,True,0,3,0.002
"Relabel / order stress (exact)",relabel_16,7,11,3,3,3,3,3,3,3,3,3,3,3,3,3,c1+c2+c3+c4+c5+c6+c7+c8+c10+c11,,0,0,0,c1+c2+c3+c4+c5+c6+c7+c8+c9+c10+c11,True,3,0,3,1.0000,True,0,3,0.003
"Relabel / order stress (exact)",relabel_17,7,11,3,3,3,3,3,3,3,3,3,3,3,3,3,c1+c2+c3+c4+c5+c6+c7+c8+c10+c11,,0,0,0,c1+c2+c3+c4+c5+c6+c7+c8+c9+c10+c11,True,3,0,3,1.0000,True,0,3,0.004
"Relabel / order stress (exact)",relabel_18,7,11,3,3,3,3,3,5,3,3,3,3,3,3,3,c1+c2+c3+c4+c5+c7+c8+c10+c11,,0,0,0,c1+c2+c3+c4+c5+c6+c7+c8+c9+c10+c11,True,4,0,3,1.0000,True,0,4,0.003
"Relabel / order stress (exact)",relabel_19,7,11,3,3,3,3,3,3,3,3,3,3,3,3,3,c1+c2+c3+c4+c5+c6+c7+c8+c10+c11,,0,0,0,c1+c2+c3+c4+c5+c6+c7+c8+c9+c10+c11,True,3,0,3,1.0000,True,0,3,0.003
"Relabel / order stress (exact)",relabel_20,7,11,3,3,5,3,3,3,5,3,3,3,3,3,3,c1+c2+c4+c5+c6+c8+c10+c11,,0,0,0,c1+c2+c3+c4+c5+c6+c7+c8+c9+c10+c11,True,3,0,3,1.0000,True,0,3,0.003
"Relabel / order stress (exact)",relabel_21,7,11,3,3,3,3,3,3,3,3,3,3,3,3,3,c1+c2+c3+c4+c5+c6+c7+c8+c10+c11,,0,0,0,c1+c2+c3+c4+c5+c6+c7+c8+c9+c10+c11,True,5,0,3,1.0000,True,0,3,0.003
"Relabel / order stress (exact)",relabel_22,7,11,3,3,5,3,3,3,5,3,3,3,3,3,3,c1+c2+c4+c5+c6+c8+c10+c11,,0,0,0,c1+c2+c3+c4+c5+c6+c7+c8+c9+c10+c11,True,4,0,3,1.0000,True,0,3,0.003
"Relabel / order stress (exact)",relabel_23,7,11,3,3,3,3,3,5,3,3,3,3,3,3,3,c1+c2+c3+c4+c5+c7+c8+c10+c11,,0,0,0,c1+c2+c3+c4+c5+c6+c7+c8+c9+c10+c11,True,3,0,3,1.0000,True,0,4,0.003
"Relabel / order stress (exact)",relabel_24,7,11,3,3,3,3,3,3,3,3,3,3,3,3,3,c1+c2+c3+c4+c5+c6+c7+c8+c10+c11,,0,0,0,c1+c2+c3+c4+c5+c6+c7+c8+c9+c10+c11,True,3,0,3,1.0000,True,0,3,0.003
"Relabel / order stress (exact)",relabel_25,7,11,3,3,3,3,3,3,3,3,3,3,3,3,3,c1+c2+c3+c4+c5+c6+c7+c8+c10+c11,,0,0,0,c1+c2+c3+c4+c5+c6+c7+c8+c9+c10+c11,True,3,0,3,1.0000,True,0,3,0.003
"Relabel / order stress (exact)",relabel_26,7,11,3,3,3,3,3,3,3,3,3,3,3,3,3,c1+c2+c3+c4+c5+c6+c7+c8+c10+c11,,0,0,0,c1+c2+c3+c4+c5+c6+c7+c8+c9+c10+c11,True,4,0,3,1.0000,True,0,3,0.003
"Relabel / order stress (exact)",relabel_27,7,11,3,3,3,3,3,3,3,3,3,3,3,3,3,c1+c2+c3+c4+c5+c6+c7+c8+c10+c11,,0,0,0,c1+c2+c3+c4+c5+c6+c7+c8+c9+c10+c11,True,3,0,3,1.0000,True,0,3,0.003
"Relabel / order stress (exact)",relabel_28,7,11,3,3,5,3,3,3,5,3,3,3,3,3,3,c1+c2+c4+c5+c6+c8+c10+c11,,0,0,0,c1+c2+c3+c4+c5+c6+c7+c8+c9+c10+c11,True,5,0,3,1.0000,True,0,3,0.003
"Relabel / order stress (exact)",relabel_29,7,11,3,3,3,3,3,3,3,3,3,3,3,3,3,c1+c2+c3+c4+c5+c6+c7+c8+c10+c11,,0,0,0,c1+c2+c3+c4+c5+c6+c7+c8+c9+c10+c11,True,4,0,3,1.0000,True,0,3,0.003
"Relabel / order stress (exact)",relabel_30,7,11,3,3,3,3,3,3,3,3,3,3,3,3,3,c1+c2+c3+c4+c5+c6+c7+c8+c10+c11,,0,0,0,c1+c2+c3+c4+c5+c6+c7+c8+c9+c10+c11,True,5,0,3,1.0000,True,0,3,0.003
"Relabel / order stress (exact)",relabel_31,7,11,3,3,5,3,3,3,5,3,3,3,3,3,3,c1+c2+c4+c5+c6+c8+c10+c11,,0,0,0,c1+c2+c3+c4+c5+c6+c7+c8+c9+c10+c11,True,5,0,3,1.0000,True,0,3,0.003
"Relabel / order stress (exact)",relabel_32,7,11,3,3,3,3,3,3,3,3,3,3,3,3,3,c1+c2+c3+c4+c5+c6+c7+c8+c10+c11,,0,0,0,c1+c2+c3+c4+c5+c6+c7+c8+c9+c10+c11,True,3,0,3,1.0000,True,0,3,0.003
"Relabel / order stress (exact)",relabel_33,7,11,3,3,3,3,3,3,3,3,3,3,3,3,3,c1+c2+c3+c4+c5+c6+c7+c8+c10+c11,,0,0,0,c1+c2+c3+c4+c5+c6+c7+c8+c9+c10+c11,True,3,0,3,1.0000,True,0,3,0.004
"Relabel / order stress (exact)",relabel_34,7,11,3,3,3,3,3,5,3,3,3,3,3,3,3,c1+c2+c3+c4+c5+c7+c8+c10+c11,,0,0,0,c1+c2+c3+c4+c5+c6+c7+c8+c9+c10+c11,True,3,0,3,1.0000,True,0,4,0.003
"Relabel / order stress (exact)",relabel_35,7,11,3,3,3,3,3,5,3,3,3,3,3,3,3,c1+c2+c3+c4+c5+c7+c8+c10+c11,,0,0,0,c1+c2+c3+c4+c5+c6+c7+c8+c9+c10+c11,True,3,0,3,1.0000,True,0,4,0.003
"Relabel / order stress (exact)",relabel_36,7,11,3,3,3,3,3,3,3,3,3,3,3,3,3,c1+c2+c3+c4+c5+c6+c7+c8+c10+c11,,0,0,0,c1+c2+c3+c4+c5+c6+c7+c8+c9+c10+c11,True,3,0,3,1.0000,True,0,3,0.003
"Relabel / order stress (exact)",relabel_37,7,11,5,3,5,3,5,3,5,3,3,3,3,3,3,c2+c4+c6+c8+c10+c11,,0,0,0,c1+c2+c3+c4+c5+c6+c7+c8+c9+c10+c11,True,5,0,3,1.0000,True,0,3,0.003
"Relabel / order stress (exact)",relabel_38,7,11,3,3,3,3,3,5,3,3,3,3,3,3,3,c1+c2+c3+c4+c5+c7+c8+c10+c11,,0,0,0,c1+c2+c3+c4+c5+c6+c7+c8+c9+c10+c11,True,4,0,3,1.0000,True,0,4,0.004
"Relabel / order stress (exact)",relabel_39,7,11,3,3,3,3,3,3,3,3,3,3,3,3,3,c1+c2+c3+c4+c5+c6+c7+c8+c10+c11,,0,0,0,c1+c2+c3+c4+c5+c6+c7+c8+c9+c10+c11,True,3,0,3,1.0000,True,0,3,0.003
"Relabel / order stress (exact)",relabel_40,7,11,3,3,3,3,3,3,3,3,3,3,3,3,3,c1+c2+c3+c4+c5+c6+c7+c8+c10+c11,,0,0,0,c1+c2+c3+c4+c5+c6+c7+c8+c9+c10+c11,True,5,0,3,1.0000,True,0,3,0.003
"Relabel / order stress (exact)",relabel_41,7,11,3,3,5,3,3,3,5,3,3,3,3,3,3,c1+c2+c4+c5+c6+c8+c10+c11,,0,0,0,c1+c2+c3+c4+c5+c6+c7+c8+c9+c10+c11,True,3,0,3,1.0000,True,0,3,0.003
"Relabel / order stress (exact)",relabel_42,7,11,3,3,3,3,3,5,3,3,3,3,3,3,3,c1+c2+c3+c4+c5+c7+c8+c10+c11,,0,0,0,c1+c2+c3+c4+c5+c6+c7+c8+c9+c10+c11,True,3,0,3,1.0000,True,0,4,0.003
"Relabel / order stress (exact)",relabel_43,7,11,3,3,3,3,3,5,3,3,3,3,3,3,3,c1+c2+c3+c4+c5+c7+c8+c10+c11,,0,0,0,c1+c2+c3+c4+c5+c6+c7+c8+c9+c10+c11,True,3,0,3,1.0000,True,0,4,0.004
"Relabel / order stress (exact)",relabel_44,7,11,3,3,3,3,3,3,3,3,3,3,3,3,3,c1+c2+c3+c4+c5+c6+c7+c8+c10+c11,,0,0,0,c1+c2+c3+c4+c5+c6+c7+c8+c9+c10+c11,True,3,0,3,1.0000,True,0,3,0.003
"Relabel / order stress (exact)",relabel_45,7,11,3,3,3,3,3,3,3,3,3,3,3,3,3,c1+c2+c3+c4+c5+c6+c7+c8+c10+c11,,0,0,0,c1+c2+c3+c4+c5+c6+c7+c8+c9+c10+c11,True,3,0,3,1.0000,True,0,3,0.003
"Relabel / order stress (exact)",relabel_46,7,11,3,3,3,3,3,5,3,3,3,3,3,3,3,c1+c2+c3+c4+c5+c7+c8+c10+c11,,0,0,0,c1+c2+c3+c4+c5+c6+c7+c8+c9+c10+c11,True,4,0,3,1.0000,True,0,4,0.003
"Relabel / order stress (exact)",relabel_47,7,11,3,3,3,3,3,3,3,3,3,3,3,3,3,c1+c2+c3+c4+c5+c6+c7+c8+c10+c11,,0,0,0,c1+c2+c3+c4+c5+c6+c7+c8+c9+c10+c11,True,3,0,3,1.0000,True,0,3,0.003
"Relabel / order stress (exact)",relabel_48,7,11,3,3,3,3,3,3,3,3,3,3,3,3,3,c1+c2+c3+c4+c5+c6+c7+c8+c10+c11,,0,0,0,c1+c2+c3+c4+c5+c6+c7+c8+c9+c10+c11,True,5,0,3,1.0000,True,0,3,0.003
"Relabel / order stress (exact)",relabel_49,7,11,3,3,3,3,3,3,3,3,3,3,3,3,3,c1+c2+c3+c4+c5+c6+c7+c8+c10+c11,,0,0,0,c1+c2+c3+c4+c5+c6+c7+c8+c9+c10+c11,True,4,0,3,1.0000,True,0,3,0.003
"Relabel / order stress (exact)",relabel_50,7,11,3,3,5,3,3,3,5,3,3,3,3,3,3,c1+c2+c4+c5+c6+c8+c10+c11,,0,0,0,c1+c2+c3+c4+c5+c6+c7+c8+c9+c10+c11,True,3,0,3,1.0000,True,0,3,0.003
"Relabel / order stress (exact)",relabel_51,7,11,5,3,5,3,5,3,5,3,3,3,3,3,3,c2+c4+c6+c8+c10+c11,,0,0,0,c1+c2+c3+c4+c5+c6+c7+c8+c9+c10+c11,True,5,0,3,1.0000,True,0,3,0.003
"Relabel / order stress (exact)",relabel_52,7,11,3,3,3,3,3,3,3,3,3,3,3,3,3,c1+c2+c3+c4+c5+c6+c7+c8+c10+c11,,0,0,0,c1+c2+c3+c4+c5+c6+c7+c8+c9+c10+c11,True,4,0,3,1.0000,True,0,3,0.003
"Relabel / order stress (exact)",relabel_53,7,11,3,3,3,3,3,5,3,3,3,3,3,3,3,c1+c2+c3+c4+c5+c7+c8+c10+c11,,0,0,0,c1+c2+c3+c4+c5+c6+c7+c8+c9+c10+c11,True,3,0,3,1.0000,True,0,4,0.003
"Relabel / order stress (exact)",relabel_54,7,11,3,3,5,3,3,3,5,3,3,3,3,3,3,c1+c2+c4+c5+c6+c8+c10+c11,,0,0,0,c1+c2+c3+c4+c5+c6+c7+c8+c9+c10+c11,True,3,0,3,1.0000,True,0,3,0.003
"Relabel / order stress (exact)",relabel_55,7,11,3,3,3,3,3,3,3,3,3,3,3,3,3,c1+c2+c3+c4+c5+c6+c7+c8+c10+c11,,0,0,0,c1+c2+c3+c4+c5+c6+c7+c8+c9+c10+c11,True,5,0,3,1.0000,True,0,3,0.003
"Random bipartite (exact)",randbip_7_5,12,14,5,7,5,5,5,5,5,5,5,5,5,5,5,c1+c3+c4+c5+c6+c7+c8+c10+c11,,0,0,0,c1+c2+c3+c4+c5+c6+c7+c8+c9+c10+c11,True,5,0,3,1.0000,True,0,3,0.003
"Random bipartite (exact)",randbip_6_2,8,4,2,2,2,2,2,2,2,2,2,2,2,2,2,c1+c2+c3+c4+c5+c6+c7+c8+c10+c11,,0,0,0,c1+c2+c3+c4+c5+c6+c7+c8+c9+c10+c11,True,2,0,1,1.0000,True,0,1,0.001
"Random bipartite (exact)",randbip_6_4,10,17,4,4,4,4,4,4,4,4,4,4,4,4,4,c1+c2+c3+c4+c5+c6+c7+c8+c10+c11,,0,0,0,c1+c2+c3+c4+c5+c6+c7+c8+c9+c10+c11,True,4,0,4,1.0000,True,0,4,0.008
"Random bipartite (exact)",randbip_5_4,9,15,4,4,4,4,4,5,4,4,4,4,4,4,4,c1+c2+c3+c4+c5+c7+c8+c10+c11,,0,0,0,c1+c2+c3+c4+c5+c7+c8+c9+c10+c11,True,4,0,4,1.0000,True,0,4,0.007
"Random bipartite (exact)",randbip_5_2,7,6,2,2,2,2,2,3,2,2,2,2,2,2,2,c1+c2+c3+c4+c5+c7+c8+c10+c11,,0,0,0,c1+c2+c3+c4+c5+c6+c7+c8+c9+c10+c11,True,3,0,2,1.0000,True,0,2,0.001
"Random bipartite (exact)",randbip_6_3,9,13,3,3,3,3,3,3,3,3,3,3,3,3,3,c1+c2+c3+c4+c5+c6+c7+c8+c10+c11,,0,0,0,c1+c2+c3+c4+c5+c6+c7+c8+c9+c10+c11,True,3,0,3,1.0000,True,0,3,0.004
"Random bipartite (exact)",randbip_7_3,10,10,3,3,3,3,3,3,3,3,3,3,3,3,3,c1+c2+c3+c4+c5+c6+c7+c8+c10+c11,,0,0,0,c1+c2+c3+c4+c5+c6+c7+c8+c9+c10+c11,True,5,0,2,1.0000,True,0,2,0.002
"Random bipartite (exact)",randbip_6_2,8,8,2,2,2,2,2,2,2,2,2,2,2,2,2,c1+c2+c3+c4+c5+c6+c7+c8+c10+c11,,0,0,0,c1+c2+c3+c4+c5+c6+c7+c8+c9+c10+c11,True,2,0,2,1.0000,True,0,2,0.001
"Random bipartite (exact)",randbip_3_2,5,5,2,2,2,2,2,3,2,2,2,2,2,2,2,c1+c2+c3+c4+c5+c7+c8+c10+c11,,0,0,0,c1+c2+c3+c4+c5+c6+c7+c8+c9+c10+c11,True,2,0,2,1.0000,True,0,2,0.001
"Random bipartite (exact)",randbip_2_7,9,5,2,2,2,2,2,2,2,2,2,2,2,2,2,c1+c2+c3+c4+c5+c6+c7+c8+c10+c11,,0,0,0,c1+c2+c3+c4+c5+c6+c7+c8+c9+c10+c11,True,4,0,1,1.0000,True,0,1,0.001
"Random bipartite (exact)",randbip_5_6,11,16,7,5,5,5,7,5,7,5,5,5,5,5,5,c2+c3+c4+c6+c8+c10+c11,,0,0,0,c1+c2+c3+c4+c5+c6+c7+c8+c9+c10+c11,True,7,0,3,1.0000,True,0,3,0.004
"Random bipartite (exact)",randbip_5_4,9,14,4,4,5,5,4,5,4,4,4,4,4,4,4,c1+c2+c5+c7+c8+c10+c11,,0,0,0,c1+c2+c3+c4+c5+c6+c7+c8+c9+c10+c11,True,5,0,4,1.0000,True,0,3,0.006
"Random bipartite (exact)",randbip_4_7,11,6,3,3,3,3,3,3,3,3,3,3,3,3,3,c1+c2+c3+c4+c5+c6+c7+c8+c10+c11,,0,0,0,c1+c2+c3+c4+c5+c6+c7+c8+c9+c10+c11,True,3,0,1,1.0000,True,0,1,0.001
"Random bipartite (exact)",randbip_3_4,7,8,4,3,4,3,4,3,4,3,3,3,3,3,3,c2+c4+c6+c8+c10+c11,,0,0,0,c1+c2+c3+c4+c5+c6+c7+c8+c9+c10+c11,True,3,0,2,1.0000,True,0,2,0.002
"Random bipartite (exact)",randbip_3_3,6,7,3,3,3,3,3,3,3,3,3,3,3,3,3,c1+c2+c3+c4+c5+c6+c7+c8+c10+c11,,0,0,0,c1+c2+c3+c4+c5+c6+c7+c8+c9+c10+c11,True,4,0,2,1.0000,True,0,2,0.001
"Random bipartite (exact)",randbip_5_7,12,17,7,5,5,5,7,5,7,5,5,5,5,5,5,c2+c3+c4+c6+c8+c10+c11,,0,0,0,c1+c2+c3+c4+c5+c6+c7+c8+c9+c10+c11,True,7,0,3,1.0000,True,0,3,0.004
"Random bipartite (exact)",randbip_3_3,6,3,2,2,2,2,2,2,2,2,2,2,2,2,2,c1+c2+c3+c4+c5+c6+c7+c8+c10+c11,,0,0,0,c1+c2+c3+c4+c5+c6+c7+c8+c9+c10+c11,True,2,0,1,1.0000,True,0,1,0.001
"Random bipartite (exact)",randbip_2_6,8,9,2,2,2,2,2,2,2,2,2,2,2,2,2,c1+c2+c3+c4+c5+c6+c7+c8+c10+c11,,0,0,0,c1+c2+c3+c4+c5+c6+c7+c8+c9+c10+c11,True,2,0,2,1.0000,True,0,2,0.002
"Random bipartite (exact)",randbip_6_6,12,15,6,6,6,6,6,6,6,6,6,6,6,6,6,c1+c2+c3+c4+c5+c6+c7+c8+c10+c11,,0,0,0,c1+c2+c3+c4+c5+c6+c7+c8+c9+c10+c11,True,6,0,3,1.0000,True,0,2,0.004
"Random bipartite (exact)",randbip_7_4,11,9,4,4,4,4,4,4,4,4,4,4,4,4,4,c1+c2+c3+c4+c5+c6+c7+c8+c10+c11,,0,0,0,c1+c2+c3+c4+c5+c6+c7+c8+c9+c10+c11,True,4,0,2,1.0000,True,0,2,0.002
"Random bipartite (exact)",randbip_2_2,4,3,2,2,2,2,2,2,2,2,2,2,2,2,2,c1+c2+c3+c4+c5+c6+c7+c8+c10+c11,,0,0,0,c1+c2+c3+c4+c5+c6+c7+c8+c9+c10+c11,True,2,0,1,1.0000,True,0,1,0.001
"Random bipartite (exact)",randbip_4_7,11,9,4,4,4,4,4,4,4,4,4,4,4,4,4,c1+c2+c3+c4+c5+c6+c7+c8+c10+c11,,0,0,0,c1+c2+c3+c4+c5+c6+c7+c8+c9+c10+c11,True,4,0,1,1.0000,True,0,1,0.002
"Random bipartite (exact)",randbip_4_3,7,10,3,3,3,3,3,3,3,3,3,3,3,3,3,c1+c2+c3+c4+c5+c6+c7+c8+c10+c11,,0,0,0,c1+c2+c3+c4+c5+c6+c7+c8+c9+c10+c11,True,3,0,3,1.0000,True,0,3,0.002
"Random bipartite (exact)",randbip_6_7,13,26,10,6,8,7,10,8,7,7,6,6,6,6,6,c2+c10+c11,,0,0,0,c1+c2+c3+c5+c6+c9+c10+c11,False,6,13,6,1.0000,True,0,5,0.043
"Random bipartite (exact)",randbip_7_3,10,8,3,3,3,3,3,3,3,3,3,3,3,3,3,c1+c2+c3+c4+c5+c6+c7+c8+c10+c11,,0,0,0,c1+c2+c3+c4+c5+c6+c7+c8+c9+c10+c11,True,3,0,2,1.0000,True,0,2,0.002
"Random bipartite (exact)",randbip_3_7,10,19,3,3,3,3,3,3,3,3,3,3,3,3,3,c1+c2+c3+c4+c5+c6+c7+c8+c10+c11,,0,0,0,c1+c2+c3+c4+c5+c6+c7+c8+c9+c10+c11,True,3,0,3,1.0000,True,0,3,0.005
"Random bipartite (exact)",randbip_4_5,9,7,3,3,3,3,3,3,3,3,3,3,3,3,3,c1+c2+c3+c4+c5+c6+c7+c8+c10+c11,,0,0,0,c1+c2+c3+c4+c5+c6+c7+c8+c9+c10+c11,True,4,0,1,1.0000,True,0,1,0.001
"Random bipartite (exact)",randbip_6_2,8,5,2,2,2,2,2,2,2,2,2,2,2,2,2,c1+c2+c3+c4+c5+c6+c7+c8+c10+c11,,0,0,0,c1+c2+c3+c4+c5+c6+c7+c8+c9+c10+c11,True,4,0,1,1.0000,True,0,1,0.001
"Random bipartite (exact)",randbip_2_5,7,6,2,2,2,2,2,2,2,2,2,2,2,2,2,c1+c2+c3+c4+c5+c6+c7+c8+c10+c11,,0,0,0,c1+c2+c3+c4+c5+c6+c7+c8+c9+c10+c11,True,2,0,2,1.0000,True,0,2,0.001
"Random bipartite (exact)",randbip_2_4,6,5,3,2,2,2,3,2,3,2,2,2,2,2,2,c2+c3+c4+c6+c8+c10+c11,,0,0,0,c1+c2+c3+c4+c5+c6+c7+c8+c9+c10+c11,True,2,0,1,1.0000,True,0,1,0.001
"Random bipartite (exact)",randbip_5_5,10,10,5,4,4,4,5,4,4,4,4,4,4,4,4,c2+c3+c4+c6+c7+c8+c10+c11,,0,0,0,c1+c2+c3+c4+c5+c6+c7+c8+c9+c10+c11,True,4,0,2,1.0000,True,0,3,0.003
"Random bipartite (exact)",randbip_5_3,8,1,1,1,1,1,1,1,1,1,1,1,1,1,1,c1+c2+c3+c4+c5+c6+c7+c8+c10+c11,,0,0,0,c1+c2+c3+c4+c5+c6+c7+c8+c9+c10+c11,True,1,0,1,1.0000,True,0,1,0.000
"Random bipartite (exact)",randbip_6_7,13,23,8,7,8,6,8,6,7,6,6,6,6,6,6,c4+c6+c8+c10+c11,,0,0,0,c1+c3+c4+c5+c6+c8+c9+c10+c11,True,7,0,3,1.0000,True,0,5,0.007
"Random bipartite (exact)",randbip_2_4,6,8,2,2,2,2,2,2,2,2,2,2,2,2,2,c1+c2+c3+c4+c5+c6+c7+c8+c10+c11,,0,0,0,c1+c2+c3+c4+c5+c6+c7+c8+c9+c10+c11,True,2,0,2,1.0000,True,0,2,0.002
"Random bipartite (exact)",randbip_2_5,7,4,3,2,2,2,3,2,3,2,2,2,2,2,2,c2+c3+c4+c6+c8+c10+c11,,0,0,0,c1+c2+c3+c4+c5+c6+c7+c8+c9+c10+c11,True,3,0,1,1.0000,True,0,1,0.001
"Random bipartite (exact)",randbip_5_3,8,12,3,3,3,3,3,3,3,3,3,3,3,3,3,c1+c2+c3+c4+c5+c6+c7+c8+c10+c11,,0,0,0,c1+c2+c3+c4+c5+c6+c7+c8+c9+c10+c11,True,3,0,3,1.0000,True,0,3,0.004
"Random bipartite (exact)",randbip_3_7,10,13,3,3,3,3,3,3,3,3,3,3,3,3,3,c1+c2+c3+c4+c5+c6+c7+c8+c10+c11,,0,0,0,c1+c2+c3+c4+c5+c6+c7+c8+c9+c10+c11,True,3,0,3,1.0000,True,0,3,0.003
"Random bipartite (exact)",randbip_7_3,10,18,3,3,3,3,3,3,3,3,3,3,3,3,3,c1+c2+c3+c4+c5+c6+c7+c8+c10+c11,,0,0,0,c1+c2+c3+c4+c5+c6+c7+c8+c9+c10+c11,True,3,0,3,1.0000,True,0,3,0.005
"Random bipartite (exact)",randbip_4_6,10,10,5,5,4,4,5,4,5,4,4,4,4,4,4,c3+c4+c6+c8+c10+c11,,0,0,0,c1+c2+c3+c4+c5+c6+c7+c8+c9+c10+c11,True,6,0,2,1.0000,True,0,2,0.002
"Random bipartite (exact)",randbip_4_3,7,4,2,2,2,2,2,2,2,2,2,2,2,2,2,c1+c2+c3+c4+c5+c6+c7+c8+c10+c11,,0,0,0,c1+c2+c3+c4+c5+c6+c7+c8+c9+c10+c11,True,2,0,1,1.0000,True,0,1,0.001
"Random bipartite (exact)",randbip_5_3,8,13,3,3,3,3,3,3,3,3,3,3,3,3,3,c1+c2+c3+c4+c5+c6+c7+c8+c10+c11,,0,0,0,c1+c2+c3+c4+c5+c6+c7+c8+c9+c10+c11,True,3,0,3,1.0000,True,0,3,0.006
"Random bipartite (exact)",randbip_7_6,13,10,5,4,5,4,5,4,5,4,4,4,4,4,4,c2+c4+c6+c8+c10+c11,,0,0,0,c1+c2+c3+c4+c5+c6+c7+c8+c9+c10+c11,True,4,0,2,1.0000,True,0,2,0.002
"Random bipartite (exact)",randbip_4_3,7,6,3,3,3,3,3,3,3,3,3,3,3,3,3,c1+c2+c3+c4+c5+c6+c7+c8+c10+c11,,0,0,0,c1+c2+c3+c4+c5+c6+c7+c8+c9+c10+c11,True,3,0,1,1.0000,True,0,1,0.001
"Random bipartite (exact)",randbip_5_5,10,20,7,5,7,5,7,7,5,5,5,5,5,5,5,c2+c4+c7+c8+c10+c11,,0,0,0,c1+c2+c3+c4+c5+c6+c7+c8+c9+c10+c11,True,8,0,4,1.0000,True,0,5,0.009
"Random bipartite (exact)",randbip_7_4,11,9,4,5,4,4,4,4,4,4,4,4,4,4,4,c1+c3+c4+c5+c6+c7+c8+c10+c11,,0,0,0,c1+c2+c3+c4+c5+c6+c7+c8+c9+c10+c11,True,5,0,2,1.0000,True,0,2,0.003
"Random bipartite (exact)",randbip_5_5,10,21,5,5,7,5,5,5,5,5,5,5,5,5,5,c1+c2+c4+c5+c6+c7+c8+c10+c11,,0,0,0,c1+c2+c3+c4+c5+c6+c7+c8+c9+c10+c11,True,5,0,4,1.0000,True,0,5,0.010
"Random bipartite (exact)",randbip_6_2,8,6,2,2,2,2,2,2,2,2,2,2,2,2,2,c1+c2+c3+c4+c5+c6+c7+c8+c10+c11,,0,0,0,c1+c2+c3+c4+c5+c6+c7+c8+c9+c10+c11,True,2,0,2,1.0000,True,0,2,0.001
"Random bipartite (exact)",randbip_3_5,8,8,3,3,3,3,3,3,3,3,3,3,3,3,3,c1+c2+c3+c4+c5+c6+c7+c8+c10+c11,,0,0,0,c1+c2+c3+c4+c5+c6+c7+c8+c9+c10+c11,True,5,0,2,1.0000,True,0,2,0.002
"Random bipartite (exact)",randbip_7_2,9,5,2,2,2,2,2,2,2,2,2,2,2,2,2,c1+c2+c3+c4+c5+c6+c7+c8+c10+c11,,0,0,0,c1+c2+c3+c4+c5+c6+c7+c8+c9+c10+c11,True,2,0,1,1.0000,True,0,1,0.001
"Random bipartite (exact)",randbip_2_3,5,6,2,2,2,2,2,2,2,2,2,2,2,2,2,c1+c2+c3+c4+c5+c6+c7+c8+c10+c11,,0,0,0,c1+c2+c3+c4+c5+c6+c7+c8+c9+c10+c11,True,2,0,2,1.0000,True,0,2,0.002
"Random bipartite (exact)",randbip_2_5,7,9,2,2,2,2,2,2,2,2,2,2,2,2,2,c1+c2+c3+c4+c5+c6+c7+c8+c10+c11,,0,0,0,c1+c2+c3+c4+c5+c6+c7+c8+c9+c10+c11,True,2,0,2,1.0000,True,0,2,0.002
"Random bipartite (exact)",randbip_2_7,9,6,2,2,2,2,2,2,2,2,2,2,2,2,2,c1+c2+c3+c4+c5+c6+c7+c8+c10+c11,,0,0,0,c1+c2+c3+c4+c5+c6+c7+c8+c9+c10+c11,True,2,0,1,1.0000,True,0,1,0.001
"Random bipartite (exact)",randbip_2_2,4,2,1,1,1,1,1,1,1,1,1,1,1,1,1,c1+c2+c3+c4+c5+c6+c7+c8+c10+c11,,0,0,0,c1+c2+c3+c4+c5+c6+c7+c8+c9+c10+c11,True,1,0,1,1.0000,True,0,1,0.000
"Random bipartite (exact)",randbip_5_3,8,7,3,3,3,3,3,3,3,3,3,3,3,3,3,c1+c2+c3+c4+c5+c6+c7+c8+c10+c11,,0,0,0,c1+c2+c3+c4+c5+c6+c7+c8+c9+c10+c11,True,3,0,1,1.0000,True,0,1,0.001
"Random bipartite (exact)",randbip_3_3,6,2,2,2,2,2,2,2,2,2,2,2,2,2,2,c1+c2+c3+c4+c5+c6+c7+c8+c10+c11,,0,0,0,c1+c2+c3+c4+c5+c6+c7+c8+c9+c10+c11,True,2,0,1,1.0000,True,0,1,0.001
"Random bipartite (exact)",randbip_2_4,6,4,2,2,2,2,2,2,2,2,2,2,2,2,2,c1+c2+c3+c4+c5+c6+c7+c8+c10+c11,,0,0,0,c1+c2+c3+c4+c5+c6+c7+c8+c9+c10+c11,True,2,0,1,1.0000,True,0,1,0.001
"Random bipartite (exact)",randbip_3_6,9,5,3,3,3,3,3,3,3,3,3,3,3,3,3,c1+c2+c3+c4+c5+c6+c7+c8+c10+c11,,0,0,0,c1+c2+c3+c4+c5+c6+c7+c8+c9+c10+c11,True,3,0,1,1.0000,True,0,1,0.001
"Random bipartite (exact)",randbip_2_4,6,1,1,1,1,1,1,1,1,1,1,1,1,1,1,c1+c2+c3+c4+c5+c6+c7+c8+c10+c11,,0,0,0,c1+c2+c3+c4+c5+c6+c7+c8+c9+c10+c11,True,1,0,1,1.0000,True,0,1,0.000
"Random bipartite (exact)",randbip_2_7,9,4,2,2,2,2,2,2,2,2,2,2,2,2,2,c1+c2+c3+c4+c5+c6+c7+c8+c10+c11,,0,0,0,c1+c2+c3+c4+c5+c6+c7+c8+c9+c10+c11,True,2,0,1,1.0000,True,0,1,0.001
"Random bipartite (exact)",randbip_7_2,9,9,2,2,2,2,2,2,2,2,2,2,2,2,2,c1+c2+c3+c4+c5+c6+c7+c8+c10+c11,,0,0,0,c1+c2+c3+c4+c5+c6+c7+c8+c9+c10+c11,True,2,0,2,1.0000,True,0,2,0.002
"Random bipartite (exact)",randbip_2_4,6,3,2,2,2,2,2,2,2,2,2,2,2,2,2,c1+c2+c3+c4+c5+c6+c7+c8+c10+c11,,0,0,0,c1+c2+c3+c4+c5+c6+c7+c8+c9+c10+c11,True,2,0,1,1.0000,True,0,1,0.001
"Random bipartite (exact)",randbip_6_7,13,26,9,6,6,6,9,6,9,6,6,6,6,6,6,c2+c3+c4+c6+c8+c10+c11,,0,0,0,c1+c2+c3+c4+c5+c6+c7+c8+c9+c10+c11,False,6,13,6,1.0000,True,0,6,0.078
"Random bipartite (exact)",randbip_5_4,9,14,4,5,5,5,4,5,4,4,4,4,4,4,4,c1+c5+c7+c8+c10+c11,,0,0,0,c1+c2+c3+c4+c5+c6+c7+c8+c9+c10+c11,True,5,0,4,1.0000,True,0,3,0.005
"Random bipartite (exact)",randbip_5_3,8,8,3,4,3,3,3,3,3,3,3,3,3,3,3,c1+c3+c4+c5+c6+c7+c8+c10+c11,,0,0,0,c1+c2+c3+c4+c5+c6+c7+c8+c9+c10+c11,True,4,0,2,1.0000,True,0,2,0.002
"Random bipartite (exact)",randbip_7_4,11,18,4,4,4,4,4,4,4,4,4,4,4,4,4,c1+c2+c3+c4+c5+c6+c7+c8+c10+c11,,0,0,0,c1+c2+c3+c4+c5+c6+c7+c8+c9+c10+c11,True,4,0,3,1.0000,True,0,3,0.004
"Random bipartite (exact)",randbip_5_4,9,6,4,4,4,4,4,4,4,4,4,4,4,4,4,c1+c2+c3+c4+c5+c6+c7+c8+c10+c11,,0,0,0,c1+c2+c3+c4+c5+c6+c7+c8+c9+c10+c11,True,4,0,1,1.0000,True,0,1,0.001
"Random bipartite (exact)",randbip_3_7,10,16,3,3,3,3,3,3,3,3,3,3,3,3,3,c1+c2+c3+c4+c5+c6+c7+c8+c10+c11,,0,0,0,c1+c2+c3+c4+c5+c6+c7+c8+c9+c10+c11,True,3,0,3,1.0000,True,0,3,0.004
"Random bipartite (exact)",randbip_3_7,10,9,3,3,4,3,3,3,4,3,3,3,3,3,3,c1+c2+c4+c5+c6+c8+c10+c11,,0,0,0,c1+c2+c3+c4+c5+c6+c7+c8+c9+c10+c11,True,5,0,2,1.0000,True,0,2,0.002
"Random bipartite (exact)",randbip_6_6,12,28,9,6,7,6,9,9,6,6,6,6,6,6,6,c2+c4+c7+c8+c10+c11,,0,0,0,c1+c2+c3+c4+c5+c6+c7+c8+c9+c10+c11,False,6,12,6,1.0000,True,0,6,0.061
"Random bipartite (exact)",randbip_3_7,10,15,3,3,3,3,3,3,3,3,3,3,3,3,3,c1+c2+c3+c4+c5+c6+c7+c8+c10+c11,,0,0,0,c1+c2+c3+c4+c5+c6+c7+c8+c9+c10+c11,True,5,0,3,1.0000,True,0,3,0.003
"Random bipartite (exact)",randbip_3_6,9,9,4,3,4,3,4,3,4,3,3,3,3,3,3,c2+c4+c6+c8+c10+c11,,0,0,0,c1+c2+c3+c4+c5+c6+c7+c8+c9+c10+c11,True,4,0,2,1.0000,True,0,2,0.002
"Random bipartite (exact)",randbip_6_7,13,24,9,6,8,6,9,6,7,6,6,6,6,6,6,c2+c4+c6+c8+c10+c11,,0,0,0,c1+c2+c3+c4+c5+c6+c8+c9+c10+c11,True,8,0,5,1.0000,True,0,5,0.027
"Random bipartite (exact)",randbip_7_5,12,6,3,3,3,3,3,3,3,3,3,3,3,3,3,c1+c2+c3+c4+c5+c6+c7+c8+c10+c11,,0,0,0,c1+c2+c3+c4+c5+c6+c7+c8+c9+c10+c11,True,3,0,1,1.0000,True,0,1,0.001
"Random bipartite (exact)",randbip_5_4,9,8,4,4,4,4,4,4,4,4,4,4,4,4,4,c1+c2+c3+c4+c5+c6+c7+c8+c10+c11,,0,0,0,c1+c2+c3+c4+c5+c6+c7+c8+c9+c10+c11,True,4,0,2,1.0000,True,0,2,0.001
"Random bipartite (exact)",randbip_2_2,4,4,2,2,2,2,2,2,2,2,2,2,2,2,2,c1+c2+c3+c4+c5+c6+c7+c8+c10+c11,,0,0,0,c1+c2+c3+c4+c5+c6+c7+c8+c9+c10+c11,True,2,0,2,1.0000,True,0,2,0.002
"Random bipartite (exact)",randbip_6_6,12,18,6,6,7,6,6,7,6,6,6,6,6,6,6,c1+c2+c4+c5+c7+c8+c10+c11,,0,0,0,c1+c2+c3+c4+c5+c6+c7+c8+c9+c10+c11,True,8,0,3,1.0000,True,0,4,0.005
"Random bipartite (exact)",randbip_7_2,9,3,1,1,1,1,1,1,1,1,1,1,1,1,1,c1+c2+c3+c4+c5+c6+c7+c8+c10+c11,,0,0,0,c1+c2+c3+c4+c5+c6+c7+c8+c9+c10+c11,True,1,0,1,1.0000,True,0,1,0.001
"Random bipartite (exact)",randbip_7_2,9,11,2,2,2,2,2,2,2,2,2,2,2,2,2,c1+c2+c3+c4+c5+c6+c7+c8+c10+c11,,0,0,0,c1+c2+c3+c4+c5+c6+c7+c8+c9+c10+c11,True,2,0,2,1.0000,True,0,2,0.002
"Random bipartite (exact)",randbip_4_3,7,2,2,2,2,2,2,2,2,2,2,2,2,2,2,c1+c2+c3+c4+c5+c6+c7+c8+c10+c11,,0,0,0,c1+c2+c3+c4+c5+c6+c7+c8+c9+c10+c11,True,2,0,1,1.0000,True,0,1,0.001
"Random bipartite (exact)",randbip_3_4,7,7,4,3,3,3,4,3,4,3,3,3,3,3,3,c2+c3+c4+c6+c8+c10+c11,,0,0,0,c1+c2+c3+c4+c5+c6+c7+c8+c9+c10+c11,True,3,0,2,1.0000,True,0,2,0.001
"Random bipartite (exact)",randbip_4_5,9,13,5,4,5,5,5,5,5,5,4,4,4,4,4,c2+c10+c11,,0,0,0,c1+c2+c3+c4+c5+c6+c7+c8+c9+c10+c11,True,5,0,4,1.0000,True,0,3,0.004
"Random bipartite (exact)",randbip_6_4,10,21,4,4,4,4,4,4,4,4,4,4,4,4,4,c1+c2+c3+c4+c5+c6+c7+c8+c10+c11,,0,0,0,c1+c2+c3+c4+c5+c6+c7+c8+c9+c10+c11,True,4,0,4,1.0000,True,0,4,0.010
"Random bipartite (exact)",randbip_7_2,9,12,2,2,2,2,2,2,2,2,2,2,2,2,2,c1+c2+c3+c4+c5+c6+c7+c8+c10+c11,,0,0,0,c1+c2+c3+c4+c5+c6+c7+c8+c9+c10+c11,True,2,0,2,1.0000,True,0,2,0.002
"Random bipartite (exact)",randbip_5_2,7,2,1,1,1,1,1,1,1,1,1,1,1,1,1,c1+c2+c3+c4+c5+c6+c7+c8+c10+c11,,0,0,0,c1+c2+c3+c4+c5+c6+c7+c8+c9+c10+c11,True,1,0,1,1.0000,True,0,1,0.000
"Random bipartite (exact)",randbip_6_3,9,18,3,3,3,3,3,3,3,3,3,3,3,3,3,c1+c2+c3+c4+c5+c6+c7+c8+c10+c11,,0,0,0,c1+c2+c3+c4+c5+c6+c7+c8+c9+c10+c11,True,3,0,3,1.0000,True,0,3,0.007
"Random bipartite (exact)",randbip_4_2,6,5,2,2,2,2,2,3,2,2,2,2,2,2,2,c1+c2+c3+c4+c5+c7+c8+c10+c11,,0,0,0,c1+c2+c3+c4+c5+c6+c7+c8+c9+c10+c11,True,2,0,2,1.0000,True,0,2,0.001
"Random bipartite (exact)",randbip_4_3,7,6,3,3,3,3,3,4,3,3,3,3,3,3,3,c1+c2+c3+c4+c5+c7+c8+c10+c11,,0,0,0,c1+c2+c3+c4+c5+c6+c7+c8+c9+c10+c11,True,3,0,2,1.0000,True,0,2,0.001
"Random bipartite (exact)",randbip_7_2,9,2,1,1,1,1,1,1,1,1,1,1,1,1,1,c1+c2+c3+c4+c5+c6+c7+c8+c10+c11,,0,0,0,c1+c2+c3+c4+c5+c6+c7+c8+c9+c10+c11,True,1,0,1,1.0000,True,0,1,0.000
"Random bipartite (exact)",randbip_5_4,9,9,4,4,4,4,4,4,4,4,4,4,4,4,4,c1+c2+c3+c4+c5+c6+c7+c8+c10+c11,,0,0,0,c1+c2+c3+c4+c5+c6+c7+c8+c9+c10+c11,True,4,0,2,1.0000,True,0,2,0.002
"Random bipartite (exact)",randbip_7_5,12,17,5,6,5,5,5,5,5,5,5,5,5,5,5,c1+c3+c4+c5+c6+c7+c8+c10+c11,,0,0,0,c1+c3+c4+c5+c6+c7+c8+c9+c10+c11,True,8,0,3,1.0000,True,0,4,0.004
"Random bipartite (exact)",randbip_5_3,8,5,3,3,3,3,3,3,3,3,3,3,3,3,3,c1+c2+c3+c4+c5+c6+c7+c8+c10+c11,,0,0,0,c1+c2+c3+c4+c5+c6+c7+c8+c9+c10+c11,True,3,0,2,1.0000,True,0,2,0.001
"Random bipartite (exact)",randbip_2_5,7,7,2,2,2,2,2,2,2,2,2,2,2,2,2,c1+c2+c3+c4+c5+c6+c7+c8+c10+c11,,0,0,0,c1+c2+c3+c4+c5+c6+c7+c8+c9+c10+c11,True,2,0,2,1.0000,True,0,2,0.002
"Random bipartite (exact)",randbip_7_5,12,26,5,5,5,5,5,8,5,5,5,5,5,5,5,c1+c2+c3+c4+c5+c7+c8+c10+c11,,0,0,0,c1+c2+c3+c4+c5+c6+c7+c8+c9+c10+c11,True,5,0,5,1.0000,True,0,6,0.025
"Random bipartite (exact)",randbip_3_6,9,7,3,3,3,3,3,3,3,3,3,3,3,3,3,c1+c2+c3+c4+c5+c6+c7+c8+c10+c11,,0,0,0,c1+c2+c3+c4+c5+c6+c7+c8+c9+c10+c11,True,3,0,1,1.0000,True,0,1,0.001
"Random bipartite (exact)",randbip_4_4,8,10,3,3,4,4,3,4,4,4,3,3,3,3,3,c1+c2+c5+c10+c11,,0,0,0,c1+c2+c3+c4+c5+c6+c7+c8+c9+c10+c11,True,4,0,2,1.0000,True,0,3,0.002
"Random bipartite (exact)",randbip_6_2,8,7,2,2,2,2,2,2,2,2,2,2,2,2,2,c1+c2+c3+c4+c5+c6+c7+c8+c10+c11,,0,0,0,c1+c2+c3+c4+c5+c6+c7+c8+c9+c10+c11,True,2,0,2,1.0000,True,0,2,0.001
"Random bipartite (exact)",randbip_2_2,4,2,1,1,1,1,1,1,1,1,1,1,1,1,1,c1+c2+c3+c4+c5+c6+c7+c8+c10+c11,,0,0,0,c1+c2+c3+c4+c5+c6+c7+c8+c9+c10+c11,True,1,0,1,1.0000,True,0,1,0.001
"Random bipartite (exact)",randbip_4_4,8,7,3,3,4,3,3,3,4,3,3,3,3,3,3,c1+c2+c4+c5+c6+c8+c10+c11,,0,0,0,c1+c2+c3+c4+c5+c6+c7+c8+c9+c10+c11,True,4,0,2,1.0000,True,0,2,0.001
"Random bipartite (exact)",randbip_5_4,9,8,3,3,3,3,3,4,3,3,3,3,3,3,3,c1+c2+c3+c4+c5+c7+c8+c10+c11,,0,0,0,c1+c2+c3+c4+c5+c6+c7+c8+c9+c10+c11,True,4,0,2,1.0000,True,0,2,0.002
"Grids, bipartite (exact)",grid_2x2,4,4,2,2,2,2,2,2,2,2,2,2,2,2,2,c1+c2+c3+c4+c5+c6+c7+c8+c10+c11,,0,0,0,c1+c2+c3+c4+c5+c6+c7+c8+c9+c10+c11,True,2,0,2,1.0000,True,0,2,0.001
"Grids, bipartite (exact)",grid_2x3,6,7,3,3,3,3,3,3,3,3,3,3,3,3,3,c1+c2+c3+c4+c5+c6+c7+c8+c10+c11,,0,0,0,c1+c2+c3+c4+c5+c6+c7+c8+c9+c10+c11,True,3,0,2,1.0000,True,0,2,0.001
"Grids, bipartite (exact)",grid_2x4,8,10,4,4,5,4,4,5,4,4,4,4,4,4,4,c1+c2+c4+c5+c7+c8+c10+c11,,0,0,0,c1+c2+c3+c4+c5+c6+c7+c8+c9+c10+c11,True,5,0,2,1.0000,True,0,2,0.002
"Grids, bipartite (exact)",grid_2x5,10,13,5,5,5,5,5,5,5,5,5,5,5,5,5,c1+c2+c3+c4+c5+c6+c7+c8+c10+c11,,0,0,0,c1+c2+c3+c4+c5+c6+c7+c8+c9+c10+c11,True,6,0,2,1.0000,True,0,2,0.003
"Grids, bipartite (exact)",grid_2x6,12,16,6,6,7,6,6,7,6,6,6,6,6,6,6,c1+c2+c4+c5+c7+c8+c10+c11,,0,0,0,c1+c2+c3+c4+c5+c6+c7+c8+c9+c10+c11,True,7,0,2,1.0000,True,0,2,0.003
"Grids, bipartite (exact)",grid_2x7,14,19,7,7,7,7,7,7,7,7,7,7,7,7,7,c1+c2+c3+c4+c5+c6+c7+c8+c10+c11,,0,0,0,c1+c2+c3+c4+c5+c6+c7+c8+c9+c10+c11,True,7,0,2,1.0000,True,0,2,0.005
"Grids, bipartite (exact)",grid_2x8,16,22,8,8,9,8,8,9,8,8,8,8,8,8,8,c1+c2+c4+c5+c7+c8+c10+c11,,0,0,0,c1+c2+c3+c4+c5+c6+c7+c8+c9+c10+c11,True,10,0,2,1.0000,True,0,2,0.004
"Grids, bipartite (exact)",grid_2x9,18,25,9,9,9,9,9,9,9,9,9,9,9,9,9,c1+c2+c3+c4+c5+c6+c7+c8+c10+c11,,0,0,0,c1+c2+c3+c4+c5+c6+c7+c8+c9+c10+c11,True,11,0,2,1.0000,True,0,2,0.005
"Grids, bipartite (exact)",grid_3x2,6,7,3,3,3,3,3,3,3,3,3,3,3,3,3,c1+c2+c3+c4+c5+c6+c7+c8+c10+c11,,0,0,0,c1+c2+c3+c4+c5+c6+c7+c8+c9+c10+c11,True,3,0,2,1.0000,True,0,2,0.001
"Grids, bipartite (exact)",grid_3x3,9,12,4,5,4,4,4,4,4,4,4,4,4,4,4,c1+c3+c4+c5+c6+c7+c8+c10+c11,,0,0,0,c1+c2+c3+c4+c5+c6+c7+c8+c9+c10+c11,True,4,0,3,1.0000,True,0,3,0.003
"Grids, bipartite (exact)",grid_3x4,12,17,6,6,7,6,6,7,6,6,6,6,6,6,6,c1+c2+c4+c5+c7+c8+c10+c11,,0,0,0,c1+c2+c3+c4+c5+c6+c7+c8+c9+c10+c11,True,7,0,3,1.0000,True,0,3,0.005
"Grids, bipartite (exact)",grid_3x5,15,22,7,8,7,7,7,7,7,7,7,7,7,7,7,c1+c3+c4+c5+c6+c7+c8+c10+c11,,0,0,0,c1+c3+c4+c5+c6+c7+c8+c9+c10+c11,True,9,0,3,1.0000,True,0,3,0.006
"Grids, bipartite (exact)",grid_3x6,18,27,9,9,10,9,9,10,9,9,9,9,9,9,9,c1+c2+c4+c5+c7+c8+c10+c11,,0,0,0,c1+c2+c3+c4+c5+c6+c7+c8+c9+c10+c11,True,9,0,3,1.0000,True,0,3,0.009
"Grids, bipartite (exact)",grid_3x7,21,32,10,11,10,10,10,10,10,10,10,10,10,10,10,c1+c3+c4+c5+c6+c7+c8+c10+c11,,0,0,0,c1+c3+c4+c5+c6+c7+c8+c9+c10+c11,True,13,0,3,1.0000,True,0,3,0.008
"Grids, bipartite (exact)",grid_3x8,24,37,12,12,13,12,12,13,12,12,12,12,12,12,12,c1+c2+c4+c5+c7+c8+c10+c11,,0,0,0,c1+c2+c3+c4+c5+c6+c7+c8+c9+c10+c11,True,15,0,3,1.0000,True,0,3,0.012
"Grids, bipartite (exact)",grid_3x9,27,42,13,14,13,13,13,13,13,13,13,13,13,13,13,c1+c3+c4+c5+c6+c7+c8+c10+c11,,0,0,0,c1+c3+c4+c5+c6+c7+c8+c9+c10+c11,True,13,0,3,1.0000,True,0,3,0.011
"Grids, bipartite (exact)",grid_4x2,8,10,4,4,5,4,4,5,4,4,4,4,4,4,4,c1+c2+c4+c5+c7+c8+c10+c11,,0,0,0,c1+c2+c3+c4+c5+c6+c7+c8+c9+c10+c11,True,4,0,2,1.0000,True,0,2,0.002
"Grids, bipartite (exact)",grid_4x3,12,17,6,6,7,6,6,7,6,6,6,6,6,6,6,c1+c2+c4+c5+c7+c8+c10+c11,,0,0,0,c1+c2+c3+c4+c5+c6+c7+c8+c9+c10+c11,True,6,0,3,1.0000,True,0,3,0.004
"Grids, bipartite (exact)",grid_4x4,16,24,8,8,10,10,8,10,8,10,8,8,8,8,8,c1+c2+c5+c7+c10+c11,,0,0,0,c1+c2+c5+c7+c9+c10+c11,True,10,0,4,1.0000,True,0,4,0.011
"Grids, bipartite (exact)",grid_4x5,20,31,10,10,12,10,10,12,10,10,10,10,10,10,10,c1+c2+c4+c5+c7+c8+c10+c11,,0,0,0,c1+c2+c4+c5+c7+c8+c9+c10+c11,True,12,0,4,1.0000,True,0,4,0.013
"Grids, bipartite (exact)",grid_4x6,24,38,12,12,15,15,12,14,12,14,12,12,12,12,12,c1+c2+c5+c7+c10+c11,,0,0,0,c1+c2+c5+c7+c9+c10+c11,True,13,0,5,1.0000,True,0,4,0.023
"Grids, bipartite (exact)",grid_4x7,28,45,14,14,17,16,14,16,14,16,14,14,14,14,14,c1+c2+c5+c7+c10+c11,,0,0,0,c1+c2+c5+c7+c9+c10+c11,True,15,0,5,1.0000,True,0,4,0.042
"Grids, bipartite (exact)",grid_4x8,32,52,16,16,20,20,16,18,16,18,16,16,16,16,16,c1+c2+c5+c7+c10+c11,,0,0,0,c1+c2+c5+c7+c9+c10+c11,True,19,0,4,1.0000,True,0,5,0.022
"Grids, bipartite (exact)",grid_4x9,36,59,18,18,22,20,18,20,18,20,18,18,18,18,18,c1+c2+c5+c7+c10+c11,,0,0,0,c1+c2+c5+c7+c9+c10+c11,True,21,0,4,1.0000,True,0,4,0.023
"Grids, bipartite (exact)",grid_5x2,10,13,5,5,5,5,5,5,5,5,5,5,5,5,5,c1+c2+c3+c4+c5+c6+c7+c8+c10+c11,,0,0,0,c1+c2+c3+c4+c5+c6+c7+c8+c9+c10+c11,True,5,0,2,1.0000,True,0,2,0.003
"Grids, bipartite (exact)",grid_5x3,15,22,7,8,7,7,7,7,7,7,7,7,7,7,7,c1+c3+c4+c5+c6+c7+c8+c10+c11,,0,0,0,c1+c3+c4+c5+c6+c7+c8+c9+c10+c11,True,11,0,3,1.0000,True,0,3,0.005
"Grids, bipartite (exact)",grid_5x4,20,31,10,10,12,11,10,12,10,11,10,10,10,10,10,c1+c2+c5+c7+c10+c11,,0,0,0,c1+c2+c4+c5+c7+c8+c9+c10+c11,True,13,0,4,1.0000,True,0,4,0.014
"Grids, bipartite (exact)",grid_5x5,25,40,12,13,12,12,12,12,12,12,12,12,12,12,12,c1+c3+c4+c5+c6+c7+c8+c10+c11,,0,0,0,c1+c3+c4+c5+c6+c7+c8+c9+c10+c11,True,16,0,5,1.0000,True,0,5,0.027
"Grids, bipartite (exact)",grid_5x6,30,49,15,15,17,16,15,17,15,16,15,15,15,15,15,c1+c2+c5+c7+c10+c11,,0,0,0,c1+c2+c4+c5+c7+c8+c9+c10+c11,True,16,0,6,1.0000,True,0,5,0.053
"Grids, bipartite (exact)",grid_5x7,35,58,17,18,17,17,17,17,17,17,17,17,17,17,17,c1+c3+c4+c5+c6+c7+c8+c10+c11,,0,0,0,c1+c3+c4+c5+c6+c7+c8+c9+c10+c11,True,22,0,6,1.0000,True,0,5,0.065
"Grids, bipartite (exact)",grid_5x8,40,67,20,20,22,21,20,22,20,21,20,20,20,20,20,c1+c2+c5+c7+c10+c11,,0,0,0,c1+c2+c4+c5+c7+c8+c9+c10+c11,False,23,8,6,1.0000,True,0,6,0.017
"Grids, bipartite (exact)",grid_5x9,45,76,22,23,22,22,22,22,22,22,22,22,22,22,22,c1+c3+c4+c5+c6+c7+c8+c10+c11,,0,0,0,c1+c3+c4+c5+c6+c7+c8+c9+c10+c11,True,28,0,5,1.0000,True,0,6,0.061
"Grids, bipartite (exact)",grid_6x2,12,16,6,6,7,6,6,7,6,6,6,6,6,6,6,c1+c2+c4+c5+c7+c8+c10+c11,,0,0,0,c1+c2+c3+c4+c5+c6+c7+c8+c9+c10+c11,True,7,0,2,1.0000,True,0,2,0.004
"Grids, bipartite (exact)",grid_6x3,18,27,9,9,10,9,9,10,9,9,9,9,9,9,9,c1+c2+c4+c5+c7+c8+c10+c11,,0,0,0,c1+c2+c3+c4+c5+c6+c7+c8+c9+c10+c11,True,10,0,3,1.0000,True,0,3,0.006
"Grids, bipartite (exact)",grid_6x4,24,38,12,12,15,15,12,14,12,14,12,12,12,12,12,c1+c2+c5+c7+c10+c11,,0,0,0,c1+c2+c5+c7+c9+c10+c11,True,14,0,4,1.0000,True,0,4,0.019
"Grids, bipartite (exact)",grid_6x5,30,49,15,15,17,15,15,17,15,15,15,15,15,15,15,c1+c2+c4+c5+c7+c8+c10+c11,,0,0,0,c1+c2+c4+c5+c7+c8+c9+c10+c11,True,18,0,6,1.0000,True,0,6,0.051
"Grids, bipartite (exact)",grid_6x6,36,60,18,18,22,22,18,20,18,20,18,18,18,18,18,c1+c2+c5+c7+c10+c11,,0,0,0,c1+c2+c5+c7+c9+c10+c11,True,21,0,6,1.0000,True,0,6,0.058
"Grids, bipartite (exact)",grid_6x7,42,71,21,21,24,23,21,23,21,23,21,21,21,21,21,c1+c2+c5+c7+c10+c11,,0,0,0,c1+c2+c5+c7+c9+c10+c11,False,24,10,6,1.0000,True,0,7,0.014
"Grids, bipartite (exact)",grid_6x8,48,82,24,24,29,29,24,26,24,26,24,24,24,24,24,c1+c2+c5+c7+c10+c11,,0,0,0,c1+c2+c5+c7+c9+c10+c11,False,28,12,6,1.0000,True,0,7,0.017
"Grids, bipartite (exact)",grid_6x9,54,93,27,27,31,29,27,29,27,29,27,27,27,27,27,c1+c2+c5+c7+c10+c11,,0,0,0,c1+c2+c5+c7+c9+c10+c11,False,27,8,6,1.0000,True,0,7,0.024
"Grids, bipartite (exact)",grid_7x2,14,19,7,7,7,7,7,7,7,7,7,7,7,7,7,c1+c2+c3+c4+c5+c6+c7+c8+c10+c11,,0,0,0,c1+c2+c3+c4+c5+c6+c7+c8+c9+c10+c11,True,8,0,2,1.0000,True,0,2,0.005
"Grids, bipartite (exact)",grid_7x3,21,32,10,11,10,10,10,10,10,10,10,10,10,10,10,c1+c3+c4+c5+c6+c7+c8+c10+c11,,0,0,0,c1+c3+c4+c5+c6+c7+c8+c9+c10+c11,True,13,0,3,1.0000,True,0,3,0.008
"Grids, bipartite (exact)",grid_7x4,28,45,14,14,17,16,14,16,14,16,14,14,14,14,14,c1+c2+c5+c7+c10+c11,,0,0,0,c1+c2+c5+c7+c9+c10+c11,True,18,0,4,1.0000,True,0,4,0.037
"Grids, bipartite (exact)",grid_7x5,35,58,17,18,17,17,17,17,17,17,17,17,17,17,17,c1+c3+c4+c5+c6+c7+c8+c10+c11,,0,0,0,c1+c3+c4+c5+c6+c7+c8+c9+c10+c11,True,20,0,6,1.0000,True,0,7,0.060
"Grids, bipartite (exact)",grid_7x6,42,71,21,21,24,23,21,23,21,23,21,21,21,21,21,c1+c2+c5+c7+c10+c11,,0,0,0,c1+c2+c5+c7+c9+c10+c11,True,25,0,6,1.0000,True,0,7,0.064
"Grids, bipartite (exact)",grid_7x7,49,84,24,25,24,24,24,24,24,24,24,24,24,24,24,c1+c3+c4+c5+c6+c7+c8+c10+c11,,0,0,0,c1+c3+c4+c5+c6+c7+c8+c9+c10+c11,False,28,12,6,1.0000,True,0,8,0.018
"Grids, bipartite (exact)",grid_7x8,56,97,28,28,31,30,28,30,28,30,28,28,28,28,28,c1+c2+c5+c7+c10+c11,,0,0,0,c1+c2+c5+c7+c9+c10+c11,False,32,14,6,1.0000,True,0,8,0.025
"Grids, bipartite (exact)",grid_7x9,63,110,31,32,31,31,31,31,31,31,31,31,31,31,31,c1+c3+c4+c5+c6+c7+c8+c10+c11,,0,0,0,c1+c3+c4+c5+c6+c7+c8+c9+c10+c11,False,34,14,6,1.0000,True,0,9,0.025
"Grids, bipartite (exact)",grid_8x2,16,22,8,8,9,8,8,9,8,8,8,8,8,8,8,c1+c2+c4+c5+c7+c8+c10+c11,,0,0,0,c1+c2+c3+c4+c5+c6+c7+c8+c9+c10+c11,True,8,0,2,1.0000,True,0,2,0.005
"Grids, bipartite (exact)",grid_8x3,24,37,12,12,13,12,12,13,12,12,12,12,12,12,12,c1+c2+c4+c5+c7+c8+c10+c11,,0,0,0,c1+c2+c3+c4+c5+c6+c7+c8+c9+c10+c11,True,15,0,3,1.0000,True,0,3,0.010
"Grids, bipartite (exact)",grid_8x4,32,52,16,16,20,20,16,18,16,18,16,16,16,16,16,c1+c2+c5+c7+c10+c11,,0,0,0,c1+c2+c5+c7+c9+c10+c11,True,19,0,4,1.0000,True,0,5,0.037
"Grids, bipartite (exact)",grid_8x5,40,67,20,20,22,20,20,22,20,20,20,20,20,20,20,c1+c2+c4+c5+c7+c8+c10+c11,,0,0,0,c1+c2+c4+c5+c7+c8+c9+c10+c11,True,21,0,6,1.0000,True,0,6,0.081
"Grids, bipartite (exact)",grid_8x6,48,82,24,24,29,29,24,26,24,26,24,24,24,24,24,c1+c2+c5+c7+c10+c11,,0,0,0,c1+c2+c5+c7+c9+c10+c11,True,28,0,6,1.0000,True,0,7,0.095
"Grids, bipartite (exact)",grid_8x7,56,97,28,28,31,30,28,30,28,30,28,28,28,28,28,c1+c2+c5+c7+c10+c11,,0,0,0,c1+c2+c5+c7+c9+c10+c11,False,33,19,6,1.0000,True,0,8,0.020
"Grids, bipartite (exact)",grid_8x8,64,112,32,32,38,38,32,34,32,34,32,32,32,32,32,c1+c2+c5+c7+c10+c11,,0,0,0,c1+c2+c5+c7+c9+c10+c11,False,37,22,6,1.0000,True,0,9,0.026
"Grids, bipartite (exact)",grid_8x9,72,127,36,36,40,38,36,38,36,38,36,36,36,36,36,c1+c2+c5+c7+c10+c11,,0,0,0,c1+c2+c5+c7+c9+c10+c11,False,40,16,6,1.0000,True,0,10,0.053
"Grids, bipartite (exact)",grid_9x2,18,25,9,9,9,9,9,9,9,9,9,9,9,9,9,c1+c2+c3+c4+c5+c6+c7+c8+c10+c11,,0,0,0,c1+c2+c3+c4+c5+c6+c7+c8+c9+c10+c11,True,10,0,2,1.0000,True,0,2,0.005
"Grids, bipartite (exact)",grid_9x3,27,42,13,14,13,13,13,13,13,13,13,13,13,13,13,c1+c3+c4+c5+c6+c7+c8+c10+c11,,0,0,0,c1+c3+c4+c5+c6+c7+c8+c9+c10+c11,True,16,0,3,1.0000,True,0,3,0.012
"Grids, bipartite (exact)",grid_9x4,36,59,18,18,22,21,18,20,18,20,18,18,18,18,18,c1+c2+c5+c7+c10+c11,,0,0,0,c1+c2+c5+c7+c9+c10+c11,True,21,0,4,1.0000,True,0,4,0.030
"Grids, bipartite (exact)",grid_9x5,45,76,22,23,22,22,22,22,22,22,22,22,22,22,22,c1+c3+c4+c5+c6+c7+c8+c10+c11,,0,0,0,c1+c3+c4+c5+c6+c7+c8+c9+c10+c11,False,22,45,6,1.0000,True,0,6,0.095
"Grids, bipartite (exact)",grid_9x6,54,93,27,27,31,30,27,29,27,29,27,27,27,27,27,c1+c2+c5+c7+c10+c11,,0,0,0,c1+c2+c5+c7+c9+c10+c11,False,27,54,6,1.0000,True,0,7,0.119
"Grids, bipartite (exact)",grid_9x7,63,110,31,32,31,31,31,31,31,31,31,31,31,31,31,c1+c3+c4+c5+c6+c7+c8+c10+c11,,0,0,0,c1+c3+c4+c5+c6+c7+c8+c9+c10+c11,False,34,21,6,1.0000,True,0,9,0.036
"Grids, bipartite (exact)",grid_9x8,72,127,36,36,40,39,36,38,36,38,36,36,36,36,36,c1+c2+c5+c7+c10+c11,,0,0,0,c1+c2+c5+c7+c9+c10+c11,False,38,22,6,1.0000,True,0,10,0.041
"Grids, bipartite (exact)",grid_9x9,81,144,40,41,40,40,40,40,40,40,40,40,40,40,40,c1+c3+c4+c5+c6+c7+c8+c10+c11,,0,0,0,c1+c3+c4+c5+c6+c7+c8+c9+c10+c11,False,45,21,6,1.0000,False,16,10,0.023
"Graph atlas n<=7",atlas_3,2,1,1,1,1,1,1,1,1,1,1,1,1,1,1,c1+c2+c3+c4+c5+c6+c7+c8+c10+c11,,0,0,0,c1+c2+c3+c4+c5+c6+c7+c8+c9+c10+c11,True,1,0,1,1.0000,True,0,1,0.000
"Graph atlas n<=7",atlas_5,3,1,1,1,1,1,1,1,1,1,1,1,1,1,1,c1+c2+c3+c4+c5+c6+c7+c8+c10+c11,,0,0,0,c1+c2+c3+c4+c5+c6+c7+c8+c9+c10+c11,True,1,0,1,1.0000,True,0,1,0.001
"Graph atlas n<=7",atlas_6,3,2,1,1,1,1,1,1,1,1,1,1,1,1,1,c1+c2+c3+c4+c5+c6+c7+c8+c10+c11,,0,0,0,c1+c2+c3+c4+c5+c6+c7+c8+c9+c10+c11,True,1,0,1,1.0000,True,0,1,0.001
"Graph atlas n<=7",atlas_7,3,3,2,2,2,2,2,2,2,2,2,2,2,2,2,c1+c2+c3+c4+c5+c6+c7+c8+c10+c11,,0,0,0,c1+c2+c3+c4+c5+c6+c7+c8+c9+c10+c11,False,2,0,0,0.0000,True,0,2,0.001
"Graph atlas n<=7",atlas_9,4,1,1,1,1,1,1,1,1,1,1,1,1,1,1,c1+c2+c3+c4+c5+c6+c7+c8+c10+c11,,0,0,0,c1+c2+c3+c4+c5+c6+c7+c8+c9+c10+c11,True,1,0,1,1.0000,True,0,1,0.000
"Graph atlas n<=7",atlas_10,4,2,1,1,1,1,1,1,1,1,1,1,1,1,1,c1+c2+c3+c4+c5+c6+c7+c8+c10+c11,,0,0,0,c1+c2+c3+c4+c5+c6+c7+c8+c9+c10+c11,True,1,0,1,1.0000,True,0,1,0.000
"Graph atlas n<=7",atlas_11,4,2,2,2,2,2,2,2,2,2,2,2,2,2,2,c1+c2+c3+c4+c5+c6+c7+c8+c10+c11,,0,0,0,c1+c2+c3+c4+c5+c6+c7+c8+c9+c10+c11,True,2,0,1,1.0000,True,0,1,0.001
"Graph atlas n<=7",atlas_12,4,3,2,2,2,2,2,2,2,2,2,2,2,2,2,c1+c2+c3+c4+c5+c6+c7+c8+c10+c11,,0,0,0,c1+c2+c3+c4+c5+c6+c7+c8+c9+c10+c11,False,2,0,0,0.0000,True,0,2,0.000
"Graph atlas n<=7",atlas_13,4,3,1,1,1,1,1,1,1,1,1,1,1,1,1,c1+c2+c3+c4+c5+c6+c7+c8+c10+c11,,0,0,0,c1+c2+c3+c4+c5+c6+c7+c8+c9+c10+c11,True,1,0,1,1.0000,True,0,1,0.001
"Graph atlas n<=7",atlas_14,4,3,2,2,2,2,2,2,2,2,2,2,2,2,2,c1+c2+c3+c4+c5+c6+c7+c8+c10+c11,,0,0,0,c1+c2+c3+c4+c5+c6+c7+c8+c9+c10+c11,True,2,0,1,1.0000,True,0,1,0.001
"Graph atlas n<=7",atlas_15,4,4,2,2,2,2,2,2,2,2,2,2,2,2,2,c1+c2+c3+c4+c5+c6+c7+c8+c10+c11,,0,0,0,c1+c2+c3+c4+c5+c6+c7+c8+c9+c10+c11,False,2,0,0,0.0000,True,0,2,0.000
"Graph atlas n<=7",atlas_16,4,4,2,2,2,2,2,2,2,2,2,2,2,2,2,c1+c2+c3+c4+c5+c6+c7+c8+c10+c11,,0,0,0,c1+c2+c3+c4+c5+c6+c7+c8+c9+c10+c11,True,2,0,2,1.0000,True,0,2,0.001
"Graph atlas n<=7",atlas_17,4,5,3,2,2,2,3,2,3,2,2,2,2,2,2,c2+c3+c4+c6+c8+c10+c11,,0,0,0,c1+c2+c3+c4+c5+c6+c7+c8+c9+c10+c11,False,2,0,0,0.0000,True,0,2,0.000
"Graph atlas n<=7",atlas_18,4,6,3,3,3,3,3,3,3,3,3,3,3,3,3,c1+c2+c3+c4+c5+c6+c7+c8+c10+c11,,0,0,0,c1+c2+c3+c4+c5+c6+c7+c8+c9+c10+c11,False,3,0,0,0.0000,True,0,3,0.000
"Graph atlas n<=7",atlas_20,5,1,1,1,1,1,1,1,1,1,1,1,1,1,1,c1+c2+c3+c4+c5+c6+c7+c8+c10+c11,,0,0,0,c1+c2+c3+c4+c5+c6+c7+c8+c9+c10+c11,True,1,0,1,1.0000,True,0,1,0.000
"Graph atlas n<=7",atlas_21,5,2,1,1,1,1,1,1,1,1,1,1,1,1,1,c1+c2+c3+c4+c5+c6+c7+c8+c10+c11,,0,0,0,c1+c2+c3+c4+c5+c6+c7+c8+c9+c10+c11,True,1,0,1,1.0000,True,0,1,0.000
"Graph atlas n<=7",atlas_22,5,2,2,2,2,2,2,2,2,2,2,2,2,2,2,c1+c2+c3+c4+c5+c6+c7+c8+c10+c11,,0,0,0,c1+c2+c3+c4+c5+c6+c7+c8+c9+c10+c11,True,2,0,1,1.0000,True,0,1,0.001
"Graph atlas n<=7",atlas_23,5,3,2,2,2,2,2,2,2,2,2,2,2,2,2,c1+c2+c3+c4+c5+c6+c7+c8+c10+c11,,0,0,0,c1+c2+c3+c4+c5+c6+c7+c8+c9+c10+c11,False,2,0,0,0.0000,True,0,2,0.000
"Graph atlas n<=7",atlas_24,5,3,1,1,1,1,1,1,1,1,1,1,1,1,1,c1+c2+c3+c4+c5+c6+c7+c8+c10+c11,,0,0,0,c1+c2+c3+c4+c5+c6+c7+c8+c9+c10+c11,True,1,0,1,1.0000,True,0,1,0.001
"Graph atlas n<=7",atlas_25,5,3,2,2,2,2,2,2,2,2,2,2,2,2,2,c1+c2+c3+c4+c5+c6+c7+c8+c10+c11,,0,0,0,c1+c2+c3+c4+c5+c6+c7+c8+c9+c10+c11,True,2,0,1,1.0000,True,0,1,0.001
"Graph atlas n<=7",atlas_26,5,3,2,2,2,2,2,2,2,2,2,2,2,2,2,c1+c2+c3+c4+c5+c6+c7+c8+c10+c11,,0,0,0,c1+c2+c3+c4+c5+c6+c7+c8+c9+c10+c11,True,2,0,1,1.0000,True,0,1,0.001
"Graph atlas n<=7",atlas_27,5,4,2,2,2,2,2,2,2,2,2,2,2,2,2,c1+c2+c3+c4+c5+c6+c7+c8+c10+c11,,0,0,0,c1+c2+c3+c4+c5+c6+c7+c8+c9+c10+c11,False,2,0,0,0.0000,True,0,2,0.000
"Graph atlas n<=7",atlas_28,5,4,2,2,2,2,2,2,2,2,2,2,2,2,2,c1+c2+c3+c4+c5+c6+c7+c8+c10+c11,,0,0,0,c1+c2+c3+c4+c5+c6+c7+c8+c9+c10+c11,True,2,0,2,1.0000,True,0,2,0.001
"Graph atlas n<=7",atlas_29,5,4,1,1,1,1,1,1,1,1,1,1,1,1,1,c1+c2+c3+c4+c5+c6+c7+c8+c10+c11,,0,0,0,c1+c2+c3+c4+c5+c6+c7+c8+c9+c10+c11,True,1,0,1,1.0000,True,0,1,0.001
"Graph atlas n<=7",atlas_30,5,4,2,2,2,2,2,2,2,2,2,2,2,2,2,c1+c2+c3+c4+c5+c6+c7+c8+c10+c11,,0,0,0,c1+c2+c3+c4+c5+c6+c7+c8+c9+c10+c11,True,2,0,1,1.0000,True,0,1,0.001
"Graph atlas n<=7",atlas_31,5,4,2,2,2,2,2,2,2,2,2,2,2,2,2,c1+c2+c3+c4+c5+c6+c7+c8+c10+c11,,0,0,0,c1+c2+c3+c4+c5+c6+c7+c8+c9+c10+c11,True,3,0,1,1.0000,True,0,1,0.001
"Graph atlas n<=7",atlas_32,5,4,3,3,3,3,3,3,3,3,3,3,3,3,3,c1+c2+c3+c4+c5+c6+c7+c8+c10+c11,,0,0,0,c1+c2+c3+c4+c5+c6+c7+c8+c9+c10+c11,False,3,0,1,0.4000,True,0,2,0.001
"Graph atlas n<=7",atlas_33,5,5,3,2,2,2,3,2,3,2,2,2,2,2,2,c2+c3+c4+c6+c8+c10+c11,,0,0,0,c1+c2+c3+c4+c5+c6+c7+c8+c9+c10+c11,False,2,0,0,0.0000,True,0,2,0.001
"Graph atlas n<=7",atlas_34,5,5,2,2,2,2,2,2,2,2,2,2,2,2,2,c1+c2+c3+c4+c5+c6+c7+c8+c10+c11,,0,0,0,c1+c2+c3+c4+c5+c6+c7+c8+c9+c10+c11,False,2,0,0,0.0000,True,0,2,0.001
"Graph atlas n<=7",atlas_35,5,5,2,2,2,2,2,2,2,2,2,2,2,2,2,c1+c2+c3+c4+c5+c6+c7+c8+c10+c11,,0,0,0,c1+c2+c3+c4+c5+c6+c7+c8+c9+c10+c11,False,2,0,0,0.0000,True,0,2,0.000
"Graph atlas n<=7",atlas_36,5,5,3,3,3,3,3,3,3,3,3,3,3,3,3,c1+c2+c3+c4+c5+c6+c7+c8+c10+c11,,0,0,0,c1+c2+c3+c4+c5+c6+c7+c8+c9+c10+c11,False,3,0,0,0.0000,True,0,2,0.001
"Graph atlas n<=7",atlas_37,5,5,2,2,3,2,2,2,3,2,2,2,2,2,2,c1+c2+c4+c5+c6+c8+c10+c11,,0,0,0,c1+c2+c3+c4+c5+c6+c7+c8+c9+c10+c11,True,2,0,2,1.0000,True,0,2,0.002
"Graph atlas n<=7",atlas_38,5,5,3,3,3,3,3,3,3,3,3,3,3,3,3,c1+c2+c3+c4+c5+c6+c7+c8+c10+c11,,0,0,0,c1+c2+c3+c4+c5+c6+c7+c8+c9+c10+c11,False,3,0,0,0.0000,True,0,2,0.001
"Graph atlas n<=7",atlas_39,5,6,3,3,3,3,3,3,3,3,3,3,3,3,3,c1+c2+c3+c4+c5+c6+c7+c8+c10+c11,,0,0,0,c1+c2+c3+c4+c5+c6+c7+c8+c9+c10+c11,False,3,0,0,0.0000,True,0,3,0.001
"Graph atlas n<=7",atlas_40,5,6,2,2,2,2,2,2,2,2,2,2,2,2,2,c1+c2+c3+c4+c5+c6+c7+c8+c10+c11,,0,0,0,c1+c2+c3+c4+c5+c6+c7+c8+c9+c10+c11,False,2,0,0,0.0000,True,0,2,0.001
"Graph atlas n<=7",atlas_41,5,6,3,3,3,3,3,3,3,3,3,3,3,3,3,c1+c2+c3+c4+c5+c6+c7+c8+c10+c11,,0,0,0,c1+c2+c3+c4+c5+c6+c7+c8+c9+c10+c11,False,3,0,0,0.0000,True,0,2,0.001
"Graph atlas n<=7",atlas_42,5,6,4,3,3,3,4,3,3,3,3,3,3,3,3,c2+c3+c4+c6+c7+c8+c10+c11,,0,0,0,c1+c2+c3+c4+c5+c6+c7+c8+c9+c10+c11,False,3,0,0,0.0000,True,0,2,0.001
"Graph atlas n<=7",atlas_43,5,6,3,3,3,3,3,3,3,3,3,3,3,3,3,c1+c2+c3+c4+c5+c6+c7+c8+c10+c11,,0,0,0,c1+c2+c3+c4+c5+c6+c7+c8+c9+c10+c11,False,3,0,0,0.0000,True,0,2,0.001
"Graph atlas n<=7",atlas_44,5,6,2,2,2,2,2,2,2,2,2,2,2,2,2,c1+c2+c3+c4+c5+c6+c7+c8+c10+c11,,0,0,0,c1+c2+c3+c4+c5+c6+c7+c8+c9+c10+c11,True,2,0,2,1.0000,True,0,2,0.001
"Graph atlas n<=7",atlas_45,5,7,3,3,3,3,3,3,3,3,3,3,3,3,3,c1+c2+c3+c4+c5+c6+c7+c8+c10+c11,,0,0,0,c1+c2+c3+c4+c5+c6+c7+c8+c9+c10+c11,False,3,0,0,0.0000,True,0,3,0.001
"Graph atlas n<=7",atlas_46,5,7,2,2,2,2,2,2,2,2,2,2,2,2,2,c1+c2+c3+c4+c5+c6+c7+c8+c10+c11,,0,0,0,c1+c2+c3+c4+c5+c6+c7+c8+c9+c10+c11,False,2,0,0,0.0000,True,0,2,0.001
"Graph atlas n<=7",atlas_47,5,7,3,3,3,3,3,3,3,3,3,3,3,3,3,c1+c2+c3+c4+c5+c6+c7+c8+c10+c11,,0,0,0,c1+c2+c3+c4+c5+c6+c7+c8+c9+c10+c11,False,3,0,0,0.0000,True,0,2,0.001
"Graph atlas n<=7",atlas_48,5,7,3,3,3,3,3,3,3,3,3,3,3,3,3,c1+c2+c3+c4+c5+c6+c7+c8+c10+c11,,0,0,0,c1+c2+c3+c4+c5+c6+c7+c8+c9+c10+c11,False,3,0,0,0.0000,True,0,3,0.001
"Graph atlas n<=7",atlas_49,5,8,4,3,3,3,4,3,3,3,3,3,3,3,3,c2+c3+c4+c6+c7+c8+c10+c11,,0,0,0,c1+c2+c3+c4+c5+c6+c7+c8+c9+c10+c11,False,3,0,0,0.0000,True,0,3,0.001
"Graph atlas n<=7",atlas_50,5,8,4,3,3,3,4,3,3,3,3,3,3,3,3,c2+c3+c4+c6+c7+c8+c10+c11,,0,0,0,c1+c2+c3+c4+c5+c6+c7+c8+c9+c10+c11,False,3,0,0,0.0000,True,0,3,0.001
"Graph atlas n<=7",atlas_51,5,9,4,3,3,3,4,3,3,3,3,3,3,3,3,c2+c3+c4+c6+c7+c8+c10+c11,,0,0,0,c1+c2+c3+c4+c5+c6+c7+c8+c9+c10+c11,False,3,0,0,0.0000,True,0,3,0.001
"Graph atlas n<=7",atlas_52,5,10,4,4,4,4,4,4,4,4,4,4,4,4,4,c1+c2+c3+c4+c5+c6+c7+c8+c10+c11,,0,0,0,c1+c2+c3+c4+c5+c6+c7+c8+c9+c10+c11,False,4,0,0,0.0000,True,0,4,0.001
"Graph atlas n<=7",atlas_54,6,1,1,1,1,1,1,1,1,1,1,1,1,1,1,c1+c2+c3+c4+c5+c6+c7+c8+c10+c11,,0,0,0,c1+c2+c3+c4+c5+c6+c7+c8+c9+c10+c11,True,1,0,1,1.0000,True,0,1,0.000
"Graph atlas n<=7",atlas_55,6,2,2,2,2,2,2,2,2,2,2,2,2,2,2,c1+c2+c3+c4+c5+c6+c7+c8+c10+c11,,0,0,0,c1+c2+c3+c4+c5+c6+c7+c8+c9+c10+c11,True,2,0,1,1.0000,True,0,1,0.001
"Graph atlas n<=7",atlas_56,6,2,1,1,1,1,1,1,1,1,1,1,1,1,1,c1+c2+c3+c4+c5+c6+c7+c8+c10+c11,,0,0,0,c1+c2+c3+c4+c5+c6+c7+c8+c9+c10+c11,True,1,0,1,1.0000,True,0,1,0.000
"Graph atlas n<=7",atlas_57,6,3,2,2,2,2,2,2,2,2,2,2,2,2,2,c1+c2+c3+c4+c5+c6+c7+c8+c10+c11,,0,0,0,c1+c2+c3+c4+c5+c6+c7+c8+c9+c10+c11,False,2,0,0,0.0000,True,0,2,0.000
"Graph atlas n<=7",atlas_58,6,3,1,1,1,1,1,1,1,1,1,1,1,1,1,c1+c2+c3+c4+c5+c6+c7+c8+c10+c11,,0,0,0,c1+c2+c3+c4+c5+c6+c7+c8+c9+c10+c11,True,1,0,1,1.0000,True,0,1,0.001
"Graph atlas n<=7",atlas_59,6,3,2,2,2,2,2,2,2,2,2,2,2,2,2,c1+c2+c3+c4+c5+c6+c7+c8+c10+c11,,0,0,0,c1+c2+c3+c4+c5+c6+c7+c8+c9+c10+c11,True,2,0,1,1.0000,True,0,1,0.001
"Graph atlas n<=7",atlas_60,6,3,2,2,2,2,2,2,2,2,2,2,2,2,2,c1+c2+c3+c4+c5+c6+c7+c8+c10+c11,,0,0,0,c1+c2+c3+c4+c5+c6+c7+c8+c9+c10+c11,True,2,0,1,1.0000,True,0,1,0.001
"Graph atlas n<=7",atlas_61,6,3,3,3,3,3,3,3,3,3,3,3,3,3,3,c1+c2+c3+c4+c5+c6+c7+c8+c10+c11,,0,0,0,c1+c2+c3+c4+c5+c6+c7+c8+c9+c10+c11,True,3,0,1,1.0000,True,0,1,0.001
"Graph atlas n<=7",atlas_62,6,4,3,2,2,2,3,2,3,2,2,2,2,2,2,c2+c3+c4+c6+c8+c10+c11,,0,0,0,c1+c2+c3+c4+c5+c6+c7+c8+c9+c10+c11,False,2,0,0,0.0000,True,0,2,0.000
"Graph atlas n<=7",atlas_63,6,4,2,2,2,2,2,2,2,2,2,2,2,2,2,c1+c2+c3+c4+c5+c6+c7+c8+c10+c11,,0,0,0,c1+c2+c3+c4+c5+c6+c7+c8+c9+c10+c11,True,2,0,2,1.0000,True,0,2,0.001
"Graph atlas n<=7",atlas_64,6,4,1,1,1,1,1,1,1,1,1,1,1,1,1,c1+c2+c3+c4+c5+c6+c7+c8+c10+c11,,0,0,0,c1+c2+c3+c4+c5+c6+c7+c8+c9+c10+c11,True,1,0,1,1.0000,True,0,1,0.001
"Graph atlas n<=7",atlas_65,6,4,2,2,2,2,2,2,2,2,2,2,2,2,2,c1+c2+c3+c4+c5+c6+c7+c8+c10+c11,,0,0,0,c1+c2+c3+c4+c5+c6+c7+c8+c9+c10+c11,True,2,0,1,1.0000,True,0,1,0.001
"Graph atlas n<=7",atlas_66,6,4,2,3,2,2,2,2,2,2,2,2,2,2,2,c1+c3+c4+c5+c6+c7+c8+c10+c11,,0,0,0,c1+c2+c3+c4+c5+c6+c7+c8+c9+c10+c11,True,3,0,1,1.0000,True,0,1,0.001
"Graph atlas n<=7",atlas_67,6,4,3,3,3,3,3,3,3,3,3,3,3,3,3,c1+c2+c3+c4+c5+c6+c7+c8+c10+c11,,0,0,0,c1+c2+c3+c4+c5+c6+c7+c8+c9+c10+c11,False,3,0,1,0.4000,True,0,2,0.001
"Graph atlas n<=7",atlas_68,6,4,2,2,2,2,2,2,2,2,2,2,2,2,2,c1+c2+c3+c4+c5+c6+c7+c8+c10+c11,,0,0,0,c1+c2+c3+c4+c5+c6+c7+c8+c9+c10+c11,True,2,0,1,1.0000,True,0,1,0.001
"Graph atlas n<=7",atlas_69,6,4,3,3,3,3,3,3,3,3,3,3,3,3,3,c1+c2+c3+c4+c5+c6+c7+c8+c10+c11,,0,0,0,c1+c2+c3+c4+c5+c6+c7+c8+c9+c10+c11,True,3,0,1,1.0000,True,0,1,0.001
"Graph atlas n<=7",atlas_70,6,4,2,2,2,2,2,2,2,2,2,2,2,2,2,c1+c2+c3+c4+c5+c6+c7+c8+c10+c11,,0,0,0,c1+c2+c3+c4+c5+c6+c7+c8+c9+c10+c11,True,2,0,1,1.0000,True,0,1,0.001
"Graph atlas n<=7",atlas_71,6,5,3,2,2,2,3,2,3,2,2,2,2,2,2,c2+c3+c4+c6+c8+c10+c11,,0,0,0,c1+c2+c3+c4+c5+c6+c7+c8+c9+c10+c11,False,2,0,0,0.0000,True,0,2,0.001
"Graph atlas n<=7",atlas_72,6,5,2,2,2,2,2,2,2,2,2,2,2,2,2,c1+c2+c3+c4+c5+c6+c7+c8+c10+c11,,0,0,0,c1+c2+c3+c4+c5+c6+c7+c8+c9+c10+c11,False,2,0,0,0.0000,True,0,2,0.001
"Graph atlas n<=7",atlas_73,6,5,2,2,2,2,2,2,2,2,2,2,2,2,2,c1+c2+c3+c4+c5+c6+c7+c8+c10+c11,,0,0,0,c1+c2+c3+c4+c5+c6+c7+c8+c9+c10+c11,False,2,0,0,0.0000,True,0,2,0.001
"Graph atlas n<=7",atlas_74,6,5,3,3,3,3,3,3,3,3,3,3,3,3,3,c1+c2+c3+c4+c5+c6+c7+c8+c10+c11,,0,0,0,c1+c2+c3+c4+c5+c6+c7+c8+c9+c10+c11,False,3,0,0,0.0000,True,0,2,0.001
"Graph atlas n<=7",atlas_75,6,5,2,2,2,2,2,2,2,2,2,2,2,2,2,c1+c2+c3+c4+c5+c6+c7+c8+c10+c11,,0,0,0,c1+c2+c3+c4+c5+c6+c7+c8+c9+c10+c11,True,2,0,2,1.0000,True,0,2,0.001
"Graph atlas n<=7",atlas_76,6,5,3,3,3,3,3,3,3,3,3,3,3,3,3,c1+c2+c3+c4+c5+c6+c7+c8+c10+c11,,0,0,0,c1+c2+c3+c4+c5+c6+c7+c8+c9+c10+c11,False,3,0,0,0.0000,True,0,2,0.001
"Graph atlas n<=7",atlas_77,6,5,1,1,1,1,1,1,1,1,1,1,1,1,1,c1+c2+c3+c4+c5+c6+c7+c8+c10+c11,,0,0,0,c1+c2+c3+c4+c5+c6+c7+c8+c9+c10+c11,True,1,0,1,1.0000,True,0,1,0.001
"Graph atlas n<=7",atlas_78,6,5,2,2,2,2,2,2,2,2,2,2,2,2,2,c1+c2+c3+c4+c5+c6+c7+c8+c10+c11,,0,0,0,c1+c2+c3+c4+c5+c6+c7+c8+c9+c10+c11,True,2,0,1,1.0000,True,0,1,0.001
"Graph atlas n<=7",atlas_79,6,5,2,2,2,2,2,2,2,2,2,2,2,2,2,c1+c2+c3+c4+c5+c6+c7+c8+c10+c11,,0,0,0,c1+c2+c3+c4+c5+c6+c7+c8+c9+c10+c11,True,2,0,1,1.0000,True,0,1,0.001
"Graph atlas n<=7",atlas_80,6,5,3,3,3,3,3,3,3,3,3,3,3,3,3,c1+c2+c3+c4+c5+c6+c7+c8+c10+c11,,0,0,0,c1+c2+c3+c4+c5+c6+c7+c8+c9+c10+c11,True,3,0,1,1.0000,True,0,1,0.001
"Graph atlas n<=7",atlas_81,6,5,2,2,2,2,2,2,2,2,2,2,2,2,2,c1+c2+c3+c4+c5+c6+c7+c8+c10+c11,,0,0,0,c1+c2+c3+c4+c5+c6+c7+c8+c9+c10+c11,True,2,0,1,1.0000,True,0,1,0.001
"Graph atlas n<=7",atlas_82,6,5,3,3,3,3,3,3,3,3,3,3,3,3,3,c1+c2+c3+c4+c5+c6+c7+c8+c10+c11,,0,0,0,c1+c2+c3+c4+c5+c6+c7+c8+c9+c10+c11,False,3,0,1,0.3333,True,0,2,0.001
"Graph atlas n<=7",atlas_83,6,5,3,3,3,3,3,3,3,3,3,3,3,3,3,c1+c2+c3+c4+c5+c6+c7+c8+c10+c11,,0,0,0,c1+c2+c3+c4+c5+c6+c7+c8+c9+c10+c11,True,3,0,1,1.0000,True,0,1,0.001
"Graph atlas n<=7",atlas_84,6,5,3,3,3,3,3,3,3,3,3,3,3,3,3,c1+c2+c3+c4+c5+c6+c7+c8+c10+c11,,0,0,0,c1+c2+c3+c4+c5+c6+c7+c8+c9+c10+c11,False,3,0,1,0.5000,True,0,2,0.001
"Graph atlas n<=7",atlas_85,6,5,3,3,3,3,3,3,3,3,3,3,3,3,3,c1+c2+c3+c4+c5+c6+c7+c8+c10+c11,,0,0,0,c1+c2+c3+c4+c5+c6+c7+c8+c9+c10+c11,True,3,0,2,1.0000,True,0,2,0.001
"Graph atlas n<=7",atlas_86,6,6,3,3,3,3,3,3,3,3,3,3,3,3,3,c1+c2+c3+c4+c5+c6+c7+c8+c10+c11,,0,0,0,c1+c2+c3+c4+c5+c6+c7+c8+c9+c10+c11,False,3,0,0,0.0000,True,0,3,0.000
"Graph atlas n<=7",atlas_87,6,6,2,2,2,2,2,2,2,2,2,2,2,2,2,c1+c2+c3+c4+c5+c6+c7+c8+c10+c11,,0,0,0,c1+c2+c3+c4+c5+c6+c7+c8+c9+c10+c11,False,2,0,0,0.0000,True,0,2,0.000
"Graph atlas n<=7",atlas_88,6,6,3,3,3,3,3,3,3,3,3,3,3,3,3,c1+c2+c3+c4+c5+c6+c7+c8+c10+c11,,0,0,0,c1+c2+c3+c4+c5+c6+c7+c8+c9+c10+c11,False,3,0,0,0.0000,True,0,2,0.001
"Graph atlas n<=7",atlas_89,6,6,3,3,3,3,3,3,3,3,3,3,3,3,3,c1+c2+c3+c4+c5+c6+c7+c8+c10+c11,,0,0,0,c1+c2+c3+c4+c5+c6+c7+c8+c9+c10+c11,False,3,0,0,0.0000,True,0,2,0.001
"Graph atlas n<=7",atlas_90,6,6,3,3,3,3,3,3,3,3,3,3,3,3,3,c1+c2+c3+c4+c5+c6+c7+c8+c10+c11,,0,0,0,c1+c2+c3+c4+c5+c6+c7+c8+c9+c10+c11,False,3,0,0,0.0000,True,0,2,0.001
"Graph atlas n<=7",atlas_91,6,6,2,2,2,2,2,2,2,2,2,2,2,2,2,c1+c2+c3+c4+c5+c6+c7+c8+c10+c11,,0,0,0,c1+c2+c3+c4+c5+c6+c7+c8+c9+c10+c11,True,2,0,2,1.0000,True,0,2,0.001
"Graph atlas n<=7",atlas_92,6,6,2,2,2,2,2,2,2,2,2,2,2,2,2,c1+c2+c3+c4+c5+c6+c7+c8+c10+c11,,0,0,0,c1+c2+c3+c4+c5+c6+c7+c8+c9+c10+c11,False,2,0,0,0.0000,True,0,2,0.001
"Graph atlas n<=7",atlas_93,6,6,2,2,2,2,2,2,2,2,2,2,2,2,2,c1+c2+c3+c4+c5+c6+c7+c8+c10+c11,,0,0,0,c1+c2+c3+c4+c5+c6+c7+c8+c9+c10+c11,False,2,0,0,0.0000,True,0,2,0.001
"Graph atlas n<=7",atlas_94,6,6,3,3,3,3,3,3,3,3,3,3,3,3,3,c1+c2+c3+c4+c5+c6+c7+c8+c10+c11,,0,0,0,c1+c2+c3+c4+c5+c6+c7+c8+c9+c10+c11,False,3,0,0,0.0000,True,0,2,0.001
"Graph atlas n<=7",atlas_95,6,6,3,3,3,3,3,3,3,3,3,3,3,3,3,c1+c2+c3+c4+c5+c6+c7+c8+c10+c11,,0,0,0,c1+c2+c3+c4+c5+c6+c7+c8+c9+c10+c11,False,3,0,0,0.0000,True,0,2,0.001
"Graph atlas n<=7",atlas_96,6,6,3,2,3,2,3,2,3,2,2,2,2,2,2,c2+c4+c6+c8+c10+c11,,0,0,0,c1+c2+c3+c4+c5+c6+c7+c8+c9+c10+c11,True,2,0,2,1.0000,True,0,2,0.001
"Graph atlas n<=7",atlas_97,6,6,3,3,3,3,3,3,3,3,3,3,3,3,3,c1+c2+c3+c4+c5+c6+c7+c8+c10+c11,,0,0,0,c1+c2+c3+c4+c5+c6+c7+c8+c9+c10+c11,False,3,0,0,0.0000,True,0,2,0.001
"Graph atlas n<=7",atlas_98,6,6,3,3,3,3,3,3,3,3,3,3,3,3,3,c1+c2+c3+c4+c5+c6+c7+c8+c10+c11,,0,0,0,c1+c2+c3+c4+c5+c6+c7+c8+c9+c10+c11,True,3,0,2,1.0000,True,0,2,0.001
"Graph atlas n<=7",atlas_99,6,6,2,2,2,2,2,2,2,2,2,2,2,2,2,c1+c2+c3+c4+c5+c6+c7+c8+c10+c11,,0,0,0,c1+c2+c3+c4+c5+c6+c7+c8+c9+c10+c11,True,2,0,2,1.0000,True,0,2,0.001
"Graph atlas n<=7",atlas_100,6,6,3,3,3,3,3,3,3,3,3,3,3,3,3,c1+c2+c3+c4+c5+c6+c7+c8+c10+c11,,0,0,0,c1+c2+c3+c4+c5+c6+c7+c8+c9+c10+c11,False,3,0,0,0.0000,True,0,2,0.001
"Graph atlas n<=7",atlas_101,6,6,4,3,3,3,4,3,4,3,3,3,3,3,3,c2+c3+c4+c6+c8+c10+c11,,0,0,0,c1+c2+c3+c4+c5+c6+c7+c8+c9+c10+c11,False,3,0,1,0.3333,True,0,2,0.001
"Graph atlas n<=7",atlas_102,6,6,4,3,3,3,4,3,3,3,3,3,3,3,3,c2+c3+c4+c6+c7+c8+c10+c11,,0,0,0,c1+c2+c3+c4+c5+c6+c7+c8+c9+c10+c11,False,3,0,0,0.0000,True,0,2,0.001
"Graph atlas n<=7",atlas_103,6,6,3,3,3,3,3,3,3,3,3,3,3,3,3,c1+c2+c3+c4+c5+c6+c7+c8+c10+c11,,0,0,0,c1+c2+c3+c4+c5+c6+c7+c8+c9+c10+c11,True,3,0,2,1.0000,True,0,2,0.001
"Graph atlas n<=7",atlas_104,6,6,3,3,3,3,3,3,3,3,3,3,3,3,3,c1+c2+c3+c4+c5+c6+c7+c8+c10+c11,,0,0,0,c1+c2+c3+c4+c5+c6+c7+c8+c9+c10+c11,False,3,0,0,0.0000,True,0,2,0.001
"Graph atlas n<=7",atlas_105,6,6,3,3,3,3,3,3,3,3,3,3,3,3,3,c1+c2+c3+c4+c5+c6+c7+c8+c10+c11,,0,0,0,c1+c2+c3+c4+c5+c6+c7+c8+c9+c10+c11,True,4,0,2,1.0000,True,0,2,0.001
"Graph atlas n<=7",atlas_106,6,6,4,4,4,4,4,4,4,4,4,4,4,4,4,c1+c2+c3+c4+c5+c6+c7+c8+c10+c11,,0,0,0,c1+c2+c3+c4+c5+c6+c7+c8+c9+c10+c11,False,4,0,0,0.0000,True,0,2,0.001
"Graph atlas n<=7",atlas_107,6,7,3,3,3,3,3,3,3,3,3,3,3,3,3,c1+c2+c3+c4+c5+c6+c7+c8+c10+c11,,0,0,0,c1+c2+c3+c4+c5+c6+c7+c8+c9+c10+c11,False,3,0,0,0.0000,True,0,3,0.001
"Graph atlas n<=7",atlas_108,6,7,2,2,2,2,2,2,2,2,2,2,2,2,2,c1+c2+c3+c4+c5+c6+c7+c8+c10+c11,,0,0,0,c1+c2+c3+c4+c5+c6+c7+c8+c9+c10+c11,False,2,0,0,0.0000,True,0,2,0.001
"Graph atlas n<=7",atlas_109,6,7,3,3,3,3,3,3,3,3,3,3,3,3,3,c1+c2+c3+c4+c5+c6+c7+c8+c10+c11,,0,0,0,c1+c2+c3+c4+c5+c6+c7+c8+c9+c10+c11,False,3,0,0,0.0000,True,0,2,0.001
"Graph atlas n<=7",atlas_110,6,7,3,3,3,3,3,3,3,3,3,3,3,3,3,c1+c2+c3+c4+c5+c6+c7+c8+c10+c11,,0,0,0,c1+c2+c3+c4+c5+c6+c7+c8+c9+c10+c11,False,3,0,0,0.0000,True,0,3,0.001
"Graph atlas n<=7",atlas_111,6,7,2,2,2,2,2,2,2,2,2,2,2,2,2,c1+c2+c3+c4+c5+c6+c7+c8+c10+c11,,0,0,0,c1+c2+c3+c4+c5+c6+c7+c8+c9+c10+c11,False,2,0,0,0.0000,True,0,2,0.001
"Graph atlas n<=7",atlas_112,6,7,2,2,2,2,2,2,2,2,2,2,2,2,2,c1+c2+c3+c4+c5+c6+c7+c8+c10+c11,,0,0,0,c1+c2+c3+c4+c5+c6+c7+c8+c9+c10+c11,False,2,0,0,0.0000,True,0,2,0.001
"Graph atlas n<=7",atlas_113,6,7,3,3,3,3,3,3,3,3,3,3,3,3,3,c1+c2+c3+c4+c5+c6+c7+c8+c10+c11,,0,0,0,c1+c2+c3+c4+c5+c6+c7+c8+c9+c10+c11,False,3,0,0,0.0000,True,0,2,0.001
"Graph atlas n<=7",atlas_114,6,7,3,3,3,3,3,3,3,3,3,3,3,3,3,c1+c2+c3+c4+c5+c6+c7+c8+c10+c11,,0,0,0,c1+c2+c3+c4+c5+c6+c7+c8+c9+c10+c11,False,3,0,0,0.0000,True,0,2,0.001
"Graph atlas n<=7",atlas_115,6,7,4,3,3,3,4,3,4,3,3,3,3,3,3,c2+c3+c4+c6+c8+c10+c11,,0,0,0,c1+c2+c3+c4+c5+c6+c7+c8+c9+c10+c11,False,3,0,0,0.0000,True,0,2,0.001
"Graph atlas n<=7",atlas_116,6,7,4,4,4,4,4,4,4,4,4,4,4,4,4,c1+c2+c3+c4+c5+c6+c7+c8+c10+c11,,0,0,0,c1+c2+c3+c4+c5+c6+c7+c8+c9+c10+c11,False,4,0,1,0.3333,True,0,3,0.001
"Graph atlas n<=7",atlas_117,6,7,5,3,3,3,5,3,5,3,3,3,3,3,3,c2+c3+c4+c6+c8+c10+c11,,0,0,0,c1+c2+c3+c4+c5+c6+c7+c8+c9+c10+c11,False,3,0,0,0.0000,True,0,2,0.001
"Graph atlas n<=7",atlas_118,6,7,3,3,3,3,3,3,3,3,3,3,3,3,3,c1+c2+c3+c4+c5+c6+c7+c8+c10+c11,,0,0,0,c1+c2+c3+c4+c5+c6+c7+c8+c9+c10+c11,False,3,0,0,0.0000,True,0,2,0.001
"Graph atlas n<=7",atlas_119,6,7,3,3,3,3,3,3,3,3,3,3,3,3,3,c1+c2+c3+c4+c5+c6+c7+c8+c10+c11,,0,0,0,c1+c2+c3+c4+c5+c6+c7+c8+c9+c10+c11,False,3,0,0,0.0000,True,0,2,0.001
"Graph atlas n<=7",atlas_120,6,7,3,3,3,3,3,3,3,3,3,3,3,3,3,c1+c2+c3+c4+c5+c6+c7+c8+c10+c11,,0,0,0,c1+c2+c3+c4+c5+c6+c7+c8+c9+c10+c11,False,3,0,0,0.0000,True,0,2,0.001
"Graph atlas n<=7",atlas_121,6,7,2,2,2,2,2,2,2,2,2,2,2,2,2,c1+c2+c3+c4+c5+c6+c7+c8+c10+c11,,0,0,0,c1+c2+c3+c4+c5+c6+c7+c8+c9+c10+c11,True,2,0,2,1.0000,True,0,2,0.001
"Graph atlas n<=7",atlas_122,6,7,3,4,3,3,3,3,3,3,3,3,3,3,3,c1+c3+c4+c5+c6+c7+c8+c10+c11,,0,0,0,c1+c2+c3+c4+c5+c6+c7+c8+c9+c10+c11,False,3,0,0,0.0000,True,0,2,0.001
"Graph atlas n<=7",atlas_123,6,7,3,3,3,3,3,3,3,3,3,3,3,3,3,c1+c2+c3+c4+c5+c6+c7+c8+c10+c11,,0,0,0,c1+c2+c3+c4+c5+c6+c7+c8+c9+c10+c11,False,3,0,0,0.0000,True,0,2,0.001
"Graph atlas n<=7",atlas_124,6,7,3,3,3,3,3,3,3,3,3,3,3,3,3,c1+c2+c3+c4+c5+c6+c7+c8+c10+c11,,0,0,0,c1+c2+c3+c4+c5+c6+c7+c8+c9+c10+c11,False,3,0,0,0.0000,True,0,2,0.001
"Graph atlas n<=7",atlas_125,6,7,3,3,3,3,3,3,3,3,3,3,3,3,3,c1+c2+c3+c4+c5+c6+c7+c8+c10+c11,,0,0,0,c1+c2+c3+c4+c5+c6+c7+c8+c9+c10+c11,True,3,0,2,1.0000,True,0,2,0.001
"Graph atlas n<=7",atlas_126,6,7,3,3,4,4,3,3,4,4,3,3,3,3,3,c1+c2+c5+c6+c10+c11,,0,0,0,c1+c2+c3+c4+c5+c6+c7+c8+c9+c10+c11,False,3,0,0,0.0000,True,0,2,0.001
"Graph atlas n<=7",atlas_127,6,7,3,4,3,3,3,4,3,3,3,3,3,3,3,c1+c3+c4+c5+c7+c8+c10+c11,,0,0,0,c1+c2+c3+c4+c5+c6+c7+c8+c9+c10+c11,False,3,0,0,0.0000,True,0,2,0.001
"Graph atlas n<=7",atlas_128,6,7,3,3,4,3,3,4,3,3,3,3,3,3,3,c1+c2+c4+c5+c7+c8+c10+c11,,0,0,0,c1+c2+c3+c4+c5+c6+c7+c8+c9+c10+c11,True,3,0,2,1.0000,True,0,2,0.002
"Graph atlas n<=7",atlas_129,6,7,3,3,3,3,3,3,3,3,3,3,3,3,3,c1+c2+c3+c4+c5+c6+c7+c8+c10+c11,,0,0,0,c1+c2+c3+c4+c5+c6+c7+c8+c9+c10+c11,False,3,0,0,0.0000,True,0,2,0.001
"Graph atlas n<=7",atlas_130,6,7,4,4,4,4,4,4,4,4,4,4,4,4,4,c1+c2+c3+c4+c5+c6+c7+c8+c10+c11,,0,0,0,c1+c2+c3+c4+c5+c6+c7+c8+c9+c10+c11,False,4,0,0,0.0000,True,0,2,0.001
"Graph atlas n<=7",atlas_131,6,8,3,3,3,3,3,3,3,3,3,3,3,3,3,c1+c2+c3+c4+c5+c6+c7+c8+c10+c11,,0,0,0,c1+c2+c3+c4+c5+c6+c7+c8+c9+c10+c11,False,3,0,0,0.0000,True,0,3,0.001
"Graph atlas n<=7",atlas_132,6,8,4,3,3,3,4,3,3,3,3,3,3,3,3,c2+c3+c4+c6+c7+c8+c10+c11,,0,0,0,c1+c2+c3+c4+c5+c6+c7+c8+c9+c10+c11,False,3,0,0,0.0000,True,0,3,0.001
"Graph atlas n<=7",atlas_133,6,8,3,3,3,3,3,3,3,3,3,3,3,3,3,c1+c2+c3+c4+c5+c6+c7+c8+c10+c11,,0,0,0,c1+c2+c3+c4+c5+c6+c7+c8+c9+c10+c11,False,3,0,0,0.0000,True,0,3,0.001
"Graph atlas n<=7",atlas_134,6,8,3,3,3,3,3,3,3,3,3,3,3,3,3,c1+c2+c3+c4+c5+c6+c7+c8+c10+c11,,0,0,0,c1+c2+c3+c4+c5+c6+c7+c8+c9+c10+c11,False,3,0,0,0.0000,True,0,3,0.001
"Graph atlas n<=7",atlas_135,6,8,2,2,2,2,2,2,2,2,2,2,2,2,2,c1+c2+c3+c4+c5+c6+c7+c8+c10+c11,,0,0,0,c1+c2+c3+c4+c5+c6+c7+c8+c9+c10+c11,False,2,0,0,0.0000,True,0,2,0.001
"Graph atlas n<=7",atlas_136,6,8,3,3,3,3,3,3,3,3,3,3,3,3,3,c1+c2+c3+c4+c5+c6+c7+c8+c10+c11,,0,0,0,c1+c2+c3+c4+c5+c6+c7+c8+c9+c10+c11,False,3,0,0,0.0000,True,0,2,0.001
"Graph atlas n<=7",atlas_137,6,8,3,3,3,3,3,3,3,3,3,3,3,3,3,c1+c2+c3+c4+c5+c6+c7+c8+c10+c11,,0,0,0,c1+c2+c3+c4+c5+c6+c7+c8+c9+c10+c11,False,3,0,0,0.0000,True,0,2,0.001
"Graph atlas n<=7",atlas_138,6,8,3,3,3,3,3,3,3,3,3,3,3,3,3,c1+c2+c3+c4+c5+c6+c7+c8+c10+c11,,0,0,0,c1+c2+c3+c4+c5+c6+c7+c8+c9+c10+c11,False,3,0,0,0.0000,True,0,2,0.001
"Graph atlas n<=7",atlas_139,6,8,3,3,3,3,3,3,3,3,3,3,3,3,3,c1+c2+c3+c4+c5+c6+c7+c8+c10+c11,,0,0,0,c1+c2+c3+c4+c5+c6+c7+c8+c9+c10+c11,False,3,0,0,0.0000,True,0,2,0.001
"Graph atlas n<=7",atlas_140,6,8,3,3,3,3,3,3,3,3,3,3,3,3,3,c1+c2+c3+c4+c5+c6+c7+c8+c10+c11,,0,0,0,c1+c2+c3+c4+c5+c6+c7+c8+c9+c10+c11,False,3,0,0,0.0000,True,0,3,0.001
"Graph atlas n<=7",atlas_141,6,8,3,3,3,3,3,3,3,3,3,3,3,3,3,c1+c2+c3+c4+c5+c6+c7+c8+c10+c11,,0,0,0,c1+c2+c3+c4+c5+c6+c7+c8+c9+c10+c11,False,3,0,0,0.0000,True,0,3,0.001
"Graph atlas n<=7",atlas_142,6,8,4,4,4,4,4,4,4,4,4,4,4,4,4,c1+c2+c3+c4+c5+c6+c7+c8+c10+c11,,0,0,0,c1+c2+c3+c4+c5+c6+c7+c8+c9+c10+c11,False,4,0,0,0.0000,True,0,3,0.001
"Graph atlas n<=7",atlas_143,6,8,4,3,3,3,4,4,3,3,3,3,3,3,3,c2+c3+c4+c7+c8+c10+c11,,0,0,0,c1+c2+c3+c4+c5+c6+c7+c8+c9+c10+c11,False,3,0,0,0.0000,True,0,3,0.001
"Graph atlas n<=7",atlas_144,6,8,3,3,3,3,3,3,3,3,3,3,3,3,3,c1+c2+c3+c4+c5+c6+c7+c8+c10+c11,,0,0,0,c1+c2+c3+c4+c5+c6+c7+c8+c9+c10+c11,False,3,0,0,0.0000,True,0,2,0.001
"Graph atlas n<=7",atlas_145,6,8,3,3,3,3,3,3,3,3,3,3,3,3,3,c1+c2+c3+c4+c5+c6+c7+c8+c10+c11,,0,0,0,c1+c2+c3+c4+c5+c6+c7+c8+c9+c10+c11,False,3,0,0,0.0000,True,0,2,0.001
"Graph atlas n<=7",atlas_146,6,8,2,2,2,2,2,2,2,2,2,2,2,2,2,c1+c2+c3+c4+c5+c6+c7+c8+c10+c11,,0,0,0,c1+c2+c3+c4+c5+c6+c7+c8+c9+c10+c11,True,2,0,2,1.0000,True,0,2,0.003
"Graph atlas n<=7",atlas_147,6,8,4,3,4,4,4,3,4,4,3,3,3,3,3,c2+c6+c10+c11,,0,0,0,c1+c2+c3+c4+c5+c6+c7+c8+c9+c10+c11,False,3,0,0,0.0000,True,0,2,0.001
"Graph atlas n<=7",atlas_148,6,8,3,4,3,3,3,3,4,3,3,3,3,3,3,c1+c3+c4+c5+c6+c8+c10+c11,,0,0,0,c1+c2+c3+c4+c5+c6+c7+c8+c9+c10+c11,False,3,0,0,0.0000,True,0,2,0.001
"Graph atlas n<=7",atlas_149,6,8,3,3,3,3,3,3,3,3,3,3,3,3,3,c1+c2+c3+c4+c5+c6+c7+c8+c10+c11,,0,0,0,c1+c2+c3+c4+c5+c6+c7+c8+c9+c10+c11,False,3,0,0,0.0000,True,0,2,0.001
"Graph atlas n<=7",atlas_150,6,8,4,4,4,4,4,4,4,4,4,4,4,4,4,c1+c2+c3+c4+c5+c6+c7+c8+c10+c11,,0,0,0,c1+c2+c3+c4+c5+c6+c7+c8+c9+c10+c11,False,4,0,0,0.0000,True,0,2,0.001
"Graph atlas n<=7",atlas_151,6,8,3,3,3,3,3,3,3,3,3,3,3,3,3,c1+c2+c3+c4+c5+c6+c7+c8+c10+c11,,0,0,0,c1+c2+c3+c4+c5+c6+c7+c8+c9+c10+c11,False,3,0,0,0.0000,True,0,3,0.001
"Graph atlas n<=7",atlas_152,6,8,4,4,4,4,4,4,4,4,4,4,4,4,4,c1+c2+c3+c4+c5+c6+c7+c8+c10+c11,,0,0,0,c1+c2+c3+c4+c5+c6+c7+c8+c9+c10+c11,False,4,0,0,0.0000,True,0,2,0.017
"Graph atlas n<=7",atlas_153,6,8,4,4,4,4,4,4,4,4,4,4,4,4,4,c1+c2+c3+c4+c5+c6+c7+c8+c10+c11,,0,0,0,c1+c2+c3+c4+c5+c6+c7+c8+c9+c10+c11,False,4,0,0,0.0000,True,0,3,0.001
"Graph atlas n<=7",atlas_154,6,8,3,3,4,3,3,4,3,3,3,3,3,3,3,c1+c2+c4+c5+c7+c8+c10+c11,,0,0,0,c1+c2+c3+c4+c5+c6+c7+c8+c9+c10+c11,True,4,0,3,1.0000,True,0,3,0.002
"Graph atlas n<=7",atlas_155,6,9,4,3,3,3,4,3,3,3,3,3,3,3,3,c2+c3+c4+c6+c7+c8+c10+c11,,0,0,0,c1+c2+c3+c4+c5+c6+c7+c8+c9+c10+c11,False,3,0,0,0.0000,True,0,3,0.001
"Graph atlas n<=7",atlas_156,6,9,3,3,3,3,3,3,3,3,3,3,3,3,3,c1+c2+c3+c4+c5+c6+c7+c8+c10+c11,,0,0,0,c1+c2+c3+c4+c5+c6+c7+c8+c9+c10+c11,False,3,0,0,0.0000,True,0,3,0.001
"Graph atlas n<=7",atlas_157,6,9,3,3,3,3,3,3,3,3,3,3,3,3,3,c1+c2+c3+c4+c5+c6+c7+c8+c10+c11,,0,0,0,c1+c2+c3+c4+c5+c6+c7+c8+c9+c10+c11,False,3,0,0,0.0000,True,0,3,0.001
"Graph atlas n<=7",atlas_158,6,9,3,3,3,3,3,3,3,3,3,3,3,3,3,c1+c2+c3+c4+c5+c6+c7+c8+c10+c11,,0,0,0,c1+c2+c3+c4+c5+c6+c7+c8+c9+c10+c11,False,3,0,0,0.0000,True,0,3,0.001
"Graph atlas n<=7",atlas_159,6,9,3,3,3,3,3,3,3,3,3,3,3,3,3,c1+c2+c3+c4+c5+c6+c7+c8+c10+c11,,0,0,0,c1+c2+c3+c4+c5+c6+c7+c8+c9+c10+c11,False,3,0,0,0.0000,True,0,3,0.001
"Graph atlas n<=7",atlas_160,6,9,4,4,4,4,4,4,4,4,4,4,4,4,4,c1+c2+c3+c4+c5+c6+c7+c8+c10+c11,,0,0,0,c1+c2+c3+c4+c5+c6+c7+c8+c9+c10+c11,False,4,0,0,0.0000,True,0,3,0.001
"Graph atlas n<=7",atlas_161,6,9,2,2,2,2,2,2,2,2,2,2,2,2,2,c1+c2+c3+c4+c5+c6+c7+c8+c10+c11,,0,0,0,c1+c2+c3+c4+c5+c6+c7+c8+c9+c10+c11,False,2,0,0,0.0000,True,0,2,0.001
"Graph atlas n<=7",atlas_162,6,9,3,3,3,3,3,3,3,3,3,3,3,3,3,c1+c2+c3+c4+c5+c6+c7+c8+c10+c11,,0,0,0,c1+c2+c3+c4+c5+c6+c7+c8+c9+c10+c11,False,3,0,0,0.0000,True,0,2,0.001
"Graph atlas n<=7",atlas_163,6,9,3,3,3,3,3,3,3,3,3,3,3,3,3,c1+c2+c3+c4+c5+c6+c7+c8+c10+c11,,0,0,0,c1+c2+c3+c4+c5+c6+c7+c8+c9+c10+c11,False,3,0,0,0.0000,True,0,2,0.001
"Graph atlas n<=7",atlas_164,6,9,3,3,3,3,3,3,3,3,3,3,3,3,3,c1+c2+c3+c4+c5+c6+c7+c8+c10+c11,,0,0,0,c1+c2+c3+c4+c5+c6+c7+c8+c9+c10+c11,False,3,0,0,0.0000,True,0,2,0.001
"Graph atlas n<=7",atlas_165,6,9,5,4,4,4,5,4,5,4,4,4,4,4,4,c2+c3+c4+c6+c8+c10+c11,,0,0,0,c1+c2+c3+c4+c5+c6+c7+c8+c9+c10+c11,False,4,0,0,0.0000,True,0,3,0.001
"Graph atlas n<=7",atlas_166,6,9,3,3,3,3,3,3,3,3,3,3,3,3,3,c1+c2+c3+c4+c5+c6+c7+c8+c10+c11,,0,0,0,c1+c2+c3+c4+c5+c6+c7+c8+c9+c10+c11,False,3,0,0,0.0000,True,0,3,0.001
"Graph atlas n<=7",atlas_167,6,9,4,4,4,4,4,4,4,4,4,4,4,4,4,c1+c2+c3+c4+c5+c6+c7+c8+c10+c11,,0,0,0,c1+c2+c3+c4+c5+c6+c7+c8+c9+c10+c11,False,4,0,0,0.0000,True,0,2,0.001
"Graph atlas n<=7",atlas_168,6,9,3,3,4,3,3,4,3,3,3,3,3,3,3,c1+c2+c4+c5+c7+c8+c10+c11,,0,0,0,c1+c2+c3+c4+c5+c6+c7+c8+c9+c10+c11,False,3,0,0,0.0000,True,0,3,0.001
"Graph atlas n<=7",atlas_169,6,9,4,4,4,4,4,4,4,4,4,4,4,4,4,c1+c2+c3+c4+c5+c6+c7+c8+c10+c11,,0,0,0,c1+c2+c3+c4+c5+c6+c7+c8+c9+c10+c11,False,4,0,0,0.0000,True,0,3,0.001
"Graph atlas n<=7",atlas_170,6,9,3,3,3,3,3,3,3,3,3,3,3,3,3,c1+c2+c3+c4+c5+c6+c7+c8+c10+c11,,0,0,0,c1+c2+c3+c4+c5+c6+c7+c8+c9+c10+c11,False,3,0,0,0.0000,True,0,3,0.001
"Graph atlas n<=7",atlas_171,6,9,4,4,4,4,4,4,4,4,4,4,4,4,4,c1+c2+c3+c4+c5+c6+c7+c8+c10+c11,,0,0,0,c1+c2+c3+c4+c5+c6+c7+c8+c9+c10+c11,False,4,0,0,0.0000,True,0,3,0.001
"Graph atlas n<=7",atlas_172,6,9,4,4,4,4,4,4,4,4,4,4,4,4,4,c1+c2+c3+c4+c5+c6+c7+c8+c10+c11,,0,0,0,c1+c2+c3+c4+c5+c6+c7+c8+c9+c10+c11,False,4,0,0,0.0000,True,0,3,0.001
"Graph atlas n<=7",atlas_173,6,9,4,3,3,3,4,3,4,3,3,3,3,3,3,c2+c3+c4+c6+c8+c10+c11,,0,0,0,c1+c2+c3+c4+c5+c6+c7+c8+c9+c10+c11,False,3,0,0,0.0000,True,0,3,0.001
"Graph atlas n<=7",atlas_174,6,9,4,4,4,4,4,4,4,4,4,4,4,4,4,c1+c2+c3+c4+c5+c6+c7+c8+c10+c11,,0,0,0,c1+c2+c3+c4+c5+c6+c7+c8+c9+c10+c11,False,4,0,0,0.0000,True,0,3,0.001
"Graph atlas n<=7",atlas_175,6,9,3,3,3,3,3,3,3,3,3,3,3,3,3,c1+c2+c3+c4+c5+c6+c7+c8+c10+c11,,0,0,0,c1+c2+c3+c4+c5+c6+c7+c8+c9+c10+c11,True,3,0,3,1.0000,True,0,3,0.002
"Graph atlas n<=7",atlas_176,6,10,4,4,4,4,4,4,4,4,4,4,4,4,4,c1+c2+c3+c4+c5+c6+c7+c8+c10+c11,,0,0,0,c1+c2+c3+c4+c5+c6+c7+c8+c9+c10+c11,False,4,0,0,0.0000,True,0,4,0.001
"Graph atlas n<=7",atlas_177,6,10,3,3,3,3,3,3,3,3,3,3,3,3,3,c1+c2+c3+c4+c5+c6+c7+c8+c10+c11,,0,0,0,c1+c2+c3+c4+c5+c6+c7+c8+c9+c10+c11,False,3,0,0,0.0000,True,0,3,0.001
"Graph atlas n<=7",atlas_178,6,10,4,4,4,4,4,4,4,4,4,4,4,4,4,c1+c2+c3+c4+c5+c6+c7+c8+c10+c11,,0,0,0,c1+c2+c3+c4+c5+c6+c7+c8+c9+c10+c11,False,4,0,0,0.0000,True,0,3,0.001
"Graph atlas n<=7",atlas_179,6,10,3,3,3,3,3,3,3,3,3,3,3,3,3,c1+c2+c3+c4+c5+c6+c7+c8+c10+c11,,0,0,0,c1+c2+c3+c4+c5+c6+c7+c8+c9+c10+c11,False,3,0,0,0.0000,True,0,3,0.001
"Graph atlas n<=7",atlas_180,6,10,3,3,3,3,3,3,3,3,3,3,3,3,3,c1+c2+c3+c4+c5+c6+c7+c8+c10+c11,,0,0,0,c1+c2+c3+c4+c5+c6+c7+c8+c9+c10+c11,False,3,0,0,0.0000,True,0,3,0.001
"Graph atlas n<=7",atlas_181,6,10,4,4,4,4,4,4,4,4,4,4,4,4,4,c1+c2+c3+c4+c5+c6+c7+c8+c10+c11,,0,0,0,c1+c2+c3+c4+c5+c6+c7+c8+c9+c10+c11,False,4,0,0,0.0000,True,0,3,0.001
"Graph atlas n<=7",atlas_182,6,10,3,3,3,3,3,4,3,3,3,3,3,3,3,c1+c2+c3+c4+c5+c7+c8+c10+c11,,0,0,0,c1+c2+c3+c4+c5+c6+c7+c8+c9+c10+c11,False,3,0,0,0.0000,True,0,3,0.001
"Graph atlas n<=7",atlas_183,6,10,4,4,4,4,4,4,4,4,4,4,4,4,4,c1+c2+c3+c4+c5+c6+c7+c8+c10+c11,,0,0,0,c1+c2+c3+c4+c5+c6+c7+c8+c9+c10+c11,False,4,0,0,0.0000,True,0,3,0.001
"Graph atlas n<=7",atlas_184,6,10,4,4,4,4,4,4,4,4,4,4,4,4,4,c1+c2+c3+c4+c5+c6+c7+c8+c10+c11,,0,0,0,c1+c2+c3+c4+c5+c6+c7+c8+c9+c10+c11,False,4,0,0,0.0000,True,0,3,0.001
"Graph atlas n<=7",atlas_185,6,10,4,4,4,4,4,4,4,4,4,4,4,4,4,c1+c2+c3+c4+c5+c6+c7+c8+c10+c11,,0,0,0,c1+c2+c3+c4+c5+c6+c7+c8+c9+c10+c11,False,4,0,0,0.0000,True,0,3,0.001
"Graph atlas n<=7",atlas_186,6,10,3,3,3,3,3,3,3,3,3,3,3,3,3,c1+c2+c3+c4+c5+c6+c7+c8+c10+c11,,0,0,0,c1+c2+c3+c4+c5+c6+c7+c8+c9+c10+c11,False,3,0,0,0.0000,True,0,3,0.001
"Graph atlas n<=7",atlas_187,6,10,4,4,4,4,4,4,4,4,4,4,4,4,4,c1+c2+c3+c4+c5+c6+c7+c8+c10+c11,,0,0,0,c1+c2+c3+c4+c5+c6+c7+c8+c9+c10+c11,False,4,0,0,0.0000,True,0,3,0.001
"Graph atlas n<=7",atlas_188,6,10,4,4,4,4,4,4,4,4,4,4,4,4,4,c1+c2+c3+c4+c5+c6+c7+c8+c10+c11,,0,0,0,c1+c2+c3+c4+c5+c6+c7+c8+c9+c10+c11,False,4,0,0,0.0000,True,0,3,0.001
"Graph atlas n<=7",atlas_189,6,10,3,3,3,3,3,4,3,3,3,3,3,3,3,c1+c2+c3+c4+c5+c7+c8+c10+c11,,0,0,0,c1+c2+c3+c4+c5+c6+c7+c8+c9+c10+c11,False,3,0,0,0.0000,True,0,4,0.001
"Graph atlas n<=7",atlas_190,6,10,4,4,4,4,4,4,4,4,4,4,4,4,4,c1+c2+c3+c4+c5+c6+c7+c8+c10+c11,,0,0,0,c1+c2+c3+c4+c5+c6+c7+c8+c9+c10+c11,False,4,0,0,0.0000,True,0,3,0.001
"Graph atlas n<=7",atlas_191,6,11,4,4,4,4,4,4,4,4,4,4,4,4,4,c1+c2+c3+c4+c5+c6+c7+c8+c10+c11,,0,0,0,c1+c2+c3+c4+c5+c6+c7+c8+c9+c10+c11,False,4,0,0,0.0000,True,0,4,0.001
"Graph atlas n<=7",atlas_192,6,11,3,3,3,3,3,3,3,3,3,3,3,3,3,c1+c2+c3+c4+c5+c6+c7+c8+c10+c11,,0,0,0,c1+c2+c3+c4+c5+c6+c7+c8+c9+c10+c11,False,3,0,0,0.0000,True,0,3,0.001
"Graph atlas n<=7",atlas_193,6,11,4,4,4,4,4,4,4,4,4,4,4,4,4,c1+c2+c3+c4+c5+c6+c7+c8+c10+c11,,0,0,0,c1+c2+c3+c4+c5+c6+c7+c8+c9+c10+c11,False,4,0,0,0.0000,True,0,3,0.001
"Graph atlas n<=7",atlas_194,6,11,4,4,4,4,4,4,4,4,4,4,4,4,4,c1+c2+c3+c4+c5+c6+c7+c8+c10+c11,,0,0,0,c1+c2+c3+c4+c5+c6+c7+c8+c9+c10+c11,False,4,0,0,0.0000,True,0,4,0.001
"Graph atlas n<=7",atlas_195,6,11,4,4,4,4,4,4,4,4,4,4,4,4,4,c1+c2+c3+c4+c5+c6+c7+c8+c10+c11,,0,0,0,c1+c2+c3+c4+c5+c6+c7+c8+c9+c10+c11,False,4,0,0,0.0000,True,0,3,0.001
"Graph atlas n<=7",atlas_196,6,11,4,4,4,4,4,4,4,4,4,4,4,4,4,c1+c2+c3+c4+c5+c6+c7+c8+c10+c11,,0,0,0,c1+c2+c3+c4+c5+c6+c7+c8+c9+c10+c11,False,4,0,0,0.0000,True,0,3,0.001
"Graph atlas n<=7",atlas_197,6,11,3,3,3,3,3,3,3,3,3,3,3,3,3,c1+c2+c3+c4+c5+c6+c7+c8+c10+c11,,0,0,0,c1+c2+c3+c4+c5+c6+c7+c8+c9+c10+c11,False,3,0,0,0.0000,True,0,3,0.001
"Graph atlas n<=7",atlas_198,6,11,4,4,4,4,4,4,4,4,4,4,4,4,4,c1+c2+c3+c4+c5+c6+c7+c8+c10+c11,,0,0,0,c1+c2+c3+c4+c5+c6+c7+c8+c9+c10+c11,False,4,0,0,0.0000,True,0,3,0.001
"Graph atlas n<=7",atlas_199,6,11,4,4,4,4,4,4,4,4,4,4,4,4,4,c1+c2+c3+c4+c5+c6+c7+c8+c10+c11,,0,0,0,c1+c2+c3+c4+c5+c6+c7+c8+c9+c10+c11,False,4,0,0,0.0000,True,0,4,0.001
"Graph atlas n<=7",atlas_200,6,12,4,4,4,4,4,4,4,4,4,4,4,4,4,c1+c2+c3+c4+c5+c6+c7+c8+c10+c11,,0,0,0,c1+c2+c3+c4+c5+c6+c7+c8+c9+c10+c11,False,4,0,0,0.0000,True,0,4,0.001
"Graph atlas n<=7",atlas_201,6,12,3,3,3,3,3,3,3,3,3,3,3,3,3,c1+c2+c3+c4+c5+c6+c7+c8+c10+c11,,0,0,0,c1+c2+c3+c4+c5+c6+c7+c8+c9+c10+c11,False,3,0,0,0.0000,True,0,3,0.001
"Graph atlas n<=7",atlas_202,6,12,4,4,4,4,4,4,4,4,4,4,4,4,4,c1+c2+c3+c4+c5+c6+c7+c8+c10+c11,,0,0,0,c1+c2+c3+c4+c5+c6+c7+c8+c9+c10+c11,False,4,0,0,0.0000,True,0,3,0.001
"Graph atlas n<=7",atlas_203,6,12,4,4,4,4,4,4,4,4,4,4,4,4,4,c1+c2+c3+c4+c5+c6+c7+c8+c10+c11,,0,0,0,c1+c2+c3+c4+c5+c6+c7+c8+c9+c10+c11,False,4,0,0,0.0000,True,0,4,0.001
"Graph atlas n<=7",atlas_204,6,12,4,4,4,4,4,4,4,4,4,4,4,4,4,c1+c2+c3+c4+c5+c6+c7+c8+c10+c11,,0,0,0,c1+c2+c3+c4+c5+c6+c7+c8+c9+c10+c11,False,4,0,0,0.0000,True,0,4,0.001
"Graph atlas n<=7",atlas_205,6,13,5,4,4,4,5,4,5,4,4,4,4,4,4,c2+c3+c4+c6+c8+c10+c11,,0,0,0,c1+c2+c3+c4+c5+c6+c7+c8+c9+c10+c11,False,4,0,0,0.0000,True,0,4,0.001
"Graph atlas n<=7",atlas_206,6,13,5,4,4,4,5,4,5,4,4,4,4,4,4,c2+c3+c4+c6+c8+c10+c11,,0,0,0,c1+c2+c3+c4+c5+c6+c7+c8+c9+c10+c11,False,4,0,0,0.0000,True,0,4,0.001
"Graph atlas n<=7",atlas_207,6,14,4,4,4,4,4,4,4,4,4,4,4,4,4,c1+c2+c3+c4+c5+c6+c7+c8+c10+c11,,0,0,0,c1+c2+c3+c4+c5+c6+c7+c8+c9+c10+c11,False,4,0,0,0.0000,True,0,4,0.001
"Graph atlas n<=7",atlas_208,6,15,5,5,5,5,5,5,5,5,5,5,5,5,5,c1+c2+c3+c4+c5+c6+c7+c8+c10+c11,,0,0,0,c1+c2+c3+c4+c5+c6+c7+c8+c9+c10+c11,False,5,0,0,0.0000,True,0,5,0.001
"Graph atlas n<=7",atlas_210,7,1,1,1,1,1,1,1,1,1,1,1,1,1,1,c1+c2+c3+c4+c5+c6+c7+c8+c10+c11,,0,0,0,c1+c2+c3+c4+c5+c6+c7+c8+c9+c10+c11,True,1,0,1,1.0000,True,0,1,0.000
"Graph atlas n<=7",atlas_211,7,2,1,1,1,1,1,1,1,1,1,1,1,1,1,c1+c2+c3+c4+c5+c6+c7+c8+c10+c11,,0,0,0,c1+c2+c3+c4+c5+c6+c7+c8+c9+c10+c11,True,1,0,1,1.0000,True,0,1,0.000
"Graph atlas n<=7",atlas_212,7,2,2,2,2,2,2,2,2,2,2,2,2,2,2,c1+c2+c3+c4+c5+c6+c7+c8+c10+c11,,0,0,0,c1+c2+c3+c4+c5+c6+c7+c8+c9+c10+c11,True,2,0,1,1.0000,True,0,1,0.001
"Graph atlas n<=7",atlas_213,7,3,2,2,2,2,2,2,2,2,2,2,2,2,2,c1+c2+c3+c4+c5+c6+c7+c8+c10+c11,,0,0,0,c1+c2+c3+c4+c5+c6+c7+c8+c9+c10+c11,False,2,0,0,0.0000,True,0,2,0.000
"Graph atlas n<=7",atlas_214,7,3,1,1,1,1,1,1,1,1,1,1,1,1,1,c1+c2+c3+c4+c5+c6+c7+c8+c10+c11,,0,0,0,c1+c2+c3+c4+c5+c6+c7+c8+c9+c10+c11,True,1,0,1,1.0000,True,0,1,0.001
"Graph atlas n<=7",atlas_215,7,3,2,2,2,2,2,2,2,2,2,2,2,2,2,c1+c2+c3+c4+c5+c6+c7+c8+c10+c11,,0,0,0,c1+c2+c3+c4+c5+c6+c7+c8+c9+c10+c11,True,2,0,1,1.0000,True,0,1,0.001
"Graph atlas n<=7",atlas_216,7,3,2,2,2,2,2,2,2,2,2,2,2,2,2,c1+c2+c3+c4+c5+c6+c7+c8+c10+c11,,0,0,0,c1+c2+c3+c4+c5+c6+c7+c8+c9+c10+c11,True,2,0,1,1.0000,True,0,1,0.001
"Graph atlas n<=7",atlas_217,7,3,3,3,3,3,3,3,3,3,3,3,3,3,3,c1+c2+c3+c4+c5+c6+c7+c8+c10+c11,,0,0,0,c1+c2+c3+c4+c5+c6+c7+c8+c9+c10+c11,True,3,0,1,1.0000,True,0,1,0.001
"Graph atlas n<=7",atlas_218,7,4,2,2,2,2,2,2,2,2,2,2,2,2,2,c1+c2+c3+c4+c5+c6+c7+c8+c10+c11,,0,0,0,c1+c2+c3+c4+c5+c6+c7+c8+c9+c10+c11,False,2,0,0,0.0000,True,0,2,0.001
"Graph atlas n<=7",atlas_219,7,4,2,2,2,2,2,2,2,2,2,2,2,2,2,c1+c2+c3+c4+c5+c6+c7+c8+c10+c11,,0,0,0,c1+c2+c3+c4+c5+c6+c7+c8+c9+c10+c11,True,2,0,2,1.0000,True,0,2,0.001
"Graph atlas n<=7",atlas_220,7,4,1,1,1,1,1,1,1,1,1,1,1,1,1,c1+c2+c3+c4+c5+c6+c7+c8+c10+c11,,0,0,0,c1+c2+c3+c4+c5+c6+c7+c8+c9+c10+c11,True,1,0,1,1.0000,True,0,1,0.001
"Graph atlas n<=7",atlas_221,7,4,2,2,2,2,2,2,2,2,2,2,2,2,2,c1+c2+c3+c4+c5+c6+c7+c8+c10+c11,,0,0,0,c1+c2+c3+c4+c5+c6+c7+c8+c9+c10+c11,True,2,0,1,1.0000,True,0,1,0.001
"Graph atlas n<=7",atlas_222,7,4,2,2,2,2,2,2,2,2,2,2,2,2,2,c1+c2+c3+c4+c5+c6+c7+c8+c10+c11,,0,0,0,c1+c2+c3+c4+c5+c6+c7+c8+c9+c10+c11,True,3,0,1,1.0000,True,0,1,0.002
"Graph atlas n<=7",atlas_223,7,4,3,3,3,3,3,3,3,3,3,3,3,3,3,c1+c2+c3+c4+c5+c6+c7+c8+c10+c11,,0,0,0,c1+c2+c3+c4+c5+c6+c7+c8+c9+c10+c11,False,3,0,1,0.4000,True,0,2,0.001
"Graph atlas n<=7",atlas_224,7,4,2,2,2,2,2,2,2,2,2,2,2,2,2,c1+c2+c3+c4+c5+c6+c7+c8+c10+c11,,0,0,0,c1+c2+c3+c4+c5+c6+c7+c8+c9+c10+c11,True,2,0,1,1.0000,True,0,1,0.001
"Graph atlas n<=7",atlas_225,7,4,3,3,3,3,3,3,3,3,3,3,3,3,3,c1+c2+c3+c4+c5+c6+c7+c8+c10+c11,,0,0,0,c1+c2+c3+c4+c5+c6+c7+c8+c9+c10+c11,True,3,0,1,1.0000,True,0,1,0.001
"Graph atlas n<=7",atlas_226,7,4,2,2,2,2,2,2,2,2,2,2,2,2,2,c1+c2+c3+c4+c5+c6+c7+c8+c10+c11,,0,0,0,c1+c2+c3+c4+c5+c6+c7+c8+c9+c10+c11,True,2,0,1,1.0000,True,0,1,0.001
"Graph atlas n<=7",atlas_227,7,4,3,3,3,3,3,3,3,3,3,3,3,3,3,c1+c2+c3+c4+c5+c6+c7+c8+c10+c11,,0,0,0,c1+c2+c3+c4+c5+c6+c7+c8+c9+c10+c11,True,3,0,1,1.0000,True,0,1,0.001
"Graph atlas n<=7",atlas_228,7,5,2,2,2,2,2,2,2,2,2,2,2,2,2,c1+c2+c3+c4+c5+c6+c7+c8+c10+c11,,0,0,0,c1+c2+c3+c4+c5+c6+c7+c8+c9+c10+c11,False,2,0,0,0.0000,True,0,2,0.000
"Graph atlas n<=7",atlas_229,7,5,2,2,2,2,2,2,2,2,2,2,2,2,2,c1+c2+c3+c4+c5+c6+c7+c8+c10+c11,,0,0,0,c1+c2+c3+c4+c5+c6+c7+c8+c9+c10+c11,False,2,0,0,0.0000,True,0,2,0.001
"Graph atlas n<=7",atlas_230,7,5,2,2,2,2,2,2,2,2,2,2,2,2,2,c1+c2+c3+c4+c5+c6+c7+c8+c10+c11,,0,0,0,c1+c2+c3+c4+c5+c6+c7+c8+c9+c10+c11,False,2,0,0,0.0000,True,0,2,0.001
"Graph atlas n<=7",atlas_231,7,5,3,3,3,3,3,3,3,3,3,3,3,3,3,c1+c2+c3+c4+c5+c6+c7+c8+c10+c11,,0,0,0,c1+c2+c3+c4+c5+c6+c7+c8+c9+c10+c11,False,3,0,0,0.0000,True,0,2,0.001
"Graph atlas n<=7",atlas_232,7,5,2,2,3,2,2,2,3,2,2,2,2,2,2,c1+c2+c4+c5+c6+c8+c10+c11,,0,0,0,c1+c2+c3+c4+c5+c6+c7+c8+c9+c10+c11,True,3,0,2,1.0000,True,0,2,0.001
"Graph atlas n<=7",atlas_233,7,5,3,3,3,3,3,3,3,3,3,3,3,3,3,c1+c2+c3+c4+c5+c6+c7+c8+c10+c11,,0,0,0,c1+c2+c3+c4+c5+c6+c7+c8+c9+c10+c11,False,3,0,0,0.0000,True,0,2,0.001
"Graph atlas n<=7",atlas_234,7,5,1,1,1,1,1,1,1,1,1,1,1,1,1,c1+c2+c3+c4+c5+c6+c7+c8+c10+c11,,0,0,0,c1+c2+c3+c4+c5+c6+c7+c8+c9+c10+c11,True,1,0,1,1.0000,True,0,1,0.001
"Graph atlas n<=7",atlas_235,7,5,2,2,2,2,2,2,2,2,2,2,2,2,2,c1+c2+c3+c4+c5+c6+c7+c8+c10+c11,,0,0,0,c1+c2+c3+c4+c5+c6+c7+c8+c9+c10+c11,True,2,0,1,1.0000,True,0,1,0.001
"Graph atlas n<=7",atlas_236,7,5,2,2,2,2,2,2,2,2,2,2,2,2,2,c1+c2+c3+c4+c5+c6+c7+c8+c10+c11,,0,0,0,c1+c2+c3+c4+c5+c6+c7+c8+c9+c10+c11,True,2,0,1,1.0000,True,0,1,0.001
"Graph atlas n<=7",atlas_237,7,5,2,2,2,2,2,2,2,2,2,2,2,2,2,c1+c2+c3+c4+c5+c6+c7+c8+c10+c11,,0,0,0,c1+c2+c3+c4+c5+c6+c7+c8+c9+c10+c11,True,2,0,1,1.0000,True,0,1,0.001
"Graph atlas n<=7",atlas_238,7,5,3,3,3,3,3,3,3,3,3,3,3,3,3,c1+c2+c3+c4+c5+c6+c7+c8+c10+c11,,0,0,0,c1+c2+c3+c4+c5+c6+c7+c8+c9+c10+c11,True,3,0,1,1.0000,True,0,1,0.001
"Graph atlas n<=7",atlas_239,7,5,3,3,3,3,3,3,3,3,3,3,3,3,3,c1+c2+c3+c4+c5+c6+c7+c8+c10+c11,,0,0,0,c1+c2+c3+c4+c5+c6+c7+c8+c9+c10+c11,False,3,0,1,0.3333,True,0,2,0.001
"Graph atlas n<=7",atlas_240,7,5,3,3,3,3,3,3,3,3,3,3,3,3,3,c1+c2+c3+c4+c5+c6+c7+c8+c10+c11,,0,0,0,c1+c2+c3+c4+c5+c6+c7+c8+c9+c10+c11,True,3,0,1,1.0000,True,0,1,0.001
"Graph atlas n<=7",atlas_241,7,5,3,3,3,3,3,3,3,3,3,3,3,3,3,c1+c2+c3+c4+c5+c6+c7+c8+c10+c11,,0,0,0,c1+c2+c3+c4+c5+c6+c7+c8+c9+c10+c11,False,3,0,1,0.5000,True,0,2,0.001
"Graph atlas n<=7",atlas_242,7,5,3,3,3,3,3,3,3,3,3,3,3,3,3,c1+c2+c3+c4+c5+c6+c7+c8+c10+c11,,0,0,0,c1+c2+c3+c4+c5+c6+c7+c8+c9+c10+c11,True,3,0,2,1.0000,True,0,2,0.001
"Graph atlas n<=7",atlas_243,7,5,2,2,2,2,2,2,2,2,2,2,2,2,2,c1+c2+c3+c4+c5+c6+c7+c8+c10+c11,,0,0,0,c1+c2+c3+c4+c5+c6+c7+c8+c9+c10+c11,True,2,0,1,1.0000,True,0,1,0.001
"Graph atlas n<=7",atlas_244,7,5,3,3,3,3,3,3,3,3,3,3,3,3,3,c1+c2+c3+c4+c5+c6+c7+c8+c10+c11,,0,0,0,c1+c2+c3+c4+c5+c6+c7+c8+c9+c10+c11,True,3,0,1,1.0000,True,0,1,0.001
"Graph atlas n<=7",atlas_245,7,5,2,2,2,2,2,2,2,2,2,2,2,2,2,c1+c2+c3+c4+c5+c6+c7+c8+c10+c11,,0,0,0,c1+c2+c3+c4+c5+c6+c7+c8+c9+c10+c11,True,2,0,1,1.0000,True,0,1,0.001
"Graph atlas n<=7",atlas_246,7,5,3,3,3,3,3,3,3,3,3,3,3,3,3,c1+c2+c3+c4+c5+c6+c7+c8+c10+c11,,0,0,0,c1+c2+c3+c4+c5+c6+c7+c8+c9+c10+c11,True,4,0,1,1.0000,True,0,1,0.001
"Graph atlas n<=7",atlas_247,7,5,3,3,3,3,3,3,3,3,3,3,3,3,3,c1+c2+c3+c4+c5+c6+c7+c8+c10+c11,,0,0,0,c1+c2+c3+c4+c5+c6+c7+c8+c9+c10+c11,True,3,0,1,1.0000,True,0,1,0.001
"Graph atlas n<=7",atlas_248,7,5,4,4,4,4,4,4,4,4,4,4,4,4,4,c1+c2+c3+c4+c5+c6+c7+c8+c10+c11,,0,0,0,c1+c2+c3+c4+c5+c6+c7+c8+c9+c10+c11,False,4,0,1,0.5714,True,0,2,0.001
"Graph atlas n<=7",atlas_249,7,6,3,3,3,3,3,3,3,3,3,3,3,3,3,c1+c2+c3+c4+c5+c6+c7+c8+c10+c11,,0,0,0,c1+c2+c3+c4+c5+c6+c7+c8+c9+c10+c11,False,3,0,0,0.0000,True,0,3,0.000
"Graph atlas n<=7",atlas_250,7,6,2,2,2,2,2,2,2,2,2,2,2,2,2,c1+c2+c3+c4+c5+c6+c7+c8+c10+c11,,0,0,0,c1+c2+c3+c4+c5+c6+c7+c8+c9+c10+c11,False,2,0,0,0.0000,True,0,2,0.000
"Graph atlas n<=7",atlas_251,7,6,3,3,3,3,3,3,3,3,3,3,3,3,3,c1+c2+c3+c4+c5+c6+c7+c8+c10+c11,,0,0,0,c1+c2+c3+c4+c5+c6+c7+c8+c9+c10+c11,False,3,0,0,0.0000,True,0,2,0.001
"Graph atlas n<=7",atlas_252,7,6,3,3,3,3,3,3,4,3,3,3,3,3,3,c1+c2+c3+c4+c5+c6+c8+c10+c11,,0,0,0,c1+c2+c3+c4+c5+c6+c7+c8+c9+c10+c11,False,3,0,0,0.0000,True,0,2,0.001
"Graph atlas n<=7",atlas_253,7,6,3,3,3,3,3,3,3,3,3,3,3,3,3,c1+c2+c3+c4+c5+c6+c7+c8+c10+c11,,0,0,0,c1+c2+c3+c4+c5+c6+c7+c8+c9+c10+c11,False,3,0,0,0.0000,True,0,2,0.001
"Graph atlas n<=7",atlas_254,7,6,2,2,2,2,2,2,2,2,2,2,2,2,2,c1+c2+c3+c4+c5+c6+c7+c8+c10+c11,,0,0,0,c1+c2+c3+c4+c5+c6+c7+c8+c9+c10+c11,True,2,0,2,1.0000,True,0,2,0.001
"Graph atlas n<=7",atlas_255,7,6,2,2,2,2,2,2,2,2,2,2,2,2,2,c1+c2+c3+c4+c5+c6+c7+c8+c10+c11,,0,0,0,c1+c2+c3+c4+c5+c6+c7+c8+c9+c10+c11,False,2,0,0,0.0000,True,0,2,0.001
"Graph atlas n<=7",atlas_256,7,6,2,2,2,2,2,2,2,2,2,2,2,2,2,c1+c2+c3+c4+c5+c6+c7+c8+c10+c11,,0,0,0,c1+c2+c3+c4+c5+c6+c7+c8+c9+c10+c11,False,2,0,0,0.0000,True,0,2,0.001
"Graph atlas n<=7",atlas_257,7,6,3,3,3,3,3,3,3,3,3,3,3,3,3,c1+c2+c3+c4+c5+c6+c7+c8+c10+c11,,0,0,0,c1+c2+c3+c4+c5+c6+c7+c8+c9+c10+c11,False,3,0,0,0.0000,True,0,2,0.002
"Graph atlas n<=7",atlas_258,7,6,4,3,3,3,4,3,4,3,3,3,3,3,3,c2+c3+c4+c6+c8+c10+c11,,0,0,0,c1+c2+c3+c4+c5+c6+c7+c8+c9+c10+c11,False,3,0,0,0.0000,True,0,2,0.001
"Graph atlas n<=7",atlas_259,7,6,3,2,3,2,3,2,3,2,2,2,2,2,2,c2+c4+c6+c8+c10+c11,,0,0,0,c1+c2+c3+c4+c5+c6+c7+c8+c9+c10+c11,True,4,0,2,1.0000,True,0,2,0.001
"Graph atlas n<=7",atlas_260,7,6,3,3,3,3,3,3,3,3,3,3,3,3,3,c1+c2+c3+c4+c5+c6+c7+c8+c10+c11,,0,0,0,c1+c2+c3+c4+c5+c6+c7+c8+c9+c10+c11,False,3,0,0,0.0000,True,0,2,0.001
"Graph atlas n<=7",atlas_261,7,6,3,3,3,3,3,3,3,3,3,3,3,3,3,c1+c2+c3+c4+c5+c6+c7+c8+c10+c11,,0,0,0,c1+c2+c3+c4+c5+c6+c7+c8+c9+c10+c11,True,3,0,2,1.0000,True,0,2,0.001
"Graph atlas n<=7",atlas_262,7,6,3,3,3,3,3,3,3,3,3,3,3,3,3,c1+c2+c3+c4+c5+c6+c7+c8+c10+c11,,0,0,0,c1+c2+c3+c4+c5+c6+c7+c8+c9+c10+c11,False,3,0,0,0.0000,True,0,2,0.001
"Graph atlas n<=7",atlas_263,7,6,2,2,2,2,2,2,2,2,2,2,2,2,2,c1+c2+c3+c4+c5+c6+c7+c8+c10+c11,,0,0,0,c1+c2+c3+c4+c5+c6+c7+c8+c9+c10+c11,True,2,0,2,1.0000,True,0,2,0.001
"Graph atlas n<=7",atlas_264,7,6,3,3,3,3,3,3,3,3,3,3,3,3,3,c1+c2+c3+c4+c5+c6+c7+c8+c10+c11,,0,0,0,c1+c2+c3+c4+c5+c6+c7+c8+c9+c10+c11,False,3,0,1,0.3333,True,0,2,0.001
"Graph atlas n<=7",atlas_265,7,6,3,3,3,3,3,3,3,3,3,3,3,3,3,c1+c2+c3+c4+c5+c6+c7+c8+c10+c11,,0,0,0,c1+c2+c3+c4+c5+c6+c7+c8+c9+c10+c11,False,3,0,0,0.0000,True,0,2,0.001
"Graph atlas n<=7",atlas_266,7,6,3,3,3,3,3,3,3,3,3,3,3,3,3,c1+c2+c3+c4+c5+c6+c7+c8+c10+c11,,0,0,0,c1+c2+c3+c4+c5+c6+c7+c8+c9+c10+c11,True,3,0,2,1.0000,True,0,2,0.001
"Graph atlas n<=7",atlas_267,7,6,3,3,3,3,3,3,3,3,3,3,3,3,3,c1+c2+c3+c4+c5+c6+c7+c8+c10+c11,,0,0,0,c1+c2+c3+c4+c5+c6+c7+c8+c9+c10+c11,False,3,0,0,0.0000,True,0,2,0.001
"Graph atlas n<=7",atlas_268,7,6,3,3,3,3,3,3,3,3,3,3,3,3,3,c1+c2+c3+c4+c5+c6+c7+c8+c10+c11,,0,0,0,c1+c2+c3+c4+c5+c6+c7+c8+c9+c10+c11,True,4,0,2,1.0000,True,0,2,0.002
"Graph atlas n<=7",atlas_269,7,6,4,4,4,4,4,4,4,4,4,4,4,4,4,c1+c2+c3+c4+c5+c6+c7+c8+c10+c11,,0,0,0,c1+c2+c3+c4+c5+c6+c7+c8+c9+c10+c11,False,4,0,0,0.0000,True,0,2,0.001
"Graph atlas n<=7",atlas_270,7,6,1,1,1,1,1,1,1,1,1,1,1,1,1,c1+c2+c3+c4+c5+c6+c7+c8+c10+c11,,0,0,0,c1+c2+c3+c4+c5+c6+c7+c8+c9+c10+c11,True,1,0,1,1.0000,True,0,1,0.001
"Graph atlas n<=7",atlas_271,7,6,2,2,2,2,2,2,2,2,2,2,2,2,2,c1+c2+c3+c4+c5+c6+c7+c8+c10+c11,,0,0,0,c1+c2+c3+c4+c5+c6+c7+c8+c9+c10+c11,True,2,0,1,1.0000,True,0,1,0.001
"Graph atlas n<=7",atlas_272,7,6,2,2,2,2,2,2,2,2,2,2,2,2,2,c1+c2+c3+c4+c5+c6+c7+c8+c10+c11,,0,0,0,c1+c2+c3+c4+c5+c6+c7+c8+c9+c10+c11,True,2,0,1,1.0000,True,0,1,0.001
"Graph atlas n<=7",atlas_273,7,6,3,3,3,3,3,3,3,3,3,3,3,3,3,c1+c2+c3+c4+c5+c6+c7+c8+c10+c11,,0,0,0,c1+c2+c3+c4+c5+c6+c7+c8+c9+c10+c11,True,3,0,1,1.0000,True,0,1,0.001
"Graph atlas n<=7",atlas_274,7,6,2,2,2,2,2,2,2,2,2,2,2,2,2,c1+c2+c3+c4+c5+c6+c7+c8+c10+c11,,0,0,0,c1+c2+c3+c4+c5+c6+c7+c8+c9+c10+c11,True,3,0,1,1.0000,True,0,1,0.001
"Graph atlas n<=7",atlas_275,7,6,3,3,3,3,3,3,3,3,3,3,3,3,3,c1+c2+c3+c4+c5+c6+c7+c8+c10+c11,,0,0,0,c1+c2+c3+c4+c5+c6+c7+c8+c9+c10+c11,False,3,0,1,0.2857,True,0,2,0.001
"Graph atlas n<=7",atlas_276,7,6,3,3,3,3,3,3,3,3,3,3,3,3,3,c1+c2+c3+c4+c5+c6+c7+c8+c10+c11,,0,0,0,c1+c2+c3+c4+c5+c6+c7+c8+c9+c10+c11,True,4,0,1,1.0000,True,0,1,0.001
"Graph atlas n<=7",atlas_277,7,6,3,3,3,3,3,3,3,3,3,3,3,3,3,c1+c2+c3+c4+c5+c6+c7+c8+c10+c11,,0,0,0,c1+c2+c3+c4+c5+c6+c7+c8+c9+c10+c11,False,3,0,1,0.2857,True,0,2,0.001
"Graph atlas n<=7",atlas_278,7,6,2,2,2,2,2,2,2,2,2,2,2,2,2,c1+c2+c3+c4+c5+c6+c7+c8+c10+c11,,0,0,0,c1+c2+c3+c4+c5+c6+c7+c8+c9+c10+c11,True,2,0,1,1.0000,True,0,1,0.001
"Graph atlas n<=7",atlas_279,7,6,3,3,3,3,3,3,3,3,3,3,3,3,3,c1+c2+c3+c4+c5+c6+c7+c8+c10+c11,,0,0,0,c1+c2+c3+c4+c5+c6+c7+c8+c9+c10+c11,True,4,0,1,1.0000,True,0,1,0.001
"Graph atlas n<=7",atlas_280,7,6,3,3,3,3,3,3,3,3,3,3,3,3,3,c1+c2+c3+c4+c5+c6+c7+c8+c10+c11,,0,0,0,c1+c2+c3+c4+c5+c6+c7+c8+c9+c10+c11,True,3,0,1,1.0000,True,0,1,0.001
"Graph atlas n<=7",atlas_281,7,6,3,3,4,3,3,3,4,3,3,3,3,3,3,c1+c2+c4+c5+c6+c8+c10+c11,,0,0,0,c1+c2+c3+c4+c5+c6+c7+c8+c9+c10+c11,True,4,0,2,1.0000,True,0,2,0.001
"Graph atlas n<=7",atlas_282,7,6,3,3,3,3,3,3,3,3,3,3,3,3,3,c1+c2+c3+c4+c5+c6+c7+c8+c10+c11,,0,0,0,c1+c2+c3+c4+c5+c6+c7+c8+c9+c10+c11,False,3,0,1,0.4286,True,0,2,0.002
"Graph atlas n<=7",atlas_283,7,6,4,4,4,4,4,4,4,4,4,4,4,4,4,c1+c2+c3+c4+c5+c6+c7+c8+c10+c11,,0,0,0,c1+c2+c3+c4+c5+c6+c7+c8+c9+c10+c11,False,4,0,1,0.2857,True,0,2,0.001
"Graph atlas n<=7",atlas_284,7,6,3,4,3,3,3,3,3,3,3,3,3,3,3,c1+c3+c4+c5+c6+c7+c8+c10+c11,,0,0,0,c1+c2+c3+c4+c5+c6+c7+c8+c9+c10+c11,True,4,0,1,1.0000,True,0,1,0.001
"Graph atlas n<=7",atlas_285,7,6,3,3,3,3,3,3,3,3,3,3,3,3,3,c1+c2+c3+c4+c5+c6+c7+c8+c10+c11,,0,0,0,c1+c2+c3+c4+c5+c6+c7+c8+c9+c10+c11,False,3,0,1,0.5714,True,0,2,0.001
"Graph atlas n<=7",atlas_286,7,6,3,3,3,3,3,3,3,3,3,3,3,3,3,c1+c2+c3+c4+c5+c6+c7+c8+c10+c11,,0,0,0,c1+c2+c3+c4+c5+c6+c7+c8+c9+c10+c11,True,4,0,1,1.0000,True,0,1,0.001
"Graph atlas n<=7",atlas_287,7,6,4,4,4,4,4,4,4,4,4,4,4,4,4,c1+c2+c3+c4+c5+c6+c7+c8+c10+c11,,0,0,0,c1+c2+c3+c4+c5+c6+c7+c8+c9+c10+c11,False,4,0,1,0.5714,True,0,2,0.001
"Graph atlas n<=7",atlas_288,7,6,3,3,3,3,3,3,3,3,3,3,3,3,3,c1+c2+c3+c4+c5+c6+c7+c8+c10+c11,,0,0,0,c1+c2+c3+c4+c5+c6+c7+c8+c9+c10+c11,True,3,0,2,1.0000,True,0,2,0.001
"Graph atlas n<=7",atlas_289,7,6,4,4,4,4,4,4,4,4,4,4,4,4,4,c1+c2+c3+c4+c5+c6+c7+c8+c10+c11,,0,0,0,c1+c2+c3+c4+c5+c6+c7+c8+c9+c10+c11,False,4,0,1,0.2857,True,0,2,0.001
"Graph atlas n<=7",atlas_290,7,7,3,3,3,3,3,3,3,3,3,3,3,3,3,c1+c2+c3+c4+c5+c6+c7+c8+c10+c11,,0,0,0,c1+c2+c3+c4+c5+c6+c7+c8+c9+c10+c11,False,3,0,0,0.0000,True,0,3,0.001
"Graph atlas n<=7",atlas_291,7,7,2,2,2,2,2,2,2,2,2,2,2,2,2,c1+c2+c3+c4+c5+c6+c7+c8+c10+c11,,0,0,0,c1+c2+c3+c4+c5+c6+c7+c8+c9+c10+c11,False,2,0,0,0.0000,True,0,2,0.001
"Graph atlas n<=7",atlas_292,7,7,3,3,3,3,3,3,3,3,3,3,3,3,3,c1+c2+c3+c4+c5+c6+c7+c8+c10+c11,,0,0,0,c1+c2+c3+c4+c5+c6+c7+c8+c9+c10+c11,False,3,0,0,0.0000,True,0,2,0.001
"Graph atlas n<=7",atlas_293,7,7,3,3,3,3,3,3,3,3,3,3,3,3,3,c1+c2+c3+c4+c5+c6+c7+c8+c10+c11,,0,0,0,c1+c2+c3+c4+c5+c6+c7+c8+c9+c10+c11,False,3,0,0,0.0000,True,0,3,0.001
"Graph atlas n<=7",atlas_294,7,7,2,2,2,2,2,2,2,2,2,2,2,2,2,c1+c2+c3+c4+c5+c6+c7+c8+c10+c11,,0,0,0,c1+c2+c3+c4+c5+c6+c7+c8+c9+c10+c11,False,2,0,0,0.0000,True,0,2,0.001
"Graph atlas n<=7",atlas_295,7,7,2,2,2,2,2,2,2,2,2,2,2,2,2,c1+c2+c3+c4+c5+c6+c7+c8+c10+c11,,0,0,0,c1+c2+c3+c4+c5+c6+c7+c8+c9+c10+c11,False,2,0,0,0.0000,True,0,2,0.001
"Graph atlas n<=7",atlas_296,7,7,3,3,3,3,3,3,3,3,3,3,3,3,3,c1+c2+c3+c4+c5+c6+c7+c8+c10+c11,,0,0,0,c1+c2+c3+c4+c5+c6+c7+c8+c9+c10+c11,False,3,0,0,0.0000,True,0,2,0.001
"Graph atlas n<=7",atlas_297,7,7,3,3,3,3,3,3,3,3,3,3,3,3,3,c1+c2+c3+c4+c5+c6+c7+c8+c10+c11,,0,0,0,c1+c2+c3+c4+c5+c6+c7+c8+c9+c10+c11,False,3,0,0,0.0000,True,0,2,0.001
"Graph atlas n<=7",atlas_298,7,7,3,4,3,3,3,3,3,3,3,3,3,3,3,c1+c3+c4+c5+c6+c7+c8+c10+c11,,0,0,0,c1+c2+c3+c4+c5+c6+c7+c8+c9+c10+c11,False,3,0,0,0.0000,True,0,2,0.001
"Graph atlas n<=7",atlas_299,7,7,4,4,4,4,4,4,4,4,4,4,4,4,4,c1+c2+c3+c4+c5+c6+c7+c8+c10+c11,,0,0,0,c1+c2+c3+c4+c5+c6+c7+c8+c9+c10+c11,False,4,0,1,0.3333,True,0,3,0.001
"Graph atlas n<=7",atlas_300,7,7,3,3,3,3,3,3,3,3,3,3,3,3,3,c1+c2+c3+c4+c5+c6+c7+c8+c10+c11,,0,0,0,c1+c2+c3+c4+c5+c6+c7+c8+c9+c10+c11,False,3,0,0,0.0000,True,0,2,0.001
"Graph atlas n<=7",atlas_301,7,7,3,3,3,3,3,3,3,3,3,3,3,3,3,c1+c2+c3+c4+c5+c6+c7+c8+c10+c11,,0,0,0,c1+c2+c3+c4+c5+c6+c7+c8+c9+c10+c11,False,3,0,0,0.0000,True,0,2,0.001
"Graph atlas n<=7",atlas_302,7,7,3,3,3,3,3,3,3,3,3,3,3,3,3,c1+c2+c3+c4+c5+c6+c7+c8+c10+c11,,0,0,0,c1+c2+c3+c4+c5+c6+c7+c8+c9+c10+c11,False,3,0,0,0.0000,True,0,2,0.001
"Graph atlas n<=7",atlas_303,7,7,3,3,3,3,3,3,3,3,3,3,3,3,3,c1+c2+c3+c4+c5+c6+c7+c8+c10+c11,,0,0,0,c1+c2+c3+c4+c5+c6+c7+c8+c9+c10+c11,False,3,0,0,0.0000,True,0,2,0.001
"Graph atlas n<=7",atlas_304,7,7,2,2,2,2,2,2,2,2,2,2,2,2,2,c1+c2+c3+c4+c5+c6+c7+c8+c10+c11,,0,0,0,c1+c2+c3+c4+c5+c6+c7+c8+c9+c10+c11,True,4,0,2,1.0000,True,0,2,0.002
"Graph atlas n<=7",atlas_305,7,7,3,3,3,3,3,3,3,3,3,3,3,3,3,c1+c2+c3+c4+c5+c6+c7+c8+c10+c11,,0,0,0,c1+c2+c3+c4+c5+c6+c7+c8+c9+c10+c11,False,3,0,0,0.0000,True,0,2,0.001
"Graph atlas n<=7",atlas_306,7,7,3,3,3,3,3,3,3,3,3,3,3,3,3,c1+c2+c3+c4+c5+c6+c7+c8+c10+c11,,0,0,0,c1+c2+c3+c4+c5+c6+c7+c8+c9+c10+c11,False,3,0,0,0.0000,True,0,2,0.001
"Graph atlas n<=7",atlas_307,7,7,3,3,3,3,3,3,3,3,3,3,3,3,3,c1+c2+c3+c4+c5+c6+c7+c8+c10+c11,,0,0,0,c1+c2+c3+c4+c5+c6+c7+c8+c9+c10+c11,False,3,0,0,0.0000,True,0,2,0.001
"Graph atlas n<=7",atlas_308,7,7,3,3,3,3,3,3,3,3,3,3,3,3,3,c1+c2+c3+c4+c5+c6+c7+c8+c10+c11,,0,0,0,c1+c2+c3+c4+c5+c6+c7+c8+c9+c10+c11,True,3,0,2,1.0000,True,0,2,0.002
"Graph atlas n<=7",atlas_309,7,7,4,3,3,3,4,4,4,3,3,3,3,3,3,c2+c3+c4+c8+c10+c11,,0,0,0,c1+c2+c3+c4+c5+c6+c7+c8+c9+c10+c11,False,3,0,0,0.0000,True,0,2,0.001
"Graph atlas n<=7",atlas_310,7,7,3,3,3,3,3,3,3,3,3,3,3,3,3,c1+c2+c3+c4+c5+c6+c7+c8+c10+c11,,0,0,0,c1+c2+c3+c4+c5+c6+c7+c8+c9+c10+c11,False,3,0,0,0.0000,True,0,2,0.001
"Graph atlas n<=7",atlas_311,7,7,3,3,3,3,3,3,3,3,3,3,3,3,3,c1+c2+c3+c4+c5+c6+c7+c8+c10+c11,,0,0,0,c1+c2+c3+c4+c5+c6+c7+c8+c9+c10+c11,False,3,0,0,0.0000,True,0,2,0.001
"Graph atlas n<=7",atlas_312,7,7,3,3,3,3,3,3,3,3,3,3,3,3,3,c1+c2+c3+c4+c5+c6+c7+c8+c10+c11,,0,0,0,c1+c2+c3+c4+c5+c6+c7+c8+c9+c10+c11,True,3,0,2,1.0000,True,0,2,0.002
"Graph atlas n<=7",atlas_313,7,7,4,4,4,4,4,4,4,4,4,4,4,4,4,c1+c2+c3+c4+c5+c6+c7+c8+c10+c11,,0,0,0,c1+c2+c3+c4+c5+c6+c7+c8+c9+c10+c11,False,4,0,0,0.0000,True,0,2,0.001
"Graph atlas n<=7",atlas_314,7,7,2,2,2,2,2,2,2,2,2,2,2,2,2,c1+c2+c3+c4+c5+c6+c7+c8+c10+c11,,0,0,0,c1+c2+c3+c4+c5+c6+c7+c8+c9+c10+c11,False,2,0,0,0.0000,True,0,2,0.001
"Graph atlas n<=7",atlas_315,7,7,2,2,2,2,2,2,2,2,2,2,2,2,2,c1+c2+c3+c4+c5+c6+c7+c8+c10+c11,,0,0,0,c1+c2+c3+c4+c5+c6+c7+c8+c9+c10+c11,False,2,0,0,0.0000,True,0,2,0.001
"Graph atlas n<=7",atlas_316,7,7,2,2,2,2,2,2,2,2,2,2,2,2,2,c1+c2+c3+c4+c5+c6+c7+c8+c10+c11,,0,0,0,c1+c2+c3+c4+c5+c6+c7+c8+c9+c10+c11,False,2,0,0,0.0000,True,0,2,0.001
"Graph atlas n<=7",atlas_317,7,7,3,3,3,3,3,3,3,3,3,3,3,3,3,c1+c2+c3+c4+c5+c6+c7+c8+c10+c11,,0,0,0,c1+c2+c3+c4+c5+c6+c7+c8+c9+c10+c11,False,3,0,0,0.0000,True,0,2,0.001
"Graph atlas n<=7",atlas_318,7,7,3,3,3,3,3,3,3,3,3,3,3,3,3,c1+c2+c3+c4+c5+c6+c7+c8+c10+c11,,0,0,0,c1+c2+c3+c4+c5+c6+c7+c8+c9+c10+c11,False,3,0,0,0.0000,True,0,2,0.001
"Graph atlas n<=7",atlas_319,7,7,2,2,3,2,2,2,3,2,2,2,2,2,2,c1+c2+c4+c5+c6+c8+c10+c11,,0,0,0,c1+c2+c3+c4+c5+c6+c7+c8+c9+c10+c11,True,2,0,2,1.0000,True,0,2,0.002
"Graph atlas n<=7",atlas_320,7,7,3,3,3,3,3,3,3,3,3,3,3,3,3,c1+c2+c3+c4+c5+c6+c7+c8+c10+c11,,0,0,0,c1+c2+c3+c4+c5+c6+c7+c8+c9+c10+c11,False,3,0,0,0.0000,True,0,2,0.001
"Graph atlas n<=7",atlas_321,7,7,3,3,3,3,3,3,3,3,3,3,3,3,3,c1+c2+c3+c4+c5+c6+c7+c8+c10+c11,,0,0,0,c1+c2+c3+c4+c5+c6+c7+c8+c9+c10+c11,False,3,0,0,0.0000,True,0,2,0.001
"Graph atlas n<=7",atlas_322,7,7,3,3,3,3,3,3,3,3,3,3,3,3,3,c1+c2+c3+c4+c5+c6+c7+c8+c10+c11,,0,0,0,c1+c2+c3+c4+c5+c6+c7+c8+c9+c10+c11,True,3,0,2,1.0000,True,0,2,0.001
"Graph atlas n<=7",atlas_323,7,7,3,3,3,3,3,3,3,3,3,3,3,3,3,c1+c2+c3+c4+c5+c6+c7+c8+c10+c11,,0,0,0,c1+c2+c3+c4+c5+c6+c7+c8+c9+c10+c11,False,3,0,1,0.2857,True,0,2,0.001
"Graph atlas n<=7",atlas_324,7,7,4,3,3,3,4,3,4,3,3,3,3,3,3,c2+c3+c4+c6+c8+c10+c11,,0,0,0,c1+c2+c3+c4+c5+c6+c7+c8+c9+c10+c11,False,3,0,0,0.0000,True,0,2,0.001
"Graph atlas n<=7",atlas_325,7,7,2,2,2,2,2,2,2,2,2,2,2,2,2,c1+c2+c3+c4+c5+c6+c7+c8+c10+c11,,0,0,0,c1+c2+c3+c4+c5+c6+c7+c8+c9+c10+c11,True,5,0,2,1.0000,True,0,2,0.001
"Graph atlas n<=7",atlas_326,7,7,3,3,3,3,3,3,3,3,3,3,3,3,3,c1+c2+c3+c4+c5+c6+c7+c8+c10+c11,,0,0,0,c1+c2+c3+c4+c5+c6+c7+c8+c9+c10+c11,False,3,0,0,0.0000,True,0,2,0.001
"Graph atlas n<=7",atlas_327,7,7,3,4,3,3,3,3,3,3,3,3,3,3,3,c1+c3+c4+c5+c6+c7+c8+c10+c11,,0,0,0,c1+c2+c3+c4+c5+c6+c7+c8+c9+c10+c11,True,3,0,2,1.0000,True,0,2,0.002
"Graph atlas n<=7",atlas_328,7,7,3,4,3,3,3,3,3,3,3,3,3,3,3,c1+c3+c4+c5+c6+c7+c8+c10+c11,,0,0,0,c1+c2+c3+c4+c5+c6+c7+c8+c9+c10+c11,False,3,0,0,0.0000,True,0,2,0.001
"Graph atlas n<=7",atlas_329,7,7,3,3,3,3,3,3,3,3,3,3,3,3,3,c1+c2+c3+c4+c5+c6+c7+c8+c10+c11,,0,0,0,c1+c2+c3+c4+c5+c6+c7+c8+c9+c10+c11,False,3,0,0,0.0000,True,0,2,0.001
"Graph atlas n<=7",atlas_330,7,7,4,4,4,4,4,4,4,4,4,4,4,4,4,c1+c2+c3+c4+c5+c6+c7+c8+c10+c11,,0,0,0,c1+c2+c3+c4+c5+c6+c7+c8+c9+c10+c11,False,4,0,1,0.2857,True,0,2,0.001
"Graph atlas n<=7",atlas_331,7,7,3,3,3,3,3,3,3,3,3,3,3,3,3,c1+c2+c3+c4+c5+c6+c7+c8+c10+c11,,0,0,0,c1+c2+c3+c4+c5+c6+c7+c8+c9+c10+c11,False,3,0,0,0.0000,True,0,2,0.001
"Graph atlas n<=7",atlas_332,7,7,3,3,4,3,3,3,4,3,3,3,3,3,3,c1+c2+c4+c5+c6+c8+c10+c11,,0,0,0,c1+c2+c3+c4+c5+c6+c7+c8+c9+c10+c11,True,3,0,2,1.0000,True,0,2,0.002
"Graph atlas n<=7",atlas_333,7,7,4,4,4,4,4,4,4,4,4,4,4,4,4,c1+c2+c3+c4+c5+c6+c7+c8+c10+c11,,0,0,0,c1+c2+c3+c4+c5+c6+c7+c8+c9+c10+c11,False,4,0,0,0.0000,True,0,2,0.001
"Graph atlas n<=7",atlas_334,7,7,3,3,3,3,3,3,3,3,3,3,3,3,3,c1+c2+c3+c4+c5+c6+c7+c8+c10+c11,,0,0,0,c1+c2+c3+c4+c5+c6+c7+c8+c9+c10+c11,False,3,0,0,0.0000,True,0,2,0.001
"Graph atlas n<=7",atlas_335,7,7,5,4,4,4,5,4,4,4,4,4,4,4,4,c2+c3+c4+c6+c7+c8+c10+c11,,0,0,0,c1+c2+c3+c4+c5+c6+c7+c8+c9+c10+c11,False,4,0,1,0.2857,True,0,2,0.001
"Graph atlas n<=7",atlas_336,7,7,3,3,3,3,3,3,3,3,3,3,3,3,3,c1+c2+c3+c4+c5+c6+c7+c8+c10+c11,,0,0,0,c1+c2+c3+c4+c5+c6+c7+c8+c9+c10+c11,False,3,0,0,0.0000,True,0,2,0.001
"Graph atlas n<=7",atlas_337,7,7,3,3,3,3,3,4,3,3,3,3,3,3,3,c1+c2+c3+c4+c5+c7+c8+c10+c11,,0,0,0,c1+c2+c3+c4+c5+c6+c7+c8+c9+c10+c11,True,4,0,2,1.0000,True,0,2,0.001
"Graph atlas n<=7",atlas_338,7,7,4,4,4,4,4,4,4,4,4,4,4,4,4,c1+c2+c3+c4+c5+c6+c7+c8+c10+c11,,0,0,0,c1+c2+c3+c4+c5+c6+c7+c8+c9+c10+c11,False,4,0,0,0.0000,True,0,2,0.001
"Graph atlas n<=7",atlas_339,7,7,4,4,4,4,4,4,4,4,4,4,4,4,4,c1+c2+c3+c4+c5+c6+c7+c8+c10+c11,,0,0,0,c1+c2+c3+c4+c5+c6+c7+c8+c9+c10+c11,False,4,0,0,0.0000,True,0,2,0.001
"Graph atlas n<=7",atlas_340,7,7,4,3,4,3,4,3,4,3,3,3,3,3,3,c2+c4+c6+c8+c10+c11,,0,0,0,c1+c2+c3+c4+c5+c6+c7+c8+c9+c10+c11,False,3,0,0,0.0000,True,0,2,0.001
"Graph atlas n<=7",atlas_341,7,7,3,3,3,3,3,3,3,3,3,3,3,3,3,c1+c2+c3+c4+c5+c6+c7+c8+c10+c11,,0,0,0,c1+c2+c3+c4+c5+c6+c7+c8+c9+c10+c11,True,3,0,2,1.0000,True,0,2,0.002
"Graph atlas n<=7",atlas_342,7,7,3,3,3,3,3,3,3,3,3,3,3,3,3,c1+c2+c3+c4+c5+c6+c7+c8+c10+c11,,0,0,0,c1+c2+c3+c4+c5+c6+c7+c8+c9+c10+c11,False,3,0,0,0.0000,True,0,2,0.001
"Graph atlas n<=7",atlas_343,7,7,3,3,3,3,3,3,3,3,3,3,3,3,3,c1+c2+c3+c4+c5+c6+c7+c8+c10+c11,,0,0,0,c1+c2+c3+c4+c5+c6+c7+c8+c9+c10+c11,False,3,0,0,0.0000,True,0,2,0.001
"Graph atlas n<=7",atlas_344,7,7,3,3,3,3,3,3,3,3,3,3,3,3,3,c1+c2+c3+c4+c5+c6+c7+c8+c10+c11,,0,0,0,c1+c2+c3+c4+c5+c6+c7+c8+c9+c10+c11,True,3,0,2,1.0000,True,0,2,0.001
"Graph atlas n<=7",atlas_345,7,7,4,4,4,4,4,4,4,4,4,4,4,4,4,c1+c2+c3+c4+c5+c6+c7+c8+c10+c11,,0,0,0,c1+c2+c3+c4+c5+c6+c7+c8+c9+c10+c11,False,4,0,1,0.2857,True,0,2,0.001
"Graph atlas n<=7",atlas_346,7,7,3,3,3,3,3,3,3,3,3,3,3,3,3,c1+c2+c3+c4+c5+c6+c7+c8+c10+c11,,0,0,0,c1+c2+c3+c4+c5+c6+c7+c8+c9+c10+c11,False,3,0,1,0.4286,True,0,2,0.001
"Graph atlas n<=7",atlas_347,7,7,3,3,3,3,3,3,3,3,3,3,3,3,3,c1+c2+c3+c4+c5+c6+c7+c8+c10+c11,,0,0,0,c1+c2+c3+c4+c5+c6+c7+c8+c9+c10+c11,True,3,0,2,1.0000,True,0,2,0.002
"Graph atlas n<=7",atlas_348,7,7,3,4,3,3,3,3,3,3,3,3,3,3,3,c1+c3+c4+c5+c6+c7+c8+c10+c11,,0,0,0,c1+c2+c3+c4+c5+c6+c7+c8+c9+c10+c11,True,4,0,2,1.0000,True,0,2,0.001
"Graph atlas n<=7",atlas_349,7,7,4,4,4,4,4,4,4,4,4,4,4,4,4,c1+c2+c3+c4+c5+c6+c7+c8+c10+c11,,0,0,0,c1+c2+c3+c4+c5+c6+c7+c8+c9+c10+c11,False,4,0,0,0.0000,True,0,2,0.001
"Graph atlas n<=7",atlas_350,7,7,3,3,4,3,3,3,4,3,3,3,3,3,3,c1+c2+c4+c5+c6+c8+c10+c11,,0,0,0,c1+c2+c3+c4+c5+c6+c7+c8+c9+c10+c11,True,4,0,2,1.0000,True,0,2,0.001
"Graph atlas n<=7",atlas_351,7,7,4,4,4,4,4,4,4,4,4,4,4,4,4,c1+c2+c3+c4+c5+c6+c7+c8+c10+c11,,0,0,0,c1+c2+c3+c4+c5+c6+c7+c8+c9+c10+c11,False,4,0,0,0.0000,True,0,2,0.001
"Graph atlas n<=7",atlas_352,7,7,4,4,4,4,4,4,4,4,4,4,4,4,4,c1+c2+c3+c4+c5+c6+c7+c8+c10+c11,,0,0,0,c1+c2+c3+c4+c5+c6+c7+c8+c9+c10+c11,False,4,0,0,0.0000,True,0,2,0.001
"Graph atlas n<=7",atlas_353,7,7,4,4,4,4,4,4,4,4,4,4,4,4,4,c1+c2+c3+c4+c5+c6+c7+c8+c10+c11,,0,0,0,c1+c2+c3+c4+c5+c6+c7+c8+c9+c10+c11,False,4,0,0,0.0000,True,0,2,0.001
"Graph atlas n<=7",atlas_354,7,7,4,4,4,4,4,4,4,4,4,4,4,4,4,c1+c2+c3+c4+c5+c6+c7+c8+c10+c11,,0,0,0,c1+c2+c3+c4+c5+c6+c7+c8+c9+c10+c11,False,4,0,2,0.5714,True,0,2,0.001
"Graph atlas n<=7",atlas_355,7,8,3,3,3,3,3,3,3,3,3,3,3,3,3,c1+c2+c3+c4+c5+c6+c7+c8+c10+c11,,0,0,0,c1+c2+c3+c4+c5+c6+c7+c8+c9+c10+c11,False,3,0,0,0.0000,True,0,3,0.001
"Graph atlas n<=7",atlas_356,7,8,3,3,3,3,3,3,4,3,3,3,3,3,3,c1+c2+c3+c4+c5+c6+c8+c10+c11,,0,0,0,c1+c2+c3+c4+c5+c6+c7+c8+c9+c10+c11,False,3,0,0,0.0000,True,0,3,0.001
"Graph atlas n<=7",atlas_357,7,8,3,3,3,3,3,3,3,3,3,3,3,3,3,c1+c2+c3+c4+c5+c6+c7+c8+c10+c11,,0,0,0,c1+c2+c3+c4+c5+c6+c7+c8+c9+c10+c11,False,3,0,0,0.0000,True,0,3,0.001
"Graph atlas n<=7",atlas_358,7,8,3,3,3,3,3,3,3,3,3,3,3,3,3,c1+c2+c3+c4+c5+c6+c7+c8+c10+c11,,0,0,0,c1+c2+c3+c4+c5+c6+c7+c8+c9+c10+c11,False,3,0,0,0.0000,True,0,3,0.001
"Graph atlas n<=7",atlas_359,7,8,2,2,2,2,2,2,2,2,2,2,2,2,2,c1+c2+c3+c4+c5+c6+c7+c8+c10+c11,,0,0,0,c1+c2+c3+c4+c5+c6+c7+c8+c9+c10+c11,False,2,0,0,0.0000,True,0,2,0.001
"Graph atlas n<=7",atlas_360,7,8,3,3,3,3,3,3,3,3,3,3,3,3,3,c1+c2+c3+c4+c5+c6+c7+c8+c10+c11,,0,0,0,c1+c2+c3+c4+c5+c6+c7+c8+c9+c10+c11,False,3,0,0,0.0000,True,0,2,0.001
"Graph atlas n<=7",atlas_361,7,8,3,3,3,3,3,3,3,3,3,3,3,3,3,c1+c2+c3+c4+c5+c6+c7+c8+c10+c11,,0,0,0,c1+c2+c3+c4+c5+c6+c7+c8+c9+c10+c11,False,3,0,0,0.0000,True,0,2,0.001
"Graph atlas n<=7",atlas_362,7,8,3,3,3,3,3,3,3,3,3,3,3,3,3,c1+c2+c3+c4+c5+c6+c7+c8+c10+c11,,0,0,0,c1+c2+c3+c4+c5+c6+c7+c8+c9+c10+c11,False,3,0,0,0.0000,True,0,2,0.001
"Graph atlas n<=7",atlas_363,7,8,4,3,3,3,4,3,4,3,3,3,3,3,3,c2+c3+c4+c6+c8+c10+c11,,0,0,0,c1+c2+c3+c4+c5+c6+c7+c8+c9+c10+c11,False,3,0,0,0.0000,True,0,2,0.001
"Graph atlas n<=7",atlas_364,7,8,3,3,3,3,3,3,3,3,3,3,3,3,3,c1+c2+c3+c4+c5+c6+c7+c8+c10+c11,,0,0,0,c1+c2+c3+c4+c5+c6+c7+c8+c9+c10+c11,False,3,0,0,0.0000,True,0,3,0.001
"Graph atlas n<=7",atlas_365,7,8,4,3,3,3,4,3,3,3,3,3,3,3,3,c2+c3+c4+c6+c7+c8+c10+c11,,0,0,0,c1+c2+c3+c4+c5+c6+c7+c8+c9+c10+c11,False,3,0,0,0.0000,True,0,3,0.001
"Graph atlas n<=7",atlas_366,7,8,4,4,4,4,4,4,4,4,4,4,4,4,4,c1+c2+c3+c4+c5+c6+c7+c8+c10+c11,,0,0,0,c1+c2+c3+c4+c5+c6+c7+c8+c9+c10+c11,False,4,0,0,0.0000,True,0,3,0.001
"Graph atlas n<=7",atlas_367,7,8,3,3,4,3,3,3,4,3,3,3,3,3,3,c1+c2+c4+c5+c6+c8+c10+c11,,0,0,0,c1+c2+c3+c4+c5+c6+c7+c8+c9+c10+c11,False,3,0,0,0.0000,True,0,3,0.001
"Graph atlas n<=7",atlas_368,7,8,3,3,3,3,3,3,3,3,3,3,3,3,3,c1+c2+c3+c4+c5+c6+c7+c8+c10+c11,,0,0,0,c1+c2+c3+c4+c5+c6+c7+c8+c9+c10+c11,False,3,0,0,0.0000,True,0,2,0.001
"Graph atlas n<=7",atlas_369,7,8,3,3,3,3,3,3,3,3,3,3,3,3,3,c1+c2+c3+c4+c5+c6+c7+c8+c10+c11,,0,0,0,c1+c2+c3+c4+c5+c6+c7+c8+c9+c10+c11,False,3,0,0,0.0000,True,0,2,0.001
"Graph atlas n<=7",atlas_370,7,8,2,2,2,2,2,2,2,2,2,2,2,2,2,c1+c2+c3+c4+c5+c6+c7+c8+c10+c11,,0,0,0,c1+c2+c3+c4+c5+c6+c7+c8+c9+c10+c11,True,2,0,2,1.0000,True,0,2,0.002
"Graph atlas n<=7",atlas_371,7,8,4,3,4,4,4,3,4,4,3,3,3,3,3,c2+c6+c10+c11,,0,0,0,c1+c2+c3+c4+c5+c6+c7+c8+c9+c10+c11,False,3,0,0,0.0000,True,0,2,0.001
"Graph atlas n<=7",atlas_372,7,8,3,4,3,3,3,3,4,3,3,3,3,3,3,c1+c3+c4+c5+c6+c8+c10+c11,,0,0,0,c1+c2+c3+c4+c5+c6+c7+c8+c9+c10+c11,False,3,0,0,0.0000,True,0,2,0.001
"Graph atlas n<=7",atlas_373,7,8,3,3,3,3,3,3,3,3,3,3,3,3,3,c1+c2+c3+c4+c5+c6+c7+c8+c10+c11,,0,0,0,c1+c2+c3+c4+c5+c6+c7+c8+c9+c10+c11,False,3,0,0,0.0000,True,0,2,0.001
"Graph atlas n<=7",atlas_374,7,8,4,4,4,4,4,4,4,4,4,4,4,4,4,c1+c2+c3+c4+c5+c6+c7+c8+c10+c11,,0,0,0,c1+c2+c3+c4+c5+c6+c7+c8+c9+c10+c11,False,4,0,0,0.0000,True,0,2,0.001
"Graph atlas n<=7",atlas_375,7,8,4,3,3,3,4,3,4,3,3,3,3,3,3,c2+c3+c4+c6+c8+c10+c11,,0,0,0,c1+c2+c3+c4+c5+c6+c7+c8+c9+c10+c11,False,3,0,0,0.0000,True,0,3,0.001
"Graph atlas n<=7",atlas_376,7,8,4,4,4,4,4,4,4,4,4,4,4,4,4,c1+c2+c3+c4+c5+c6+c7+c8+c10+c11,,0,0,0,c1+c2+c3+c4+c5+c6+c7+c8+c9+c10+c11,False,4,0,0,0.0000,True,0,3,0.001
"Graph atlas n<=7",atlas_377,7,8,4,4,4,4,4,4,4,4,4,4,4,4,4,c1+c2+c3+c4+c5+c6+c7+c8+c10+c11,,0,0,0,c1+c2+c3+c4+c5+c6+c7+c8+c9+c10+c11,False,4,0,0,0.0000,True,0,2,0.001
"Graph atlas n<=7",atlas_378,7,8,3,3,4,3,3,4,3,3,3,3,3,3,3,c1+c2+c4+c5+c7+c8+c10+c11,,0,0,0,c1+c2+c3+c4+c5+c6+c7+c8+c9+c10+c11,True,3,0,2,1.0000,True,0,3,0.002
"Graph atlas n<=7",atlas_379,7,8,2,2,2,2,2,2,2,2,2,2,2,2,2,c1+c2+c3+c4+c5+c6+c7+c8+c10+c11,,0,0,0,c1+c2+c3+c4+c5+c6+c7+c8+c9+c10+c11,False,2,0,0,0.0000,True,0,2,0.001
"Graph atlas n<=7",atlas_380,7,8,2,2,2,2,2,2,2,2,2,2,2,2,2,c1+c2+c3+c4+c5+c6+c7+c8+c10+c11,,0,0,0,c1+c2+c3+c4+c5+c6+c7+c8+c9+c10+c11,False,2,0,0,0.0000,True,0,2,0.001
"Graph atlas n<=7",atlas_381,7,8,3,3,3,3,3,3,3,3,3,3,3,3,3,c1+c2+c3+c4+c5+c6+c7+c8+c10+c11,,0,0,0,c1+c2+c3+c4+c5+c6+c7+c8+c9+c10+c11,False,3,0,0,0.0000,True,0,2,0.001
"Graph atlas n<=7",atlas_382,7,8,3,3,3,3,3,3,3,3,3,3,3,3,3,c1+c2+c3+c4+c5+c6+c7+c8+c10+c11,,0,0,0,c1+c2+c3+c4+c5+c6+c7+c8+c9+c10+c11,False,3,0,0,0.0000,True,0,2,0.001
"Graph atlas n<=7",atlas_383,7,8,3,3,3,3,3,3,3,3,3,3,3,3,3,c1+c2+c3+c4+c5+c6+c7+c8+c10+c11,,0,0,0,c1+c2+c3+c4+c5+c6+c7+c8+c9+c10+c11,False,3,0,0,0.0000,True,0,2,0.001
"Graph atlas n<=7",atlas_384,7,8,3,3,3,3,3,3,3,3,3,3,3,3,3,c1+c2+c3+c4+c5+c6+c7+c8+c10+c11,,0,0,0,c1+c2+c3+c4+c5+c6+c7+c8+c9+c10+c11,False,3,0,0,0.0000,True,0,2,0.001
"Graph atlas n<=7",atlas_385,7,8,3,4,3,3,3,3,3,3,3,3,3,3,3,c1+c3+c4+c5+c6+c7+c8+c10+c11,,0,0,0,c1+c2+c3+c4+c5+c6+c7+c8+c9+c10+c11,False,3,0,0,0.0000,True,0,2,0.001
"Graph atlas n<=7",atlas_386,7,8,3,3,3,3,3,3,3,3,3,3,3,3,3,c1+c2+c3+c4+c5+c6+c7+c8+c10+c11,,0,0,0,c1+c2+c3+c4+c5+c6+c7+c8+c9+c10+c11,False,3,0,0,0.0000,True,0,2,0.001
"Graph atlas n<=7",atlas_387,7,8,4,4,4,4,4,4,4,4,4,4,4,4,4,c1+c2+c3+c4+c5+c6+c7+c8+c10+c11,,0,0,0,c1+c2+c3+c4+c5+c6+c7+c8+c9+c10+c11,False,4,0,1,0.2857,True,0,3,0.001
"Graph atlas n<=7",atlas_388,7,8,3,3,3,3,3,3,3,3,3,3,3,3,3,c1+c2+c3+c4+c5+c6+c7+c8+c10+c11,,0,0,0,c1+c2+c3+c4+c5+c6+c7+c8+c9+c10+c11,False,3,0,0,0.0000,True,0,2,0.001
"Graph atlas n<=7",atlas_389,7,8,3,3,3,3,3,3,3,3,3,3,3,3,3,c1+c2+c3+c4+c5+c6+c7+c8+c10+c11,,0,0,0,c1+c2+c3+c4+c5+c6+c7+c8+c9+c10+c11,False,3,0,0,0.0000,True,0,2,0.001
"Graph atlas n<=7",atlas_390,7,8,3,3,3,3,3,3,3,3,3,3,3,3,3,c1+c2+c3+c4+c5+c6+c7+c8+c10+c11,,0,0,0,c1+c2+c3+c4+c5+c6+c7+c8+c9+c10+c11,False,3,0,0,0.0000,True,0,2,0.001
"Graph atlas n<=7",atlas_391,7,8,3,3,3,3,3,3,3,3,3,3,3,3,3,c1+c2+c3+c4+c5+c6+c7+c8+c10+c11,,0,0,0,c1+c2+c3+c4+c5+c6+c7+c8+c9+c10+c11,False,3,0,0,0.0000,True,0,2,0.001
"Graph atlas n<=7",atlas_392,7,8,2,2,2,2,2,2,2,2,2,2,2,2,2,c1+c2+c3+c4+c5+c6+c7+c8+c10+c11,,0,0,0,c1+c2+c3+c4+c5+c6+c7+c8+c9+c10+c11,True,2,0,2,1.0000,True,0,2,0.001
"Graph atlas n<=7",atlas_393,7,8,3,3,3,3,3,3,3,3,3,3,3,3,3,c1+c2+c3+c4+c5+c6+c7+c8+c10+c11,,0,0,0,c1+c2+c3+c4+c5+c6+c7+c8+c9+c10+c11,False,3,0,0,0.0000,True,0,2,0.001
"Graph atlas n<=7",atlas_394,7,8,3,3,3,3,3,3,3,3,3,3,3,3,3,c1+c2+c3+c4+c5+c6+c7+c8+c10+c11,,0,0,0,c1+c2+c3+c4+c5+c6+c7+c8+c9+c10+c11,False,3,0,0,0.0000,True,0,2,0.001
"Graph atlas n<=7",atlas_395,7,8,3,3,3,3,3,3,3,3,3,3,3,3,3,c1+c2+c3+c4+c5+c6+c7+c8+c10+c11,,0,0,0,c1+c2+c3+c4+c5+c6+c7+c8+c9+c10+c11,False,3,0,0,0.0000,True,0,2,0.001
"Graph atlas n<=7",atlas_396,7,8,2,2,2,2,2,2,2,2,2,2,2,2,2,c1+c2+c3+c4+c5+c6+c7+c8+c10+c11,,0,0,0,c1+c2+c3+c4+c5+c6+c7+c8+c9+c10+c11,True,2,0,2,1.0000,True,0,2,0.002
"Graph atlas n<=7",atlas_397,7,8,3,3,3,3,3,3,3,3,3,3,3,3,3,c1+c2+c3+c4+c5+c6+c7+c8+c10+c11,,0,0,0,c1+c2+c3+c4+c5+c6+c7+c8+c9+c10+c11,False,3,0,1,0.2857,True,0,2,0.001
"Graph atlas n<=7",atlas_398,7,8,3,3,4,3,3,3,3,3,3,3,3,3,3,c1+c2+c4+c5+c6+c7+c8+c10+c11,,0,0,0,c1+c2+c3+c4+c5+c6+c7+c8+c9+c10+c11,False,3,0,0,0.0000,True,0,2,0.001
"Graph atlas n<=7",atlas_399,7,8,4,4,4,4,4,4,4,4,4,4,4,4,4,c1+c2+c3+c4+c5+c6+c7+c8+c10+c11,,0,0,0,c1+c2+c3+c4+c5+c6+c7+c8+c9+c10+c11,False,4,0,0,0.0000,True,0,2,0.001
"Graph atlas n<=7",atlas_400,7,8,3,3,3,3,3,3,3,3,3,3,3,3,3,c1+c2+c3+c4+c5+c6+c7+c8+c10+c11,,0,0,0,c1+c2+c3+c4+c5+c6+c7+c8+c9+c10+c11,False,3,0,0,0.0000,True,0,2,0.001
"Graph atlas n<=7",atlas_401,7,8,3,4,3,3,3,3,3,3,3,3,3,3,3,c1+c3+c4+c5+c6+c7+c8+c10+c11,,0,0,0,c1+c2+c3+c4+c5+c6+c7+c8+c9+c10+c11,False,3,0,0,0.0000,True,0,2,0.001
"Graph atlas n<=7",atlas_402,7,8,3,3,3,3,3,3,3,3,3,3,3,3,3,c1+c2+c3+c4+c5+c6+c7+c8+c10+c11,,0,0,0,c1+c2+c3+c4+c5+c6+c7+c8+c9+c10+c11,False,3,0,0,0.0000,True,0,2,0.001
"Graph atlas n<=7",atlas_403,7,8,4,4,4,4,4,4,4,4,4,4,4,4,4,c1+c2+c3+c4+c5+c6+c7+c8+c10+c11,,0,0,0,c1+c2+c3+c4+c5+c6+c7+c8+c9+c10+c11,False,4,0,0,0.0000,True,0,2,0.001
"Graph atlas n<=7",atlas_404,7,8,4,3,3,3,4,3,4,3,3,3,3,3,3,c2+c3+c4+c6+c8+c10+c11,,0,0,0,c1+c2+c3+c4+c5+c6+c7+c8+c9+c10+c11,False,3,0,0,0.0000,True,0,2,0.001
"Graph atlas n<=7",atlas_405,7,8,3,3,3,3,3,3,3,3,3,3,3,3,3,c1+c2+c3+c4+c5+c6+c7+c8+c10+c11,,0,0,0,c1+c2+c3+c4+c5+c6+c7+c8+c9+c10+c11,True,3,0,2,1.0000,True,0,2,0.002
"Graph atlas n<=7",atlas_406,7,8,3,3,3,3,3,3,3,3,3,3,3,3,3,c1+c2+c3+c4+c5+c6+c7+c8+c10+c11,,0,0,0,c1+c2+c3+c4+c5+c6+c7+c8+c9+c10+c11,False,3,0,0,0.0000,True,0,2,0.001
"Graph atlas n<=7",atlas_407,7,8,5,4,4,4,5,4,4,4,4,4,4,4,4,c2+c3+c4+c6+c7+c8+c10+c11,,0,0,0,c1+c2+c3+c4+c5+c6+c7+c8+c9+c10+c11,False,4,0,1,0.2857,True,0,2,0.001
"Graph atlas n<=7",atlas_408,7,8,3,3,3,3,3,3,3,3,3,3,3,3,3,c1+c2+c3+c4+c5+c6+c7+c8+c10+c11,,0,0,0,c1+c2+c3+c4+c5+c6+c7+c8+c9+c10+c11,False,3,0,0,0.0000,True,0,2,0.001
"Graph atlas n<=7",atlas_409,7,8,4,4,4,4,4,4,4,4,4,4,4,4,4,c1+c2+c3+c4+c5+c6+c7+c8+c10+c11,,0,0,0,c1+c2+c3+c4+c5+c6+c7+c8+c9+c10+c11,False,4,0,0,0.0000,True,0,2,0.001
"Graph atlas n<=7",atlas_410,7,8,3,3,3,3,3,3,3,3,3,3,3,3,3,c1+c2+c3+c4+c5+c6+c7+c8+c10+c11,,0,0,0,c1+c2+c3+c4+c5+c6+c7+c8+c9+c10+c11,False,3,0,0,0.0000,True,0,2,0.001
"Graph atlas n<=7",atlas_411,7,8,3,3,3,3,3,3,3,3,3,3,3,3,3,c1+c2+c3+c4+c5+c6+c7+c8+c10+c11,,0,0,0,c1+c2+c3+c4+c5+c6+c7+c8+c9+c10+c11,True,4,0,2,1.0000,True,0,2,0.002
"Graph atlas n<=7",atlas_412,7,8,3,3,3,3,3,3,3,3,3,3,3,3,3,c1+c2+c3+c4+c5+c6+c7+c8+c10+c11,,0,0,0,c1+c2+c3+c4+c5+c6+c7+c8+c9+c10+c11,False,3,0,0,0.0000,True,0,2,0.001
"Graph atlas n<=7",atlas_413,7,8,4,4,4,4,4,4,4,4,4,4,4,4,4,c1+c2+c3+c4+c5+c6+c7+c8+c10+c11,,0,0,0,c1+c2+c3+c4+c5+c6+c7+c8+c9+c10+c11,False,4,0,0,0.0000,True,0,2,0.001
"Graph atlas n<=7",atlas_414,7,8,4,4,4,4,4,4,4,4,4,4,4,4,4,c1+c2+c3+c4+c5+c6+c7+c8+c10+c11,,0,0,0,c1+c2+c3+c4+c5+c6+c7+c8+c9+c10+c11,False,4,0,0,0.0000,True,0,2,0.001
"Graph atlas n<=7",atlas_415,7,8,4,4,3,3,4,3,3,3,3,3,3,3,3,c3+c4+c6+c7+c8+c10+c11,,0,0,0,c1+c2+c3+c4+c5+c6+c7+c8+c9+c10+c11,False,3,0,0,0.0000,True,0,2,0.001
"Graph atlas n<=7",atlas_416,7,8,4,3,4,3,4,4,4,3,3,3,3,3,3,c2+c4+c8+c10+c11,,0,0,0,c1+c2+c3+c4+c5+c6+c7+c8+c9+c10+c11,True,4,0,2,1.0000,True,0,2,0.002
"Graph atlas n<=7",atlas_417,7,8,4,4,4,4,4,4,4,4,4,4,4,4,4,c1+c2+c3+c4+c5+c6+c7+c8+c10+c11,,0,0,0,c1+c2+c3+c4+c5+c6+c7+c8+c9+c10+c11,False,4,0,1,0.2857,True,0,3,0.001
"Graph atlas n<=7",atlas_418,7,8,4,4,4,4,4,4,4,4,4,4,4,4,4,c1+c2+c3+c4+c5+c6+c7+c8+c10+c11,,0,0,0,c1+c2+c3+c4+c5+c6+c7+c8+c9+c10+c11,False,4,0,1,0.4286,True,0,3,0.001
"Graph atlas n<=7",atlas_419,7,8,3,3,4,3,3,3,4,3,3,3,3,3,3,c1+c2+c4+c5+c6+c8+c10+c11,,0,0,0,c1+c2+c3+c4+c5+c6+c7+c8+c9+c10+c11,False,3,0,0,0.0000,True,0,2,0.001
"Graph atlas n<=7",atlas_420,7,8,4,4,4,4,4,4,5,4,4,4,4,4,4,c1+c2+c3+c4+c5+c6+c8+c10+c11,,0,0,0,c1+c2+c3+c4+c5+c6+c7+c8+c9+c10+c11,False,4,0,0,0.0000,True,0,2,0.001
"Graph atlas n<=7",atlas_421,7,8,3,4,3,3,3,4,3,3,3,3,3,3,3,c1+c3+c4+c5+c7+c8+c10+c11,,0,0,0,c1+c2+c3+c4+c5+c6+c7+c8+c9+c10+c11,False,3,0,0,0.0000,True,0,2,0.001
"Graph atlas n<=7",atlas_422,7,8,4,4,4,4,4,4,4,4,4,4,4,4,4,c1+c2+c3+c4+c5+c6+c7+c8+c10+c11,,0,0,0,c1+c2+c3+c4+c5+c6+c7+c8+c9+c10+c11,False,4,0,0,0.0000,True,0,2,0.001
"Graph atlas n<=7",atlas_423,7,8,3,3,3,3,3,3,3,3,3,3,3,3,3,c1+c2+c3+c4+c5+c6+c7+c8+c10+c11,,0,0,0,c1+c2+c3+c4+c5+c6+c7+c8+c9+c10+c11,False,3,0,0,0.0000,True,0,2,0.001
"Graph atlas n<=7",atlas_424,7,8,5,4,4,4,5,4,4,4,4,4,4,4,4,c2+c3+c4+c6+c7+c8+c10+c11,,0,0,0,c1+c2+c3+c4+c5+c6+c7+c8+c9+c10+c11,False,4,0,0,0.0000,True,0,2,0.001
"Graph atlas n<=7",atlas_425,7,8,3,3,3,3,3,4,3,3,3,3,3,3,3,c1+c2+c3+c4+c5+c7+c8+c10+c11,,0,0,0,c1+c2+c3+c4+c5+c6+c7+c8+c9+c10+c11,False,3,0,0,0.0000,True,0,2,0.001
"Graph atlas n<=7",atlas_426,7,8,4,4,4,4,4,4,4,4,4,4,4,4,4,c1+c2+c3+c4+c5+c6+c7+c8+c10+c11,,0,0,0,c1+c2+c3+c4+c5+c6+c7+c8+c9+c10+c11,False,4,0,0,0.0000,True,0,2,0.002
"Graph atlas n<=7",atlas_427,7,8,3,3,4,3,3,4,3,3,3,3,3,3,3,c1+c2+c4+c5+c7+c8+c10+c11,,0,0,0,c1+c2+c3+c4+c5+c6+c7+c8+c9+c10+c11,True,4,0,2,1.0000,True,0,2,0.002
"Graph atlas n<=7",atlas_428,7,8,3,3,3,3,3,3,3,3,3,3,3,3,3,c1+c2+c3+c4+c5+c6+c7+c8+c10+c11,,0,0,0,c1+c2+c3+c4+c5+c6+c7+c8+c9+c10+c11,False,3,0,0,0.0000,True,0,2,0.001
"Graph atlas n<=7",atlas_429,7,8,4,4,4,4,4,4,4,4,4,4,4,4,4,c1+c2+c3+c4+c5+c6+c7+c8+c10+c11,,0,0,0,c1+c2+c3+c4+c5+c6+c7+c8+c9+c10+c11,False,4,0,0,0.0000,True,0,2,0.001
"Graph atlas n<=7",atlas_430,7,8,3,3,3,3,3,3,3,3,3,3,3,3,3,c1+c2+c3+c4+c5+c6+c7+c8+c10+c11,,0,0,0,c1+c2+c3+c4+c5+c6+c7+c8+c9+c10+c11,False,3,0,0,0.0000,True,0,2,0.001
"Graph atlas n<=7",atlas_431,7,8,3,3,3,3,3,3,3,3,3,3,3,3,3,c1+c2+c3+c4+c5+c6+c7+c8+c10+c11,,0,0,0,c1+c2+c3+c4+c5+c6+c7+c8+c9+c10+c11,True,3,0,2,1.0000,True,0,2,0.001
"Graph atlas n<=7",atlas_432,7,8,4,4,4,4,4,4,4,4,4,4,4,4,4,c1+c2+c3+c4+c5+c6+c7+c8+c10+c11,,0,0,0,c1+c2+c3+c4+c5+c6+c7+c8+c9+c10+c11,False,4,0,0,0.0000,True,0,2,0.001
"Graph atlas n<=7",atlas_433,7,8,4,4,4,4,4,4,4,4,4,4,4,4,4,c1+c2+c3+c4+c5+c6+c7+c8+c10+c11,,0,0,0,c1+c2+c3+c4+c5+c6+c7+c8+c9+c10+c11,False,4,0,0,0.0000,True,0,2,0.001
"Graph atlas n<=7",atlas_434,7,8,3,4,4,3,3,3,3,3,3,3,3,3,3,c1+c4+c5+c6+c7+c8+c10+c11,,0,0,0,c1+c2+c3+c4+c5+c6+c7+c8+c9+c10+c11,True,5,0,2,1.0000,True,0,2,0.002
"Graph atlas n<=7",atlas_435,7,8,4,4,4,4,4,4,4,4,4,4,4,4,4,c1+c2+c3+c4+c5+c6+c7+c8+c10+c11,,0,0,0,c1+c2+c3+c4+c5+c6+c7+c8+c9+c10+c11,False,4,0,0,0.0000,True,0,2,0.001
"Graph atlas n<=7",atlas_436,7,8,4,4,4,4,4,4,4,4,4,4,4,4,4,c1+c2+c3+c4+c5+c6+c7+c8+c10+c11,,0,0,0,c1+c2+c3+c4+c5+c6+c7+c8+c9+c10+c11,False,4,0,0,0.0000,True,0,2,0.001
"Graph atlas n<=7",atlas_437,7,8,4,4,4,4,4,4,4,4,4,4,4,4,4,c1+c2+c3+c4+c5+c6+c7+c8+c10+c11,,0,0,0,c1+c2+c3+c4+c5+c6+c7+c8+c9+c10+c11,False,4,0,0,0.0000,True,0,2,0.001
"Graph atlas n<=7",atlas_438,7,8,3,3,3,3,3,3,3,3,3,3,3,3,3,c1+c2+c3+c4+c5+c6+c7+c8+c10+c11,,0,0,0,c1+c2+c3+c4+c5+c6+c7+c8+c9+c10+c11,False,3,0,0,0.0000,True,0,2,0.001
"Graph atlas n<=7",atlas_439,7,8,4,4,4,4,4,4,4,4,4,4,4,4,4,c1+c2+c3+c4+c5+c6+c7+c8+c10+c11,,0,0,0,c1+c2+c3+c4+c5+c6+c7+c8+c9+c10+c11,False,4,0,0,0.0000,True,0,2,0.001
"Graph atlas n<=7",atlas_440,7,8,4,4,4,4,4,4,4,4,4,4,4,4,4,c1+c2+c3+c4+c5+c6+c7+c8+c10+c11,,0,0,0,c1+c2+c3+c4+c5+c6+c7+c8+c9+c10+c11,False,4,0,0,0.0000,True,0,2,0.001
"Graph atlas n<=7",atlas_441,7,8,3,3,3,3,3,3,3,3,3,3,3,3,3,c1+c2+c3+c4+c5+c6+c7+c8+c10+c11,,0,0,0,c1+c2+c3+c4+c5+c6+c7+c8+c9+c10+c11,False,3,0,0,0.0000,True,0,2,0.001
"Graph atlas n<=7",atlas_442,7,8,3,4,3,3,3,3,3,3,3,3,3,3,3,c1+c3+c4+c5+c6+c7+c8+c10+c11,,0,0,0,c1+c2+c3+c4+c5+c6+c7+c8+c9+c10+c11,True,3,0,2,1.0000,True,0,2,0.002
"Graph atlas n<=7",atlas_443,7,8,4,4,4,4,4,4,4,4,4,4,4,4,4,c1+c2+c3+c4+c5+c6+c7+c8+c10+c11,,0,0,0,c1+c2+c3+c4+c5+c6+c7+c8+c9+c10+c11,False,4,0,0,0.0000,True,0,2,0.001
"Graph atlas n<=7",atlas_444,7,8,3,3,4,4,3,3,4,4,3,3,3,3,3,c1+c2+c5+c6+c10+c11,,0,0,0,c1+c2+c3+c4+c5+c6+c7+c8+c9+c10+c11,True,4,0,2,1.0000,True,0,2,0.001
"Graph atlas n<=7",atlas_445,7,8,4,4,4,4,4,4,4,4,4,4,4,4,4,c1+c2+c3+c4+c5+c6+c7+c8+c10+c11,,0,0,0,c1+c2+c3+c4+c5+c6+c7+c8+c9+c10+c11,False,4,0,0,0.0000,True,0,2,0.001
"Graph atlas n<=7",atlas_446,7,8,4,4,4,4,4,4,4,4,4,4,4,4,4,c1+c2+c3+c4+c5+c6+c7+c8+c10+c11,,0,0,0,c1+c2+c3+c4+c5+c6+c7+c8+c9+c10+c11,False,4,0,0,0.0000,True,0,2,0.001
"Graph atlas n<=7",atlas_447,7,8,4,4,4,4,4,4,4,4,4,4,4,4,4,c1+c2+c3+c4+c5+c6+c7+c8+c10+c11,,0,0,0,c1+c2+c3+c4+c5+c6+c7+c8+c9+c10+c11,False,4,0,0,0.0000,True,0,2,0.001
"Graph atlas n<=7",atlas_448,7,8,3,3,3,3,3,3,3,3,3,3,3,3,3,c1+c2+c3+c4+c5+c6+c7+c8+c10+c11,,0,0,0,c1+c2+c3+c4+c5+c6+c7+c8+c9+c10+c11,True,4,0,2,1.0000,True,0,2,0.001
"Graph atlas n<=7",atlas_449,7,8,4,4,4,4,4,4,4,4,4,4,4,4,4,c1+c2+c3+c4+c5+c6+c7+c8+c10+c11,,0,0,0,c1+c2+c3+c4+c5+c6+c7+c8+c9+c10+c11,False,4,0,0,0.0000,True,0,2,0.001
"Graph atlas n<=7",atlas_450,7,8,4,4,4,4,4,4,4,4,4,4,4,4,4,c1+c2+c3+c4+c5+c6+c7+c8+c10+c11,,0,0,0,c1+c2+c3+c4+c5+c6+c7+c8+c9+c10+c11,False,4,0,0,0.0000,True,0,2,0.001
"Graph atlas n<=7",atlas_451,7,8,4,4,4,4,4,4,4,4,4,4,4,4,4,c1+c2+c3+c4+c5+c6+c7+c8+c10+c11,,0,0,0,c1+c2+c3+c4+c5+c6+c7+c8+c9+c10+c11,False,4,0,0,0.0000,True,0,2,0.001
"Graph atlas n<=7",atlas_452,7,9,4,3,3,3,4,3,3,3,3,3,3,3,3,c2+c3+c4+c6+c7+c8+c10+c11,,0,0,0,c1+c2+c3+c4+c5+c6+c7+c8+c9+c10+c11,False,3,0,0,0.0000,True,0,3,0.001
"Graph atlas n<=7",atlas_453,7,9,3,3,3,3,3,3,3,3,3,3,3,3,3,c1+c2+c3+c4+c5+c6+c7+c8+c10+c11,,0,0,0,c1+c2+c3+c4+c5+c6+c7+c8+c9+c10+c11,False,3,0,0,0.0000,True,0,3,0.001
"Graph atlas n<=7",atlas_454,7,9,3,3,3,3,3,3,3,3,3,3,3,3,3,c1+c2+c3+c4+c5+c6+c7+c8+c10+c11,,0,0,0,c1+c2+c3+c4+c5+c6+c7+c8+c9+c10+c11,False,3,0,0,0.0000,True,0,3,0.001
"Graph atlas n<=7",atlas_455,7,9,3,3,3,3,3,3,3,3,3,3,3,3,3,c1+c2+c3+c4+c5+c6+c7+c8+c10+c11,,0,0,0,c1+c2+c3+c4+c5+c6+c7+c8+c9+c10+c11,False,3,0,0,0.0000,True,0,3,0.001
"Graph atlas n<=7",atlas_456,7,9,3,3,3,3,3,3,3,3,3,3,3,3,3,c1+c2+c3+c4+c5+c6+c7+c8+c10+c11,,0,0,0,c1+c2+c3+c4+c5+c6+c7+c8+c9+c10+c11,False,3,0,0,0.0000,True,0,3,0.001
"Graph atlas n<=7",atlas_457,7,9,4,4,4,4,4,4,4,4,4,4,4,4,4,c1+c2+c3+c4+c5+c6+c7+c8+c10+c11,,0,0,0,c1+c2+c3+c4+c5+c6+c7+c8+c9+c10+c11,False,4,0,0,0.0000,True,0,3,0.001
"Graph atlas n<=7",atlas_458,7,9,2,2,2,2,2,2,2,2,2,2,2,2,2,c1+c2+c3+c4+c5+c6+c7+c8+c10+c11,,0,0,0,c1+c2+c3+c4+c5+c6+c7+c8+c9+c10+c11,False,2,0,0,0.0000,True,0,2,0.001
"Graph atlas n<=7",atlas_459,7,9,3,3,3,3,3,3,3,3,3,3,3,3,3,c1+c2+c3+c4+c5+c6+c7+c8+c10+c11,,0,0,0,c1+c2+c3+c4+c5+c6+c7+c8+c9+c10+c11,False,3,0,0,0.0000,True,0,2,0.001
"Graph atlas n<=7",atlas_460,7,9,3,3,3,3,3,3,3,3,3,3,3,3,3,c1+c2+c3+c4+c5+c6+c7+c8+c10+c11,,0,0,0,c1+c2+c3+c4+c5+c6+c7+c8+c9+c10+c11,False,3,0,0,0.0000,True,0,2,0.001
"Graph atlas n<=7",atlas_461,7,9,3,3,3,3,3,3,3,3,3,3,3,3,3,c1+c2+c3+c4+c5+c6+c7+c8+c10+c11,,0,0,0,c1+c2+c3+c4+c5+c6+c7+c8+c9+c10+c11,False,3,0,0,0.0000,True,0,2,0.001
"Graph atlas n<=7",atlas_462,7,9,5,4,4,4,5,4,5,4,4,4,4,4,4,c2+c3+c4+c6+c8+c10+c11,,0,0,0,c1+c2+c3+c4+c5+c6+c7+c8+c9+c10+c11,False,4,0,0,0.0000,True,0,3,0.001
"Graph atlas n<=7",atlas_463,7,9,3,3,3,3,3,3,3,3,3,3,3,3,3,c1+c2+c3+c4+c5+c6+c7+c8+c10+c11,,0,0,0,c1+c2+c3+c4+c5+c6+c7+c8+c9+c10+c11,False,3,0,0,0.0000,True,0,3,0.001
"Graph atlas n<=7",atlas_464,7,9,4,4,4,4,4,4,4,4,4,4,4,4,4,c1+c2+c3+c4+c5+c6+c7+c8+c10+c11,,0,0,0,c1+c2+c3+c4+c5+c6+c7+c8+c9+c10+c11,False,4,0,0,0.0000,True,0,2,0.001
"Graph atlas n<=7",atlas_465,7,9,3,3,4,3,3,4,3,3,3,3,3,3,3,c1+c2+c4+c5+c7+c8+c10+c11,,0,0,0,c1+c2+c3+c4+c5+c6+c7+c8+c9+c10+c11,False,3,0,0,0.0000,True,0,3,0.001
"Graph atlas n<=7",atlas_466,7,9,4,4,4,4,4,4,4,4,4,4,4,4,4,c1+c2+c3+c4+c5+c6+c7+c8+c10+c11,,0,0,0,c1+c2+c3+c4+c5+c6+c7+c8+c9+c10+c11,False,4,0,0,0.0000,True,0,3,0.001
"Graph atlas n<=7",atlas_467,7,9,3,3,3,3,3,3,3,3,3,3,3,3,3,c1+c2+c3+c4+c5+c6+c7+c8+c10+c11,,0,0,0,c1+c2+c3+c4+c5+c6+c7+c8+c9+c10+c11,False,3,0,0,0.0000,True,0,3,0.001
"Graph atlas n<=7",atlas_468,7,9,4,4,4,4,4,4,4,4,4,4,4,4,4,c1+c2+c3+c4+c5+c6+c7+c8+c10+c11,,0,0,0,c1+c2+c3+c4+c5+c6+c7+c8+c9+c10+c11,False,4,0,0,0.0000,True,0,3,0.001
"Graph atlas n<=7",atlas_469,7,9,4,4,4,4,4,4,4,4,4,4,4,4,4,c1+c2+c3+c4+c5+c6+c7+c8+c10+c11,,0,0,0,c1+c2+c3+c4+c5+c6+c7+c8+c9+c10+c11,False,4,0,0,0.0000,True,0,3,0.001
"Graph atlas n<=7",atlas_470,7,9,4,3,3,3,4,3,4,3,3,3,3,3,3,c2+c3+c4+c6+c8+c10+c11,,0,0,0,c1+c2+c3+c4+c5+c6+c7+c8+c9+c10+c11,False,3,0,0,0.0000,True,0,3,0.001
"Graph atlas n<=7",atlas_471,7,9,4,4,4,4,4,4,4,4,4,4,4,4,4,c1+c2+c3+c4+c5+c6+c7+c8+c10+c11,,0,0,0,c1+c2+c3+c4+c5+c6+c7+c8+c9+c10+c11,False,4,0,0,0.0000,True,0,3,0.001
"Graph atlas n<=7",atlas_472,7,9,3,3,3,3,3,3,3,3,3,3,3,3,3,c1+c2+c3+c4+c5+c6+c7+c8+c10+c11,,0,0,0,c1+c2+c3+c4+c5+c6+c7+c8+c9+c10+c11,True,3,0,3,1.0000,True,0,3,0.002
"Graph atlas n<=7",atlas_473,7,9,3,3,3,3,3,3,3,3,3,3,3,3,3,c1+c2+c3+c4+c5+c6+c7+c8+c10+c11,,0,0,0,c1+c2+c3+c4+c5+c6+c7+c8+c9+c10+c11,False,3,0,0,0.0000,True,0,3,0.001
"Graph atlas n<=7",atlas_474,7,9,3,3,3,3,3,3,3,3,3,3,3,3,3,c1+c2+c3+c4+c5+c6+c7+c8+c10+c11,,0,0,0,c1+c2+c3+c4+c5+c6+c7+c8+c9+c10+c11,False,3,0,0,0.0000,True,0,3,0.001
"Graph atlas n<=7",atlas_475,7,9,3,3,3,3,3,3,3,3,3,3,3,3,3,c1+c2+c3+c4+c5+c6+c7+c8+c10+c11,,0,0,0,c1+c2+c3+c4+c5+c6+c7+c8+c9+c10+c11,False,3,0,0,0.0000,True,0,3,0.001
"Graph atlas n<=7",atlas_476,7,9,2,2,2,2,2,2,2,2,2,2,2,2,2,c1+c2+c3+c4+c5+c6+c7+c8+c10+c11,,0,0,0,c1+c2+c3+c4+c5+c6+c7+c8+c9+c10+c11,False,2,0,0,0.0000,True,0,2,0.001
"Graph atlas n<=7",atlas_477,7,9,2,2,2,2,2,2,2,2,2,2,2,2,2,c1+c2+c3+c4+c5+c6+c7+c8+c10+c11,,0,0,0,c1+c2+c3+c4+c5+c6+c7+c8+c9+c10+c11,False,2,0,0,0.0000,True,0,2,0.001
"Graph atlas n<=7",atlas_478,7,9,3,3,3,3,3,3,3,3,3,3,3,3,3,c1+c2+c3+c4+c5+c6+c7+c8+c10+c11,,0,0,0,c1+c2+c3+c4+c5+c6+c7+c8+c9+c10+c11,False,3,0,0,0.0000,True,0,2,0.001
"Graph atlas n<=7",atlas_479,7,9,3,3,3,3,3,3,3,3,3,3,3,3,3,c1+c2+c3+c4+c5+c6+c7+c8+c10+c11,,0,0,0,c1+c2+c3+c4+c5+c6+c7+c8+c9+c10+c11,False,3,0,0,0.0000,True,0,2,0.001
"Graph atlas n<=7",atlas_480,7,9,3,3,3,3,3,3,3,3,3,3,3,3,3,c1+c2+c3+c4+c5+c6+c7+c8+c10+c11,,0,0,0,c1+c2+c3+c4+c5+c6+c7+c8+c9+c10+c11,False,3,0,0,0.0000,True,0,2,0.001
"Graph atlas n<=7",atlas_481,7,9,3,3,3,3,3,3,3,3,3,3,3,3,3,c1+c2+c3+c4+c5+c6+c7+c8+c10+c11,,0,0,0,c1+c2+c3+c4+c5+c6+c7+c8+c9+c10+c11,False,3,0,0,0.0000,True,0,2,0.001
"Graph atlas n<=7",atlas_482,7,9,3,3,3,3,3,3,3,3,3,3,3,3,3,c1+c2+c3+c4+c5+c6+c7+c8+c10+c11,,0,0,0,c1+c2+c3+c4+c5+c6+c7+c8+c9+c10+c11,False,3,0,0,0.0000,True,0,2,0.001
"Graph atlas n<=7",atlas_483,7,9,3,3,3,3,3,3,3,3,3,3,3,3,3,c1+c2+c3+c4+c5+c6+c7+c8+c10+c11,,0,0,0,c1+c2+c3+c4+c5+c6+c7+c8+c9+c10+c11,False,3,0,0,0.0000,True,0,2,0.001
"Graph atlas n<=7",atlas_484,7,9,3,3,3,3,3,3,3,3,3,3,3,3,3,c1+c2+c3+c4+c5+c6+c7+c8+c10+c11,,0,0,0,c1+c2+c3+c4+c5+c6+c7+c8+c9+c10+c11,False,3,0,0,0.0000,True,0,2,0.001
"Graph atlas n<=7",atlas_485,7,9,3,3,3,3,3,3,3,3,3,3,3,3,3,c1+c2+c3+c4+c5+c6+c7+c8+c10+c11,,0,0,0,c1+c2+c3+c4+c5+c6+c7+c8+c9+c10+c11,False,3,0,0,0.0000,True,0,3,0.001
"Graph atlas n<=7",atlas_486,7,9,3,3,3,3,3,3,3,3,3,3,3,3,3,c1+c2+c3+c4+c5+c6+c7+c8+c10+c11,,0,0,0,c1+c2+c3+c4+c5+c6+c7+c8+c9+c10+c11,False,3,0,0,0.0000,True,0,3,0.001
"Graph atlas n<=7",atlas_487,7,9,4,4,4,4,4,4,4,4,4,4,4,4,4,c1+c2+c3+c4+c5+c6+c7+c8+c10+c11,,0,0,0,c1+c2+c3+c4+c5+c6+c7+c8+c9+c10+c11,False,4,0,0,0.0000,True,0,3,0.001
"Graph atlas n<=7",atlas_488,7,9,4,4,4,4,4,4,4,4,4,4,4,4,4,c1+c2+c3+c4+c5+c6+c7+c8+c10+c11,,0,0,0,c1+c2+c3+c4+c5+c6+c7+c8+c9+c10+c11,False,4,0,0,0.0000,True,0,2,0.001
"Graph atlas n<=7",atlas_489,7,9,3,3,3,3,3,3,3,3,3,3,3,3,3,c1+c2+c3+c4+c5+c6+c7+c8+c10+c11,,0,0,0,c1+c2+c3+c4+c5+c6+c7+c8+c9+c10+c11,False,3,0,0,0.0000,True,0,2,0.001
"Graph atlas n<=7",atlas_490,7,9,3,3,3,3,3,3,3,3,3,3,3,3,3,c1+c2+c3+c4+c5+c6+c7+c8+c10+c11,,0,0,0,c1+c2+c3+c4+c5+c6+c7+c8+c9+c10+c11,False,3,0,0,0.0000,True,0,3,0.001
"Graph atlas n<=7",atlas_491,7,9,4,4,4,4,4,4,4,4,4,4,4,4,4,c1+c2+c3+c4+c5+c6+c7+c8+c10+c11,,0,0,0,c1+c2+c3+c4+c5+c6+c7+c8+c9+c10+c11,False,4,0,0,0.0000,True,0,3,0.001
"Graph atlas n<=7",atlas_492,7,9,3,3,3,3,3,3,3,3,3,3,3,3,3,c1+c2+c3+c4+c5+c6+c7+c8+c10+c11,,0,0,0,c1+c2+c3+c4+c5+c6+c7+c8+c9+c10+c11,False,3,0,0,0.0000,True,0,2,0.001
"Graph atlas n<=7",atlas_493,7,9,3,3,4,3,3,4,3,3,3,3,3,3,3,c1+c2+c4+c5+c7+c8+c10+c11,,0,0,0,c1+c2+c3+c4+c5+c6+c7+c8+c9+c10+c11,False,3,0,0,0.0000,True,0,3,0.001
"Graph atlas n<=7",atlas_494,7,9,4,4,4,4,4,4,4,4,4,4,4,4,4,c1+c2+c3+c4+c5+c6+c7+c8+c10+c11,,0,0,0,c1+c2+c3+c4+c5+c6+c7+c8+c9+c10+c11,False,4,0,0,0.0000,True,0,2,0.001
"Graph atlas n<=7",atlas_495,7,9,3,3,3,3,3,3,3,3,3,3,3,3,3,c1+c2+c3+c4+c5+c6+c7+c8+c10+c11,,0,0,0,c1+c2+c3+c4+c5+c6+c7+c8+c9+c10+c11,False,3,0,0,0.0000,True,0,3,0.001
"Graph atlas n<=7",atlas_496,7,9,4,4,4,4,4,4,4,4,4,4,4,4,4,c1+c2+c3+c4+c5+c6+c7+c8+c10+c11,,0,0,0,c1+c2+c3+c4+c5+c6+c7+c8+c9+c10+c11,False,4,0,1,0.2857,True,0,3,0.001
"Graph atlas n<=7",atlas_497,7,9,4,4,4,4,4,4,4,4,4,4,4,4,4,c1+c2+c3+c4+c5+c6+c7+c8+c10+c11,,0,0,0,c1+c2+c3+c4+c5+c6+c7+c8+c9+c10+c11,False,4,0,0,0.0000,True,0,2,0.001
"Graph atlas n<=7",atlas_498,7,9,3,3,3,3,3,4,3,3,3,3,3,3,3,c1+c2+c3+c4+c5+c7+c8+c10+c11,,0,0,0,c1+c2+c3+c4+c5+c6+c7+c8+c9+c10+c11,False,3,0,0,0.0000,True,0,3,0.001
"Graph atlas n<=7",atlas_499,7,9,4,4,4,4,4,4,4,4,4,4,4,4,4,c1+c2+c3+c4+c5+c6+c7+c8+c10+c11,,0,0,0,c1+c2+c3+c4+c5+c6+c7+c8+c9+c10+c11,False,4,0,0,0.0000,True,0,3,0.001
"Graph atlas n<=7",atlas_500,7,9,4,3,3,3,4,4,3,3,3,3,3,3,3,c2+c3+c4+c7+c8+c10+c11,,0,0,0,c1+c2+c3+c4+c5+c6+c7+c8+c9+c10+c11,False,3,0,0,0.0000,True,0,3,0.001
"Graph atlas n<=7",atlas_501,7,9,4,4,4,4,4,4,4,4,4,4,4,4,4,c1+c2+c3+c4+c5+c6+c7+c8+c10+c11,,0,0,0,c1+c2+c3+c4+c5+c6+c7+c8+c9+c10+c11,False,4,0,0,0.0000,True,0,3,0.001
"Graph atlas n<=7",atlas_502,7,9,5,4,4,4,5,4,4,4,4,4,4,4,4,c2+c3+c4+c6+c7+c8+c10+c11,,0,0,0,c1+c2+c3+c4+c5+c6+c7+c8+c9+c10+c11,False,4,0,1,0.2857,True,0,3,0.001
"Graph atlas n<=7",atlas_503,7,9,3,3,3,3,3,3,3,3,3,3,3,3,3,c1+c2+c3+c4+c5+c6+c7+c8+c10+c11,,0,0,0,c1+c2+c3+c4+c5+c6+c7+c8+c9+c10+c11,False,3,0,0,0.0000,True,0,2,0.001
"Graph atlas n<=7",atlas_504,7,9,3,3,3,3,3,3,3,3,3,3,3,3,3,c1+c2+c3+c4+c5+c6+c7+c8+c10+c11,,0,0,0,c1+c2+c3+c4+c5+c6+c7+c8+c9+c10+c11,False,3,0,0,0.0000,True,0,2,0.001
"Graph atlas n<=7",atlas_505,7,9,3,3,3,3,3,3,3,3,3,3,3,3,3,c1+c2+c3+c4+c5+c6+c7+c8+c10+c11,,0,0,0,c1+c2+c3+c4+c5+c6+c7+c8+c9+c10+c11,False,3,0,0,0.0000,True,0,2,0.001
"Graph atlas n<=7",atlas_506,7,9,3,3,3,3,3,3,3,3,3,3,3,3,3,c1+c2+c3+c4+c5+c6+c7+c8+c10+c11,,0,0,0,c1+c2+c3+c4+c5+c6+c7+c8+c9+c10+c11,False,3,0,0,0.0000,True,0,2,0.001
"Graph atlas n<=7",atlas_507,7,9,2,2,2,2,2,2,2,2,2,2,2,2,2,c1+c2+c3+c4+c5+c6+c7+c8+c10+c11,,0,0,0,c1+c2+c3+c4+c5+c6+c7+c8+c9+c10+c11,True,2,0,2,1.0000,True,0,2,0.002
"Graph atlas n<=7",atlas_508,7,9,4,3,4,3,4,3,4,3,3,3,3,3,3,c2+c4+c6+c8+c10+c11,,0,0,0,c1+c2+c3+c4+c5+c6+c7+c8+c9+c10+c11,False,3,0,0,0.0000,True,0,2,0.001
"Graph atlas n<=7",atlas_509,7,9,4,4,4,4,4,4,4,4,4,4,4,4,4,c1+c2+c3+c4+c5+c6+c7+c8+c10+c11,,0,0,0,c1+c2+c3+c4+c5+c6+c7+c8+c9+c10+c11,False,4,0,0,0.0000,True,0,2,0.001
"Graph atlas n<=7",atlas_510,7,9,4,4,4,4,4,4,4,4,4,4,4,4,4,c1+c2+c3+c4+c5+c6+c7+c8+c10+c11,,0,0,0,c1+c2+c3+c4+c5+c6+c7+c8+c9+c10+c11,False,4,0,0,0.0000,True,0,2,0.001
"Graph atlas n<=7",atlas_511,7,9,3,3,3,3,3,3,3,3,3,3,3,3,3,c1+c2+c3+c4+c5+c6+c7+c8+c10+c11,,0,0,0,c1+c2+c3+c4+c5+c6+c7+c8+c9+c10+c11,False,3,0,0,0.0000,True,0,2,0.001
"Graph atlas n<=7",atlas_512,7,9,3,4,3,3,3,3,4,3,3,3,3,3,3,c1+c3+c4+c5+c6+c8+c10+c11,,0,0,0,c1+c2+c3+c4+c5+c6+c7+c8+c9+c10+c11,False,3,0,0,0.0000,True,0,2,0.001
"Graph atlas n<=7",atlas_513,7,9,3,3,3,3,3,3,3,3,3,3,3,3,3,c1+c2+c3+c4+c5+c6+c7+c8+c10+c11,,0,0,0,c1+c2+c3+c4+c5+c6+c7+c8+c9+c10+c11,False,3,0,0,0.0000,True,0,2,0.001
"Graph atlas n<=7",atlas_514,7,9,4,4,4,4,4,4,4,4,4,4,4,4,4,c1+c2+c3+c4+c5+c6+c7+c8+c10+c11,,0,0,0,c1+c2+c3+c4+c5+c6+c7+c8+c9+c10+c11,False,4,0,0,0.0000,True,0,2,0.001
"Graph atlas n<=7",atlas_515,7,9,4,4,4,4,4,4,4,4,4,4,4,4,4,c1+c2+c3+c4+c5+c6+c7+c8+c10+c11,,0,0,0,c1+c2+c3+c4+c5+c6+c7+c8+c9+c10+c11,False,4,0,0,0.0000,True,0,2,0.001
"Graph atlas n<=7",atlas_516,7,9,4,3,4,3,4,3,4,3,3,3,3,3,3,c2+c4+c6+c8+c10+c11,,0,0,0,c1+c2+c3+c4+c5+c6+c7+c8+c9+c10+c11,False,3,0,0,0.0000,True,0,2,0.001
"Graph atlas n<=7",atlas_517,7,9,4,4,4,4,4,4,4,4,4,4,4,4,4,c1+c2+c3+c4+c5+c6+c7+c8+c10+c11,,0,0,0,c1+c2+c3+c4+c5+c6+c7+c8+c9+c10+c11,False,4,0,0,0.0000,True,0,2,0.001
"Graph atlas n<=7",atlas_518,7,9,3,3,3,3,3,3,3,3,3,3,3,3,3,c1+c2+c3+c4+c5+c6+c7+c8+c10+c11,,0,0,0,c1+c2+c3+c4+c5+c6+c7+c8+c9+c10+c11,False,3,0,0,0.0000,True,0,2,0.001
"Graph atlas n<=7",atlas_519,7,9,4,4,4,4,4,4,4,4,4,4,4,4,4,c1+c2+c3+c4+c5+c6+c7+c8+c10+c11,,0,0,0,c1+c2+c3+c4+c5+c6+c7+c8+c9+c10+c11,False,4,0,0,0.0000,True,0,2,0.001
"Graph atlas n<=7",atlas_520,7,9,3,3,3,3,3,3,3,3,3,3,3,3,3,c1+c2+c3+c4+c5+c6+c7+c8+c10+c11,,0,0,0,c1+c2+c3+c4+c5+c6+c7+c8+c9+c10+c11,False,3,0,0,0.0000,True,0,2,0.001
"Graph atlas n<=7",atlas_521,7,9,4,4,4,4,4,4,4,4,4,4,4,4,4,c1+c2+c3+c4+c5+c6+c7+c8+c10+c11,,0,0,0,c1+c2+c3+c4+c5+c6+c7+c8+c9+c10+c11,False,4,0,0,0.0000,True,0,2,0.001
"Graph atlas n<=7",atlas_522,7,9,3,3,3,3,3,3,3,3,3,3,3,3,3,c1+c2+c3+c4+c5+c6+c7+c8+c10+c11,,0,0,0,c1+c2+c3+c4+c5+c6+c7+c8+c9+c10+c11,False,3,0,0,0.0000,True,0,2,0.001
"Graph atlas n<=7",atlas_523,7,9,3,3,3,3,3,3,3,3,3,3,3,3,3,c1+c2+c3+c4+c5+c6+c7+c8+c10+c11,,0,0,0,c1+c2+c3+c4+c5+c6+c7+c8+c9+c10+c11,False,3,0,0,0.0000,True,0,2,0.001
"Graph atlas n<=7",atlas_524,7,9,3,3,3,3,3,3,3,3,3,3,3,3,3,c1+c2+c3+c4+c5+c6+c7+c8+c10+c11,,0,0,0,c1+c2+c3+c4+c5+c6+c7+c8+c9+c10+c11,False,3,0,0,0.0000,True,0,2,0.001
"Graph atlas n<=7",atlas_525,7,9,3,3,3,3,3,3,3,3,3,3,3,3,3,c1+c2+c3+c4+c5+c6+c7+c8+c10+c11,,0,0,0,c1+c2+c3+c4+c5+c6+c7+c8+c9+c10+c11,True,3,0,2,1.0000,True,0,2,0.002
"Graph atlas n<=7",atlas_526,7,9,4,4,4,4,4,4,4,4,4,4,4,4,4,c1+c2+c3+c4+c5+c6+c7+c8+c10+c11,,0,0,0,c1+c2+c3+c4+c5+c6+c7+c8+c9+c10+c11,False,4,0,0,0.0000,True,0,2,0.001
"Graph atlas n<=7",atlas_527,7,9,4,4,4,4,4,4,4,4,4,4,4,4,4,c1+c2+c3+c4+c5+c6+c7+c8+c10+c11,,0,0,0,c1+c2+c3+c4+c5+c6+c7+c8+c9+c10+c11,False,4,0,0,0.0000,True,0,2,0.001
"Graph atlas n<=7",atlas_528,7,9,3,3,3,3,3,3,3,3,3,3,3,3,3,c1+c2+c3+c4+c5+c6+c7+c8+c10+c11,,0,0,0,c1+c2+c3+c4+c5+c6+c7+c8+c9+c10+c11,False,3,0,0,0.0000,True,0,2,0.001
"Graph atlas n<=7",atlas_529,7,9,4,4,4,4,4,4,4,4,4,4,4,4,4,c1+c2+c3+c4+c5+c6+c7+c8+c10+c11,,0,0,0,c1+c2+c3+c4+c5+c6+c7+c8+c9+c10+c11,False,4,0,0,0.0000,True,0,2,0.001
"Graph atlas n<=7",atlas_530,7,9,4,4,4,4,4,4,4,4,4,4,4,4,4,c1+c2+c3+c4+c5+c6+c7+c8+c10+c11,,0,0,0,c1+c2+c3+c4+c5+c6+c7+c8+c9+c10+c11,False,4,0,0,0.0000,True,0,2,0.001
"Graph atlas n<=7",atlas_531,7,9,3,3,3,3,3,3,3,3,3,3,3,3,3,c1+c2+c3+c4+c5+c6+c7+c8+c10+c11,,0,0,0,c1+c2+c3+c4+c5+c6+c7+c8+c9+c10+c11,False,3,0,0,0.0000,True,0,3,0.001
"Graph atlas n<=7",atlas_532,7,9,4,4,4,4,4,4,4,4,4,4,4,4,4,c1+c2+c3+c4+c5+c6+c7+c8+c10+c11,,0,0,0,c1+c2+c3+c4+c5+c6+c7+c8+c9+c10+c11,False,4,0,0,0.0000,True,0,2,0.001
"Graph atlas n<=7",atlas_533,7,9,4,4,4,4,4,4,4,4,4,4,4,4,4,c1+c2+c3+c4+c5+c6+c7+c8+c10+c11,,0,0,0,c1+c2+c3+c4+c5+c6+c7+c8+c9+c10+c11,False,4,0,0,0.0000,True,0,2,0.001
"Graph atlas n<=7",atlas_534,7,9,4,4,4,4,4,4,4,4,4,4,4,4,4,c1+c2+c3+c4+c5+c6+c7+c8+c10+c11,,0,0,0,c1+c2+c3+c4+c5+c6+c7+c8+c9+c10+c11,False,4,0,0,0.0000,True,0,3,0.001
"Graph atlas n<=7",atlas_535,7,9,4,4,4,4,4,4,4,4,4,4,4,4,4,c1+c2+c3+c4+c5+c6+c7+c8+c10+c11,,0,0,0,c1+c2+c3+c4+c5+c6+c7+c8+c9+c10+c11,False,4,0,0,0.0000,True,0,3,0.001
"Graph atlas n<=7",atlas_536,7,9,4,4,4,4,4,4,4,4,4,4,4,4,4,c1+c2+c3+c4+c5+c6+c7+c8+c10+c11,,0,0,0,c1+c2+c3+c4+c5+c6+c7+c8+c9+c10+c11,False,4,0,0,0.0000,True,0,2,0.001
"Graph atlas n<=7",atlas_537,7,9,4,4,4,4,4,4,4,4,4,4,4,4,4,c1+c2+c3+c4+c5+c6+c7+c8+c10+c11,,0,0,0,c1+c2+c3+c4+c5+c6+c7+c8+c9+c10+c11,False,4,0,0,0.0000,True,0,3,0.001
"Graph atlas n<=7",atlas_538,7,9,4,4,4,4,4,4,4,4,4,4,4,4,4,c1+c2+c3+c4+c5+c6+c7+c8+c10+c11,,0,0,0,c1+c2+c3+c4+c5+c6+c7+c8+c9+c10+c11,False,4,0,0,0.0000,True,0,3,0.001
"Graph atlas n<=7",atlas_539,7,9,4,4,4,4,4,4,4,4,4,4,4,4,4,c1+c2+c3+c4+c5+c6+c7+c8+c10+c11,,0,0,0,c1+c2+c3+c4+c5+c6+c7+c8+c9+c10+c11,False,4,0,0,0.0000,True,0,3,0.001
"Graph atlas n<=7",atlas_540,7,9,3,3,3,3,3,3,3,3,3,3,3,3,3,c1+c2+c3+c4+c5+c6+c7+c8+c10+c11,,0,0,0,c1+c2+c3+c4+c5+c6+c7+c8+c9+c10+c11,False,3,0,0,0.0000,True,0,2,0.001
"Graph atlas n<=7",atlas_541,7,9,4,4,4,4,4,4,4,4,4,4,4,4,4,c1+c2+c3+c4+c5+c6+c7+c8+c10+c11,,0,0,0,c1+c2+c3+c4+c5+c6+c7+c8+c9+c10+c11,False,4,0,0,0.0000,True,0,2,0.001
"Graph atlas n<=7",atlas_542,7,9,3,3,4,3,3,4,3,3,3,3,3,3,3,c1+c2+c4+c5+c7+c8+c10+c11,,0,0,0,c1+c2+c3+c4+c5+c6+c7+c8+c9+c10+c11,True,4,0,3,1.0000,True,0,3,0.002
"Graph atlas n<=7",atlas_543,7,9,3,3,3,3,3,3,3,3,3,3,3,3,3,c1+c2+c3+c4+c5+c6+c7+c8+c10+c11,,0,0,0,c1+c2+c3+c4+c5+c6+c7+c8+c9+c10+c11,False,3,0,0,0.0000,True,0,3,0.001
"Graph atlas n<=7",atlas_544,7,9,4,4,4,4,4,4,4,4,4,4,4,4,4,c1+c2+c3+c4+c5+c6+c7+c8+c10+c11,,0,0,0,c1+c2+c3+c4+c5+c6+c7+c8+c9+c10+c11,False,4,0,0,0.0000,True,0,2,0.001
"Graph atlas n<=7",atlas_545,7,9,5,4,4,4,5,4,5,4,4,4,4,4,4,c2+c3+c4+c6+c8+c10+c11,,0,0,0,c1+c2+c3+c4+c5+c6+c7+c8+c9+c10+c11,False,4,0,0,0.0000,True,0,3,0.001
"Graph atlas n<=7",atlas_546,7,9,4,4,4,4,4,4,4,4,4,4,4,4,4,c1+c2+c3+c4+c5+c6+c7+c8+c10+c11,,0,0,0,c1+c2+c3+c4+c5+c6+c7+c8+c9+c10+c11,False,4,0,0,0.0000,True,0,3,0.001
"Graph atlas n<=7",atlas_547,7,9,4,4,4,4,4,4,4,4,4,4,4,4,4,c1+c2+c3+c4+c5+c6+c7+c8+c10+c11,,0,0,0,c1+c2+c3+c4+c5+c6+c7+c8+c9+c10+c11,False,4,0,0,0.0000,True,0,3,0.001
"Graph atlas n<=7",atlas_548,7,9,4,4,4,4,4,4,4,4,4,4,4,4,4,c1+c2+c3+c4+c5+c6+c7+c8+c10+c11,,0,0,0,c1+c2+c3+c4+c5+c6+c7+c8+c9+c10+c11,False,4,0,0,0.0000,True,0,2,0.001
"Graph atlas n<=7",atlas_549,7,9,4,4,4,4,4,4,4,4,4,4,4,4,4,c1+c2+c3+c4+c5+c6+c7+c8+c10+c11,,0,0,0,c1+c2+c3+c4+c5+c6+c7+c8+c9+c10+c11,False,4,0,0,0.0000,True,0,3,0.001
"Graph atlas n<=7",atlas_550,7,9,3,3,3,3,3,3,3,3,3,3,3,3,3,c1+c2+c3+c4+c5+c6+c7+c8+c10+c11,,0,0,0,c1+c2+c3+c4+c5+c6+c7+c8+c9+c10+c11,True,3,0,3,1.0000,True,0,3,0.002
"Graph atlas n<=7",atlas_551,7,9,6,4,4,4,6,4,4,4,4,4,4,4,4,c2+c3+c4+c6+c7+c8+c10+c11,,0,0,0,c1+c2+c3+c4+c5+c6+c7+c8+c9+c10+c11,False,4,0,0,0.0000,True,0,2,0.001
"Graph atlas n<=7",atlas_552,7,9,4,4,4,4,4,4,4,4,4,4,4,4,4,c1+c2+c3+c4+c5+c6+c7+c8+c10+c11,,0,0,0,c1+c2+c3+c4+c5+c6+c7+c8+c9+c10+c11,False,4,0,0,0.0000,True,0,2,0.001
"Graph atlas n<=7",atlas_553,7,9,3,3,3,3,3,4,3,3,3,3,3,3,3,c1+c2+c3+c4+c5+c7+c8+c10+c11,,0,0,0,c1+c2+c3+c4+c5+c6+c7+c8+c9+c10+c11,False,3,0,0,0.0000,True,0,2,0.001
"Graph atlas n<=7",atlas_554,7,9,3,3,3,3,3,3,3,3,3,3,3,3,3,c1+c2+c3+c4+c5+c6+c7+c8+c10+c11,,0,0,0,c1+c2+c3+c4+c5+c6+c7+c8+c9+c10+c11,False,3,0,0,0.0000,True,0,2,0.001
"Graph atlas n<=7",atlas_555,7,9,4,4,4,4,4,4,4,4,4,4,4,4,4,c1+c2+c3+c4+c5+c6+c7+c8+c10+c11,,0,0,0,c1+c2+c3+c4+c5+c6+c7+c8+c9+c10+c11,False,4,0,0,0.0000,True,0,2,0.001
"Graph atlas n<=7",atlas_556,7,9,3,3,3,3,3,4,3,3,3,3,3,3,3,c1+c2+c3+c4+c5+c7+c8+c10+c11,,0,0,0,c1+c2+c3+c4+c5+c6+c7+c8+c9+c10+c11,False,3,0,0,0.0000,True,0,2,0.001
"Graph atlas n<=7",atlas_557,7,9,4,4,4,4,4,4,4,4,4,4,4,4,4,c1+c2+c3+c4+c5+c6+c7+c8+c10+c11,,0,0,0,c1+c2+c3+c4+c5+c6+c7+c8+c9+c10+c11,False,4,0,0,0.0000,True,0,2,0.001
"Graph atlas n<=7",atlas_558,7,9,3,3,3,3,3,3,3,3,3,3,3,3,3,c1+c2+c3+c4+c5+c6+c7+c8+c10+c11,,0,0,0,c1+c2+c3+c4+c5+c6+c7+c8+c9+c10+c11,False,3,0,0,0.0000,True,0,2,0.001
"Graph atlas n<=7",atlas_559,7,9,5,4,4,4,5,4,4,4,4,4,4,4,4,c2+c3+c4+c6+c7+c8+c10+c11,,0,0,0,c1+c2+c3+c4+c5+c6+c7+c8+c9+c10+c11,False,4,0,0,0.0000,True,0,2,0.001
"Graph atlas n<=7",atlas_560,7,9,4,4,4,4,4,4,4,4,4,4,4,4,4,c1+c2+c3+c4+c5+c6+c7+c8+c10+c11,,0,0,0,c1+c2+c3+c4+c5+c6+c7+c8+c9+c10+c11,False,4,0,0,0.0000,True,0,2,0.001
"Graph atlas n<=7",atlas_561,7,9,4,4,4,4,4,4,4,4,4,4,4,4,4,c1+c2+c3+c4+c5+c6+c7+c8+c10+c11,,0,0,0,c1+c2+c3+c4+c5+c6+c7+c8+c9+c10+c11,False,4,0,0,0.0000,True,0,2,0.001
"Graph atlas n<=7",atlas_562,7,9,4,4,4,4,4,4,4,4,4,4,4,4,4,c1+c2+c3+c4+c5+c6+c7+c8+c10+c11,,0,0,0,c1+c2+c3+c4+c5+c6+c7+c8+c9+c10+c11,False,4,0,0,0.0000,True,0,2,0.001
"Graph atlas n<=7",atlas_563,7,9,5,4,4,4,5,4,5,4,4,4,4,4,4,c2+c3+c4+c6+c8+c10+c11,,0,0,0,c1+c2+c3+c4+c5+c6+c7+c8+c9+c10+c11,False,4,0,0,0.0000,True,0,2,0.001
"Graph atlas n<=7",atlas_564,7,9,3,3,3,3,3,3,3,3,3,3,3,3,3,c1+c2+c3+c4+c5+c6+c7+c8+c10+c11,,0,0,0,c1+c2+c3+c4+c5+c6+c7+c8+c9+c10+c11,False,3,0,0,0.0000,True,0,2,0.001
"Graph atlas n<=7",atlas_565,7,9,5,3,4,3,5,3,4,3,3,3,3,3,3,c2+c4+c6+c8+c10+c11,,0,0,0,c1+c2+c3+c4+c5+c6+c7+c8+c9+c10+c11,True,3,0,3,1.0000,True,0,2,0.002
"Graph atlas n<=7",atlas_566,7,9,4,4,4,4,4,4,4,4,4,4,4,4,4,c1+c2+c3+c4+c5+c6+c7+c8+c10+c11,,0,0,0,c1+c2+c3+c4+c5+c6+c7+c8+c9+c10+c11,False,4,0,0,0.0000,True,0,2,0.001
"Graph atlas n<=7",atlas_567,7,9,4,4,4,4,4,4,4,4,4,4,4,4,4,c1+c2+c3+c4+c5+c6+c7+c8+c10+c11,,0,0,0,c1+c2+c3+c4+c5+c6+c7+c8+c9+c10+c11,False,4,0,0,0.0000,True,0,2,0.001
"Graph atlas n<=7",atlas_568,7,9,5,4,4,4,5,4,4,4,4,4,4,4,4,c2+c3+c4+c6+c7+c8+c10+c11,,0,0,0,c1+c2+c3+c4+c5+c6+c7+c8+c9+c10+c11,False,4,0,0,0.0000,True,0,2,0.001
"Graph atlas n<=7",atlas_569,7,9,4,4,4,4,4,4,5,4,4,4,4,4,4,c1+c2+c3+c4+c5+c6+c8+c10+c11,,0,0,0,c1+c2+c3+c4+c5+c6+c7+c8+c9+c10+c11,False,4,0,0,0.0000,True,0,2,0.001
"Graph atlas n<=7",atlas_570,7,9,4,4,4,4,4,4,4,4,4,4,4,4,4,c1+c2+c3+c4+c5+c6+c7+c8+c10+c11,,0,0,0,c1+c2+c3+c4+c5+c6+c7+c8+c9+c10+c11,False,4,0,0,0.0000,True,0,2,0.001
"Graph atlas n<=7",atlas_571,7,9,3,3,3,3,3,3,3,3,3,3,3,3,3,c1+c2+c3+c4+c5+c6+c7+c8+c10+c11,,0,0,0,c1+c2+c3+c4+c5+c6+c7+c8+c9+c10+c11,False,3,0,0,0.0000,True,0,2,0.001
"Graph atlas n<=7",atlas_572,7,9,4,4,4,4,4,4,4,4,4,4,4,4,4,c1+c2+c3+c4+c5+c6+c7+c8+c10+c11,,0,0,0,c1+c2+c3+c4+c5+c6+c7+c8+c9+c10+c11,False,4,0,0,0.0000,True,0,3,0.001
"Graph atlas n<=7",atlas_573,7,9,4,4,4,4,4,4,4,4,4,4,4,4,4,c1+c2+c3+c4+c5+c6+c7+c8+c10+c11,,0,0,0,c1+c2+c3+c4+c5+c6+c7+c8+c9+c10+c11,False,4,0,0,0.0000,True,0,3,0.001
"Graph atlas n<=7",atlas_574,7,9,4,4,4,4,4,4,4,4,4,4,4,4,4,c1+c2+c3+c4+c5+c6+c7+c8+c10+c11,,0,0,0,c1+c2+c3+c4+c5+c6+c7+c8+c9+c10+c11,False,4,0,0,0.0000,True,0,2,0.001
"Graph atlas n<=7",atlas_575,7,9,4,4,4,4,4,4,4,4,4,4,4,4,4,c1+c2+c3+c4+c5+c6+c7+c8+c10+c11,,0,0,0,c1+c2+c3+c4+c5+c6+c7+c8+c9+c10+c11,False,4,0,0,0.0000,True,0,2,0.001
"Graph atlas n<=7",atlas_576,7,9,5,5,4,4,5,4,4,4,4,4,4,4,4,c3+c4+c6+c7+c8+c10+c11,,0,0,0,c1+c2+c3+c4+c5+c6+c7+c8+c9+c10+c11,False,4,0,0,0.0000,True,0,2,0.001
"Graph atlas n<=7",atlas_577,7,9,4,4,4,4,4,4,4,4,4,4,4,4,4,c1+c2+c3+c4+c5+c6+c7+c8+c10+c11,,0,0,0,c1+c2+c3+c4+c5+c6+c7+c8+c9+c10+c11,False,4,0,0,0.0000,True,0,3,0.001
"Graph atlas n<=7",atlas_578,7,9,4,4,4,4,4,4,4,4,4,4,4,4,4,c1+c2+c3+c4+c5+c6+c7+c8+c10+c11,,0,0,0,c1+c2+c3+c4+c5+c6+c7+c8+c9+c10+c11,False,4,0,0,0.0000,True,0,3,0.001
"Graph atlas n<=7",atlas_579,7,9,4,4,4,4,4,4,4,4,4,4,4,4,4,c1+c2+c3+c4+c5+c6+c7+c8+c10+c11,,0,0,0,c1+c2+c3+c4+c5+c6+c7+c8+c9+c10+c11,False,4,0,0,0.0000,True,0,2,0.001
"Graph atlas n<=7",atlas_580,7,9,4,4,4,4,4,4,4,4,4,4,4,4,4,c1+c2+c3+c4+c5+c6+c7+c8+c10+c11,,0,0,0,c1+c2+c3+c4+c5+c6+c7+c8+c9+c10+c11,False,4,0,0,0.0000,True,0,3,0.001
"Graph atlas n<=7",atlas_581,7,9,3,3,3,3,3,3,3,3,3,3,3,3,3,c1+c2+c3+c4+c5+c6+c7+c8+c10+c11,,0,0,0,c1+c2+c3+c4+c5+c6+c7+c8+c9+c10+c11,True,4,0,3,1.0000,True,0,3,0.002
"Graph atlas n<=7",atlas_582,7,9,5,5,5,5,5,5,5,5,5,5,5,5,5,c1+c2+c3+c4+c5+c6+c7+c8+c10+c11,,0,0,0,c1+c2+c3+c4+c5+c6+c7+c8+c9+c10+c11,False,5,0,0,0.0000,True,0,3,0.002
"Graph atlas n<=7",atlas_583,7,10,4,4,4,4,4,4,4,4,4,4,4,4,4,c1+c2+c3+c4+c5+c6+c7+c8+c10+c11,,0,0,0,c1+c2+c3+c4+c5+c6+c7+c8+c9+c10+c11,False,4,0,0,0.0000,True,0,4,0.001
"Graph atlas n<=7",atlas_584,7,10,3,3,3,3,3,3,3,3,3,3,3,3,3,c1+c2+c3+c4+c5+c6+c7+c8+c10+c11,,0,0,0,c1+c2+c3+c4+c5+c6+c7+c8+c9+c10+c11,False,3,0,0,0.0000,True,0,3,0.001
"Graph atlas n<=7",atlas_585,7,10,4,4,4,4,4,4,4,4,4,4,4,4,4,c1+c2+c3+c4+c5+c6+c7+c8+c10+c11,,0,0,0,c1+c2+c3+c4+c5+c6+c7+c8+c9+c10+c11,False,4,0,0,0.0000,True,0,3,0.001
"Graph atlas n<=7",atlas_586,7,10,3,3,3,3,3,3,3,3,3,3,3,3,3,c1+c2+c3+c4+c5+c6+c7+c8+c10+c11,,0,0,0,c1+c2+c3+c4+c5+c6+c7+c8+c9+c10+c11,False,3,0,0,0.0000,True,0,3,0.001
"Graph atlas n<=7",atlas_587,7,10,3,3,3,3,3,3,3,3,3,3,3,3,3,c1+c2+c3+c4+c5+c6+c7+c8+c10+c11,,0,0,0,c1+c2+c3+c4+c5+c6+c7+c8+c9+c10+c11,False,3,0,0,0.0000,True,0,3,0.001
"Graph atlas n<=7",atlas_588,7,10,4,4,4,4,4,4,4,4,4,4,4,4,4,c1+c2+c3+c4+c5+c6+c7+c8+c10+c11,,0,0,0,c1+c2+c3+c4+c5+c6+c7+c8+c9+c10+c11,False,4,0,0,0.0000,True,0,3,0.001
"Graph atlas n<=7",atlas_589,7,10,4,4,4,4,4,4,4,4,4,4,4,4,4,c1+c2+c3+c4+c5+c6+c7+c8+c10+c11,,0,0,0,c1+c2+c3+c4+c5+c6+c7+c8+c9+c10+c11,False,4,0,0,0.0000,True,0,3,0.001
"Graph atlas n<=7",atlas_590,7,10,3,3,3,3,3,4,3,3,3,3,3,3,3,c1+c2+c3+c4+c5+c7+c8+c10+c11,,0,0,0,c1+c2+c3+c4+c5+c6+c7+c8+c9+c10+c11,False,3,0,0,0.0000,True,0,3,0.001
"Graph atlas n<=7",atlas_591,7,10,4,4,4,4,4,4,4,4,4,4,4,4,4,c1+c2+c3+c4+c5+c6+c7+c8+c10+c11,,0,0,0,c1+c2+c3+c4+c5+c6+c7+c8+c9+c10+c11,False,4,0,0,0.0000,True,0,3,0.001
"Graph atlas n<=7",atlas_592,7,10,4,4,4,4,4,4,4,4,4,4,4,4,4,c1+c2+c3+c4+c5+c6+c7+c8+c10+c11,,0,0,0,c1+c2+c3+c4+c5+c6+c7+c8+c9+c10+c11,False,4,0,0,0.0000,True,0,3,0.001
"Graph atlas n<=7",atlas_593,7,10,3,3,3,3,3,3,3,3,3,3,3,3,3,c1+c2+c3+c4+c5+c6+c7+c8+c10+c11,,0,0,0,c1+c2+c3+c4+c5+c6+c7+c8+c9+c10+c11,False,3,0,0,0.0000,True,0,3,0.001
"Graph atlas n<=7",atlas_594,7,10,4,4,4,4,4,4,4,4,4,4,4,4,4,c1+c2+c3+c4+c5+c6+c7+c8+c10+c11,,0,0,0,c1+c2+c3+c4+c5+c6+c7+c8+c9+c10+c11,False,4,0,0,0.0000,True,0,3,0.001
"Graph atlas n<=7",atlas_595,7,10,4,4,4,4,4,4,4,4,4,4,4,4,4,c1+c2+c3+c4+c5+c6+c7+c8+c10+c11,,0,0,0,c1+c2+c3+c4+c5+c6+c7+c8+c9+c10+c11,False,4,0,0,0.0000,True,0,3,0.002
"Graph atlas n<=7",atlas_596,7,10,3,3,3,3,3,3,3,3,3,3,3,3,3,c1+c2+c3+c4+c5+c6+c7+c8+c10+c11,,0,0,0,c1+c2+c3+c4+c5+c6+c7+c8+c9+c10+c11,False,3,0,0,0.0000,True,0,3,0.001
"Graph atlas n<=7",atlas_597,7,10,4,4,4,4,4,4,4,4,4,4,4,4,4,c1+c2+c3+c4+c5+c6+c7+c8+c10+c11,,0,0,0,c1+c2+c3+c4+c5+c6+c7+c8+c9+c10+c11,False,4,0,0,0.0000,True,0,3,0.001
"Graph atlas n<=7",atlas_598,7,10,3,3,3,3,3,3,3,3,3,3,3,3,3,c1+c2+c3+c4+c5+c6+c7+c8+c10+c11,,0,0,0,c1+c2+c3+c4+c5+c6+c7+c8+c9+c10+c11,False,3,0,0,0.0000,True,0,3,0.001
"Graph atlas n<=7",atlas_599,7,10,3,3,3,3,3,3,3,3,3,3,3,3,3,c1+c2+c3+c4+c5+c6+c7+c8+c10+c11,,0,0,0,c1+c2+c3+c4+c5+c6+c7+c8+c9+c10+c11,False,3,0,0,0.0000,True,0,3,0.001
"Graph atlas n<=7",atlas_600,7,10,3,3,3,3,3,3,3,3,3,3,3,3,3,c1+c2+c3+c4+c5+c6+c7+c8+c10+c11,,0,0,0,c1+c2+c3+c4+c5+c6+c7+c8+c9+c10+c11,False,3,0,0,0.0000,True,0,3,0.001
"Graph atlas n<=7",atlas_601,7,10,3,3,3,3,3,3,3,3,3,3,3,3,3,c1+c2+c3+c4+c5+c6+c7+c8+c10+c11,,0,0,0,c1+c2+c3+c4+c5+c6+c7+c8+c9+c10+c11,False,3,0,0,0.0000,True,0,3,0.001
"Graph atlas n<=7",atlas_602,7,10,4,4,4,4,4,4,4,4,4,4,4,4,4,c1+c2+c3+c4+c5+c6+c7+c8+c10+c11,,0,0,0,c1+c2+c3+c4+c5+c6+c7+c8+c9+c10+c11,False,4,0,0,0.0000,True,0,3,0.001
"Graph atlas n<=7",atlas_603,7,10,3,3,3,3,3,3,3,3,3,3,3,3,3,c1+c2+c3+c4+c5+c6+c7+c8+c10+c11,,0,0,0,c1+c2+c3+c4+c5+c6+c7+c8+c9+c10+c11,False,3,0,0,0.0000,True,0,3,0.001
"Graph atlas n<=7",atlas_604,7,10,3,3,3,3,3,3,3,3,3,3,3,3,3,c1+c2+c3+c4+c5+c6+c7+c8+c10+c11,,0,0,0,c1+c2+c3+c4+c5+c6+c7+c8+c9+c10+c11,False,3,0,0,0.0000,True,0,3,0.001
"Graph atlas n<=7",atlas_605,7,10,4,4,4,4,4,4,4,4,4,4,4,4,4,c1+c2+c3+c4+c5+c6+c7+c8+c10+c11,,0,0,0,c1+c2+c3+c4+c5+c6+c7+c8+c9+c10+c11,False,4,0,0,0.0000,True,0,3,0.001
"Graph atlas n<=7",atlas_606,7,10,3,3,3,3,3,3,3,3,3,3,3,3,3,c1+c2+c3+c4+c5+c6+c7+c8+c10+c11,,0,0,0,c1+c2+c3+c4+c5+c6+c7+c8+c9+c10+c11,False,3,0,0,0.0000,True,0,3,0.001
"Graph atlas n<=7",atlas_607,7,10,4,4,4,4,4,4,4,4,4,4,4,4,4,c1+c2+c3+c4+c5+c6+c7+c8+c10+c11,,0,0,0,c1+c2+c3+c4+c5+c6+c7+c8+c9+c10+c11,False,4,0,0,0.0000,True,0,3,0.001
"Graph atlas n<=7",atlas_608,7,10,4,4,4,4,4,4,4,4,4,4,4,4,4,c1+c2+c3+c4+c5+c6+c7+c8+c10+c11,,0,0,0,c1+c2+c3+c4+c5+c6+c7+c8+c9+c10+c11,False,4,0,0,0.0000,True,0,3,0.001
"Graph atlas n<=7",atlas_609,7,10,3,3,3,3,3,3,3,3,3,3,3,3,3,c1+c2+c3+c4+c5+c6+c7+c8+c10+c11,,0,0,0,c1+c2+c3+c4+c5+c6+c7+c8+c9+c10+c11,False,3,0,0,0.0000,True,0,3,0.001
"Graph atlas n<=7",atlas_610,7,10,4,4,4,4,4,4,4,4,4,4,4,4,4,c1+c2+c3+c4+c5+c6+c7+c8+c10+c11,,0,0,0,c1+c2+c3+c4+c5+c6+c7+c8+c9+c10+c11,False,4,0,0,0.0000,True,0,3,0.001
"Graph atlas n<=7",atlas_611,7,10,5,4,4,4,5,4,4,4,4,4,4,4,4,c2+c3+c4+c6+c7+c8+c10+c11,,0,0,0,c1+c2+c3+c4+c5+c6+c7+c8+c9+c10+c11,False,4,0,1,0.2857,True,0,3,0.001
"Graph atlas n<=7",atlas_612,7,10,2,2,2,2,2,2,2,2,2,2,2,2,2,c1+c2+c3+c4+c5+c6+c7+c8+c10+c11,,0,0,0,c1+c2+c3+c4+c5+c6+c7+c8+c9+c10+c11,False,2,0,0,0.0000,True,0,2,0.001
"Graph atlas n<=7",atlas_613,7,10,3,3,3,3,3,3,3,3,3,3,3,3,3,c1+c2+c3+c4+c5+c6+c7+c8+c10+c11,,0,0,0,c1+c2+c3+c4+c5+c6+c7+c8+c9+c10+c11,False,3,0,0,0.0000,True,0,2,0.001
"Graph atlas n<=7",atlas_614,7,10,3,3,3,3,3,3,3,3,3,3,3,3,3,c1+c2+c3+c4+c5+c6+c7+c8+c10+c11,,0,0,0,c1+c2+c3+c4+c5+c6+c7+c8+c9+c10+c11,False,3,0,0,0.0000,True,0,2,0.001
"Graph atlas n<=7",atlas_615,7,10,3,3,3,3,3,3,3,3,3,3,3,3,3,c1+c2+c3+c4+c5+c6+c7+c8+c10+c11,,0,0,0,c1+c2+c3+c4+c5+c6+c7+c8+c9+c10+c11,False,3,0,0,0.0000,True,0,2,0.001
"Graph atlas n<=7",atlas_616,7,10,3,3,3,3,3,3,3,3,3,3,3,3,3,c1+c2+c3+c4+c5+c6+c7+c8+c10+c11,,0,0,0,c1+c2+c3+c4+c5+c6+c7+c8+c9+c10+c11,False,3,0,0,0.0000,True,0,2,0.001
"Graph atlas n<=7",atlas_617,7,10,3,3,3,3,3,3,3,3,3,3,3,3,3,c1+c2+c3+c4+c5+c6+c7+c8+c10+c11,,0,0,0,c1+c2+c3+c4+c5+c6+c7+c8+c9+c10+c11,False,3,0,0,0.0000,True,0,2,0.001
"Graph atlas n<=7",atlas_618,7,10,3,3,3,3,3,3,3,3,3,3,3,3,3,c1+c2+c3+c4+c5+c6+c7+c8+c10+c11,,0,0,0,c1+c2+c3+c4+c5+c6+c7+c8+c9+c10+c11,False,3,0,0,0.0000,True,0,2,0.001
"Graph atlas n<=7",atlas_619,7,10,4,4,4,4,4,4,4,4,4,4,4,4,4,c1+c2+c3+c4+c5+c6+c7+c8+c10+c11,,0,0,0,c1+c2+c3+c4+c5+c6+c7+c8+c9+c10+c11,False,4,0,0,0.0000,True,0,3,0.001
"Graph atlas n<=7",atlas_620,7,10,3,3,3,3,3,3,3,3,3,3,3,3,3,c1+c2+c3+c4+c5+c6+c7+c8+c10+c11,,0,0,0,c1+c2+c3+c4+c5+c6+c7+c8+c9+c10+c11,False,3,0,0,0.0000,True,0,3,0.001
"Graph atlas n<=7",atlas_621,7,10,4,4,4,4,4,4,4,4,4,4,4,4,4,c1+c2+c3+c4+c5+c6+c7+c8+c10+c11,,0,0,0,c1+c2+c3+c4+c5+c6+c7+c8+c9+c10+c11,False,4,0,0,0.0000,True,0,2,0.001
"Graph atlas n<=7",atlas_622,7,10,4,4,4,4,4,4,4,4,4,4,4,4,4,c1+c2+c3+c4+c5+c6+c7+c8+c10+c11,,0,0,0,c1+c2+c3+c4+c5+c6+c7+c8+c9+c10+c11,False,4,0,0,0.0000,True,0,2,0.001
"Graph atlas n<=7",atlas_623,7,10,3,3,3,3,3,3,3,3,3,3,3,3,3,c1+c2+c3+c4+c5+c6+c7+c8+c10+c11,,0,0,0,c1+c2+c3+c4+c5+c6+c7+c8+c9+c10+c11,False,3,0,0,0.0000,True,0,2,0.001
"Graph atlas n<=7",atlas_624,7,10,3,3,3,3,3,3,3,3,3,3,3,3,3,c1+c2+c3+c4+c5+c6+c7+c8+c10+c11,,0,0,0,c1+c2+c3+c4+c5+c6+c7+c8+c9+c10+c11,False,3,0,0,0.0000,True,0,3,0.001
"Graph atlas n<=7",atlas_625,7,10,4,4,4,4,4,4,4,4,4,4,4,4,4,c1+c2+c3+c4+c5+c6+c7+c8+c10+c11,,0,0,0,c1+c2+c3+c4+c5+c6+c7+c8+c9+c10+c11,False,4,0,0,0.0000,True,0,3,0.001
"Graph atlas n<=7",atlas_626,7,10,4,4,4,4,4,4,4,4,4,4,4,4,4,c1+c2+c3+c4+c5+c6+c7+c8+c10+c11,,0,0,0,c1+c2+c3+c4+c5+c6+c7+c8+c9+c10+c11,False,4,0,0,0.0000,True,0,3,0.001
"Graph atlas n<=7",atlas_627,7,10,4,4,4,4,4,4,4,4,4,4,4,4,4,c1+c2+c3+c4+c5+c6+c7+c8+c10+c11,,0,0,0,c1+c2+c3+c4+c5+c6+c7+c8+c9+c10+c11,False,4,0,0,0.0000,True,0,2,0.001
"Graph atlas n<=7",atlas_628,7,10,3,3,3,3,3,3,3,3,3,3,3,3,3,c1+c2+c3+c4+c5+c6+c7+c8+c10+c11,,0,0,0,c1+c2+c3+c4+c5+c6+c7+c8+c9+c10+c11,False,3,0,0,0.0000,True,0,2,0.001
"Graph atlas n<=7",atlas_629,7,10,3,3,4,3,3,4,3,3,3,3,3,3,3,c1+c2+c4+c5+c7+c8+c10+c11,,0,0,0,c1+c2+c3+c4+c5+c6+c7+c8+c9+c10+c11,False,3,0,0,0.0000,True,0,3,0.001
"Graph atlas n<=7",atlas_630,7,10,5,4,4,4,5,4,5,4,4,4,4,4,4,c2+c3+c4+c6+c8+c10+c11,,0,0,0,c1+c2+c3+c4+c5+c6+c7+c8+c9+c10+c11,False,4,0,0,0.0000,True,0,3,0.001
"Graph atlas n<=7",atlas_631,7,10,3,3,3,3,3,3,3,3,3,3,3,3,3,c1+c2+c3+c4+c5+c6+c7+c8+c10+c11,,0,0,0,c1+c2+c3+c4+c5+c6+c7+c8+c9+c10+c11,False,3,0,0,0.0000,True,0,3,0.001
"Graph atlas n<=7",atlas_632,7,10,4,4,4,4,4,4,4,4,4,4,4,4,4,c1+c2+c3+c4+c5+c6+c7+c8+c10+c11,,0,0,0,c1+c2+c3+c4+c5+c6+c7+c8+c9+c10+c11,False,4,0,0,0.0000,True,0,2,0.001
"Graph atlas n<=7",atlas_633,7,10,4,4,4,4,4,4,4,4,4,4,4,4,4,c1+c2+c3+c4+c5+c6+c7+c8+c10+c11,,0,0,0,c1+c2+c3+c4+c5+c6+c7+c8+c9+c10+c11,False,4,0,0,0.0000,True,0,3,0.001
"Graph atlas n<=7",atlas_634,7,10,3,3,3,3,3,3,3,3,3,3,3,3,3,c1+c2+c3+c4+c5+c6+c7+c8+c10+c11,,0,0,0,c1+c2+c3+c4+c5+c6+c7+c8+c9+c10+c11,False,3,0,0,0.0000,True,0,3,0.001
"Graph atlas n<=7",atlas_635,7,10,4,4,4,4,4,4,4,4,4,4,4,4,4,c1+c2+c3+c4+c5+c6+c7+c8+c10+c11,,0,0,0,c1+c2+c3+c4+c5+c6+c7+c8+c9+c10+c11,False,4,0,0,0.0000,True,0,3,0.001
"Graph atlas n<=7",atlas_636,7,10,4,4,4,4,4,4,4,4,4,4,4,4,4,c1+c2+c3+c4+c5+c6+c7+c8+c10+c11,,0,0,0,c1+c2+c3+c4+c5+c6+c7+c8+c9+c10+c11,False,4,0,0,0.0000,True,0,3,0.001
"Graph atlas n<=7",atlas_637,7,10,4,4,4,4,4,4,4,4,4,4,4,4,4,c1+c2+c3+c4+c5+c6+c7+c8+c10+c11,,0,0,0,c1+c2+c3+c4+c5+c6+c7+c8+c9+c10+c11,False,4,0,0,0.0000,True,0,3,0.001
"Graph atlas n<=7",atlas_638,7,10,4,4,4,4,4,4,4,4,4,4,4,4,4,c1+c2+c3+c4+c5+c6+c7+c8+c10+c11,,0,0,0,c1+c2+c3+c4+c5+c6+c7+c8+c9+c10+c11,False,4,0,0,0.0000,True,0,2,0.001
"Graph atlas n<=7",atlas_639,7,10,3,3,3,3,3,3,3,3,3,3,3,3,3,c1+c2+c3+c4+c5+c6+c7+c8+c10+c11,,0,0,0,c1+c2+c3+c4+c5+c6+c7+c8+c9+c10+c11,False,3,0,0,0.0000,True,0,3,0.001
"Graph atlas n<=7",atlas_640,7,10,4,4,4,4,4,4,4,4,4,4,4,4,4,c1+c2+c3+c4+c5+c6+c7+c8+c10+c11,,0,0,0,c1+c2+c3+c4+c5+c6+c7+c8+c9+c10+c11,False,4,0,0,0.0000,True,0,2,0.001
"Graph atlas n<=7",atlas_641,7,10,4,3,3,3,4,3,4,3,3,3,3,3,3,c2+c3+c4+c6+c8+c10+c11,,0,0,0,c1+c2+c3+c4+c5+c6+c7+c8+c9+c10+c11,False,3,0,0,0.0000,True,0,3,0.001
"Graph atlas n<=7",atlas_642,7,10,4,4,4,4,4,4,4,4,4,4,4,4,4,c1+c2+c3+c4+c5+c6+c7+c8+c10+c11,,0,0,0,c1+c2+c3+c4+c5+c6+c7+c8+c9+c10+c11,False,4,0,0,0.0000,True,0,3,0.001
"Graph atlas n<=7",atlas_643,7,10,4,4,4,4,4,4,4,4,4,4,4,4,4,c1+c2+c3+c4+c5+c6+c7+c8+c10+c11,,0,0,0,c1+c2+c3+c4+c5+c6+c7+c8+c9+c10+c11,False,4,0,0,0.0000,True,0,3,0.001
"Graph atlas n<=7",atlas_644,7,10,5,4,4,4,5,4,5,4,4,4,4,4,4,c2+c3+c4+c6+c8+c10+c11,,0,0,0,c1+c2+c3+c4+c5+c6+c7+c8+c9+c10+c11,False,4,0,0,0.0000,True,0,3,0.001
"Graph atlas n<=7",atlas_645,7,10,4,4,4,4,4,4,4,4,4,4,4,4,4,c1+c2+c3+c4+c5+c6+c7+c8+c10+c11,,0,0,0,c1+c2+c3+c4+c5+c6+c7+c8+c9+c10+c11,False,4,0,0,0.0000,True,0,3,0.001
"Graph atlas n<=7",atlas_646,7,10,5,4,4,4,5,4,5,4,4,4,4,4,4,c2+c3+c4+c6+c8+c10+c11,,0,0,0,c1+c2+c3+c4+c5+c6+c7+c8+c9+c10+c11,False,4,0,0,0.0000,True,0,2,0.001
"Graph atlas n<=7",atlas_647,7,10,4,4,4,4,4,4,4,4,4,4,4,4,4,c1+c2+c3+c4+c5+c6+c7+c8+c10+c11,,0,0,0,c1+c2+c3+c4+c5+c6+c7+c8+c9+c10+c11,False,4,0,0,0.0000,True,0,3,0.001
"Graph atlas n<=7",atlas_648,7,10,4,4,4,4,4,4,4,4,4,4,4,4,4,c1+c2+c3+c4+c5+c6+c7+c8+c10+c11,,0,0,0,c1+c2+c3+c4+c5+c6+c7+c8+c9+c10+c11,False,4,0,0,0.0000,True,0,3,0.001
"Graph atlas n<=7",atlas_649,7,10,4,4,4,4,4,4,5,4,4,4,4,4,4,c1+c2+c3+c4+c5+c6+c8+c10+c11,,0,0,0,c1+c2+c3+c4+c5+c6+c7+c8+c9+c10+c11,False,4,0,0,0.0000,True,0,3,0.001
"Graph atlas n<=7",atlas_650,7,10,4,4,4,4,4,4,4,4,4,4,4,4,4,c1+c2+c3+c4+c5+c6+c7+c8+c10+c11,,0,0,0,c1+c2+c3+c4+c5+c6+c7+c8+c9+c10+c11,False,4,0,0,0.0000,True,0,3,0.001
"Graph atlas n<=7",atlas_651,7,10,4,4,4,4,4,4,4,4,4,4,4,4,4,c1+c2+c3+c4+c5+c6+c7+c8+c10+c11,,0,0,0,c1+c2+c3+c4+c5+c6+c7+c8+c9+c10+c11,False,4,0,0,0.0000,True,0,3,0.001
"Graph atlas n<=7",atlas_652,7,10,4,4,4,4,4,4,4,4,4,4,4,4,4,c1+c2+c3+c4+c5+c6+c7+c8+c10+c11,,0,0,0,c1+c2+c3+c4+c5+c6+c7+c8+c9+c10+c11,False,4,0,0,0.0000,True,0,3,0.001
"Graph atlas n<=7",atlas_653,7,10,4,4,4,4,4,4,4,4,4,4,4,4,4,c1+c2+c3+c4+c5+c6+c7+c8+c10+c11,,0,0,0,c1+c2+c3+c4+c5+c6+c7+c8+c9+c10+c11,False,4,0,0,0.0000,True,0,3,0.001
"Graph atlas n<=7",atlas_654,7,10,4,4,4,4,4,4,4,4,4,4,4,4,4,c1+c2+c3+c4+c5+c6+c7+c8+c10+c11,,0,0,0,c1+c2+c3+c4+c5+c6+c7+c8+c9+c10+c11,False,4,0,0,0.0000,True,0,3,0.001
"Graph atlas n<=7",atlas_655,7,10,3,3,3,3,3,3,3,3,3,3,3,3,3,c1+c2+c3+c4+c5+c6+c7+c8+c10+c11,,0,0,0,c1+c2+c3+c4+c5+c6+c7+c8+c9+c10+c11,False,3,0,0,0.0000,True,0,3,0.001
"Graph atlas n<=7",atlas_656,7,10,3,3,3,3,3,3,3,3,3,3,3,3,3,c1+c2+c3+c4+c5+c6+c7+c8+c10+c11,,0,0,0,c1+c2+c3+c4+c5+c6+c7+c8+c9+c10+c11,False,3,0,0,0.0000,True,0,3,0.001
"Graph atlas n<=7",atlas_657,7,10,4,4,4,4,4,4,4,4,4,4,4,4,4,c1+c2+c3+c4+c5+c6+c7+c8+c10+c11,,0,0,0,c1+c2+c3+c4+c5+c6+c7+c8+c9+c10+c11,False,4,0,0,0.0000,True,0,3,0.001
"Graph atlas n<=7",atlas_658,7,10,4,4,4,4,4,4,5,4,4,4,4,4,4,c1+c2+c3+c4+c5+c6+c8+c10+c11,,0,0,0,c1+c2+c3+c4+c5+c6+c7+c8+c9+c10+c11,False,4,0,0,0.0000,True,0,3,0.001
"Graph atlas n<=7",atlas_659,7,10,4,4,4,4,4,4,4,4,4,4,4,4,4,c1+c2+c3+c4+c5+c6+c7+c8+c10+c11,,0,0,0,c1+c2+c3+c4+c5+c6+c7+c8+c9+c10+c11,False,4,0,0,0.0000,True,0,3,0.001
"Graph atlas n<=7",atlas_660,7,10,4,4,4,4,4,4,4,4,4,4,4,4,4,c1+c2+c3+c4+c5+c6+c7+c8+c10+c11,,0,0,0,c1+c2+c3+c4+c5+c6+c7+c8+c9+c10+c11,False,4,0,0,0.0000,True,0,3,0.001
"Graph atlas n<=7",atlas_661,7,10,3,3,3,3,3,3,3,3,3,3,3,3,3,c1+c2+c3+c4+c5+c6+c7+c8+c10+c11,,0,0,0,c1+c2+c3+c4+c5+c6+c7+c8+c9+c10+c11,False,3,0,0,0.0000,True,0,3,0.001
"Graph atlas n<=7",atlas_662,7,10,4,4,4,4,4,4,4,4,4,4,4,4,4,c1+c2+c3+c4+c5+c6+c7+c8+c10+c11,,0,0,0,c1+c2+c3+c4+c5+c6+c7+c8+c9+c10+c11,False,4,0,0,0.0000,True,0,3,0.001
"Graph atlas n<=7",atlas_663,7,10,4,4,4,4,4,4,4,4,4,4,4,4,4,c1+c2+c3+c4+c5+c6+c7+c8+c10+c11,,0,0,0,c1+c2+c3+c4+c5+c6+c7+c8+c9+c10+c11,False,4,0,0,0.0000,True,0,3,0.001
"Graph atlas n<=7",atlas_664,7,10,4,4,4,4,4,4,4,4,4,4,4,4,4,c1+c2+c3+c4+c5+c6+c7+c8+c10+c11,,0,0,0,c1+c2+c3+c4+c5+c6+c7+c8+c9+c10+c11,False,4,0,0,0.0000,True,0,3,0.001
"Graph atlas n<=7",atlas_665,7,10,4,4,4,4,4,4,4,4,4,4,4,4,4,c1+c2+c3+c4+c5+c6+c7+c8+c10+c11,,0,0,0,c1+c2+c3+c4+c5+c6+c7+c8+c9+c10+c11,False,4,0,0,0.0000,True,0,3,0.001
"Graph atlas n<=7",atlas_666,7,10,4,4,4,4,4,4,4,4,4,4,4,4,4,c1+c2+c3+c4+c5+c6+c7+c8+c10+c11,,0,0,0,c1+c2+c3+c4+c5+c6+c7+c8+c9+c10+c11,False,4,0,0,0.0000,True,0,3,0.001
"Graph atlas n<=7",atlas_667,7,10,3,3,3,3,3,3,3,3,3,3,3,3,3,c1+c2+c3+c4+c5+c6+c7+c8+c10+c11,,0,0,0,c1+c2+c3+c4+c5+c6+c7+c8+c9+c10+c11,True,3,0,3,1.0000,True,0,3,0.003
"Graph atlas n<=7",atlas_668,7,10,3,3,3,3,3,3,3,3,3,3,3,3,3,c1+c2+c3+c4+c5+c6+c7+c8+c10+c11,,0,0,0,c1+c2+c3+c4+c5+c6+c7+c8+c9+c10+c11,False,3,0,0,0.0000,True,0,2,0.001
"Graph atlas n<=7",atlas_669,7,10,3,3,3,3,3,3,3,3,3,3,3,3,3,c1+c2+c3+c4+c5+c6+c7+c8+c10+c11,,0,0,0,c1+c2+c3+c4+c5+c6+c7+c8+c9+c10+c11,False,3,0,0,0.0000,True,0,2,0.001
"Graph atlas n<=7",atlas_670,7,10,2,2,2,2,2,2,2,2,2,2,2,2,2,c1+c2+c3+c4+c5+c6+c7+c8+c10+c11,,0,0,0,c1+c2+c3+c4+c5+c6+c7+c8+c9+c10+c11,True,2,0,2,1.0000,True,0,2,0.002
"Graph atlas n<=7",atlas_671,7,10,6,4,4,4,6,4,4,4,4,4,4,4,4,c2+c3+c4+c6+c7+c8+c10+c11,,0,0,0,c1+c2+c3+c4+c5+c6+c7+c8+c9+c10+c11,False,4,0,0,0.0000,True,0,2,0.001
"Graph atlas n<=7",atlas_672,7,10,3,3,3,3,3,3,3,3,3,3,3,3,3,c1+c2+c3+c4+c5+c6+c7+c8+c10+c11,,0,0,0,c1+c2+c3+c4+c5+c6+c7+c8+c9+c10+c11,False,3,0,0,0.0000,True,0,2,0.001
"Graph atlas n<=7",atlas_673,7,10,4,4,4,4,4,4,4,4,4,4,4,4,4,c1+c2+c3+c4+c5+c6+c7+c8+c10+c11,,0,0,0,c1+c2+c3+c4+c5+c6+c7+c8+c9+c10+c11,False,4,0,0,0.0000,True,0,2,0.001
"Graph atlas n<=7",atlas_674,7,10,4,3,3,3,4,4,3,3,3,3,3,3,3,c2+c3+c4+c7+c8+c10+c11,,0,0,0,c1+c2+c3+c4+c5+c6+c7+c8+c9+c10+c11,False,3,0,0,0.0000,True,0,2,0.002
"Graph atlas n<=7",atlas_675,7,10,4,4,4,4,4,4,4,4,4,4,4,4,4,c1+c2+c3+c4+c5+c6+c7+c8+c10+c11,,0,0,0,c1+c2+c3+c4+c5+c6+c7+c8+c9+c10+c11,False,4,0,0,0.0000,True,0,2,0.001
"Graph atlas n<=7",atlas_676,7,10,3,3,3,3,3,3,3,3,3,3,3,3,3,c1+c2+c3+c4+c5+c6+c7+c8+c10+c11,,0,0,0,c1+c2+c3+c4+c5+c6+c7+c8+c9+c10+c11,False,3,0,0,0.0000,True,0,2,0.001
"Graph atlas n<=7",atlas_677,7,10,3,3,3,3,3,3,3,3,3,3,3,3,3,c1+c2+c3+c4+c5+c6+c7+c8+c10+c11,,0,0,0,c1+c2+c3+c4+c5+c6+c7+c8+c9+c10+c11,False,3,0,0,0.0000,True,0,2,0.001
"Graph atlas n<=7",atlas_678,7,10,3,3,3,3,3,3,3,3,3,3,3,3,3,c1+c2+c3+c4+c5+c6+c7+c8+c10+c11,,0,0,0,c1+c2+c3+c4+c5+c6+c7+c8+c9+c10+c11,False,3,0,0,0.0000,True,0,2,0.001
"Graph atlas n<=7",atlas_679,7,10,4,4,4,4,4,4,5,4,4,4,4,4,4,c1+c2+c3+c4+c5+c6+c8+c10+c11,,0,0,0,c1+c2+c3+c4+c5+c6+c7+c8+c9+c10+c11,False,4,0,0,0.0000,True,0,2,0.001
"Graph atlas n<=7",atlas_680,7,10,4,3,3,3,4,3,4,3,3,3,3,3,3,c2+c3+c4+c6+c8+c10+c11,,0,0,0,c1+c2+c3+c4+c5+c6+c7+c8+c9+c10+c11,False,3,0,0,0.0000,True,0,2,0.002
"Graph atlas n<=7",atlas_681,7,10,4,4,4,4,4,4,4,4,4,4,4,4,4,c1+c2+c3+c4+c5+c6+c7+c8+c10+c11,,0,0,0,c1+c2+c3+c4+c5+c6+c7+c8+c9+c10+c11,False,4,0,0,0.0000,True,0,2,0.001
"Graph atlas n<=7",atlas_682,7,10,4,4,4,4,4,4,4,4,4,4,4,4,4,c1+c2+c3+c4+c5+c6+c7+c8+c10+c11,,0,0,0,c1+c2+c3+c4+c5+c6+c7+c8+c9+c10+c11,False,4,0,0,0.0000,True,0,2,0.001
"Graph atlas n<=7",atlas_683,7,10,5,4,4,4,5,4,4,4,4,4,4,4,4,c2+c3+c4+c6+c7+c8+c10+c11,,0,0,0,c1+c2+c3+c4+c5+c6+c7+c8+c9+c10+c11,False,4,0,0,0.0000,True,0,2,0.001
"Graph atlas n<=7",atlas_684,7,10,3,3,3,3,3,3,3,3,3,3,3,3,3,c1+c2+c3+c4+c5+c6+c7+c8+c10+c11,,0,0,0,c1+c2+c3+c4+c5+c6+c7+c8+c9+c10+c11,False,3,0,0,0.0000,True,0,2,0.001
"Graph atlas n<=7",atlas_685,7,10,4,4,4,4,4,4,4,4,4,4,4,4,4,c1+c2+c3+c4+c5+c6+c7+c8+c10+c11,,0,0,0,c1+c2+c3+c4+c5+c6+c7+c8+c9+c10+c11,False,4,0,0,0.0000,True,0,2,0.001
"Graph atlas n<=7",atlas_686,7,10,4,4,4,4,4,4,5,4,4,4,4,4,4,c1+c2+c3+c4+c5+c6+c8+c10+c11,,0,0,0,c1+c2+c3+c4+c5+c6+c7+c8+c9+c10+c11,False,4,0,0,0.0000,True,0,3,0.001
"Graph atlas n<=7",atlas_687,7,10,4,4,4,4,4,4,4,4,4,4,4,4,4,c1+c2+c3+c4+c5+c6+c7+c8+c10+c11,,0,0,0,c1+c2+c3+c4+c5+c6+c7+c8+c9+c10+c11,False,4,0,0,0.0000,True,0,3,0.001
"Graph atlas n<=7",atlas_688,7,10,4,4,4,4,4,4,4,4,4,4,4,4,4,c1+c2+c3+c4+c5+c6+c7+c8+c10+c11,,0,0,0,c1+c2+c3+c4+c5+c6+c7+c8+c9+c10+c11,False,4,0,0,0.0000,True,0,2,0.001
"Graph atlas n<=7",atlas_689,7,10,4,4,5,5,4,4,5,5,4,4,4,4,4,c1+c2+c5+c6+c10+c11,,0,0,0,c1+c2+c3+c4+c5+c6+c7+c8+c9+c10+c11,False,4,0,0,0.0000,True,0,3,0.001
"Graph atlas n<=7",atlas_690,7,10,4,4,4,4,4,4,5,4,4,4,4,4,4,c1+c2+c3+c4+c5+c6+c8+c10+c11,,0,0,0,c1+c2+c3+c4+c5+c6+c7+c8+c9+c10+c11,False,4,0,0,0.0000,True,0,2,0.001
"Graph atlas n<=7",atlas_691,7,10,4,4,4,4,4,4,4,4,4,4,4,4,4,c1+c2+c3+c4+c5+c6+c7+c8+c10+c11,,0,0,0,c1+c2+c3+c4+c5+c6+c7+c8+c9+c10+c11,False,4,0,0,0.0000,True,0,3,0.001
"Graph atlas n<=7",atlas_692,7,10,4,4,4,4,4,4,4,4,4,4,4,4,4,c1+c2+c3+c4+c5+c6+c7+c8+c10+c11,,0,0,0,c1+c2+c3+c4+c5+c6+c7+c8+c9+c10+c11,False,4,0,0,0.0000,True,0,3,0.001
"Graph atlas n<=7",atlas_693,7,10,4,4,4,4,4,4,4,4,4,4,4,4,4,c1+c2+c3+c4+c5+c6+c7+c8+c10+c11,,0,0,0,c1+c2+c3+c4+c5+c6+c7+c8+c9+c10+c11,False,4,0,0,0.0000,True,0,3,0.001
"Graph atlas n<=7",atlas_694,7,10,4,4,4,4,4,4,4,4,4,4,4,4,4,c1+c2+c3+c4+c5+c6+c7+c8+c10+c11,,0,0,0,c1+c2+c3+c4+c5+c6+c7+c8+c9+c10+c11,False,4,0,0,0.0000,True,0,2,0.001
"Graph atlas n<=7",atlas_695,7,10,3,3,3,3,3,3,3,3,3,3,3,3,3,c1+c2+c3+c4+c5+c6+c7+c8+c10+c11,,0,0,0,c1+c2+c3+c4+c5+c6+c7+c8+c9+c10+c11,False,3,0,0,0.0000,True,0,3,0.001
"Graph atlas n<=7",atlas_696,7,10,5,4,4,4,5,4,5,4,4,4,4,4,4,c2+c3+c4+c6+c8+c10+c11,,0,0,0,c1+c2+c3+c4+c5+c6+c7+c8+c9+c10+c11,False,4,0,0,0.0000,True,0,2,0.001
"Graph atlas n<=7",atlas_697,7,10,4,4,4,4,4,4,4,4,4,4,4,4,4,c1+c2+c3+c4+c5+c6+c7+c8+c10+c11,,0,0,0,c1+c2+c3+c4+c5+c6+c7+c8+c9+c10+c11,False,4,0,0,0.0000,True,0,3,0.001
"Graph atlas n<=7",atlas_698,7,10,4,4,4,4,4,4,4,4,4,4,4,4,4,c1+c2+c3+c4+c5+c6+c7+c8+c10+c11,,0,0,0,c1+c2+c3+c4+c5+c6+c7+c8+c9+c10+c11,False,4,0,0,0.0000,True,0,2,0.001
"Graph atlas n<=7",atlas_699,7,10,4,4,4,4,4,4,4,4,4,4,4,4,4,c1+c2+c3+c4+c5+c6+c7+c8+c10+c11,,0,0,0,c1+c2+c3+c4+c5+c6+c7+c8+c9+c10+c11,False,4,0,0,0.0000,True,0,2,0.001
"Graph atlas n<=7",atlas_700,7,10,4,4,4,4,4,4,4,4,4,4,4,4,4,c1+c2+c3+c4+c5+c6+c7+c8+c10+c11,,0,0,0,c1+c2+c3+c4+c5+c6+c7+c8+c9+c10+c11,False,4,0,0,0.0000,True,0,3,0.001
"Graph atlas n<=7",atlas_701,7,10,5,3,3,3,5,3,5,3,3,3,3,3,3,c2+c3+c4+c6+c8+c10+c11,,0,0,0,c1+c2+c3+c4+c5+c6+c7+c8+c9+c10+c11,False,3,0,0,0.0000,True,0,3,0.001
"Graph atlas n<=7",atlas_702,7,10,4,4,4,4,4,4,4,4,4,4,4,4,4,c1+c2+c3+c4+c5+c6+c7+c8+c10+c11,,0,0,0,c1+c2+c3+c4+c5+c6+c7+c8+c9+c10+c11,False,4,0,0,0.0000,True,0,2,0.001
"Graph atlas n<=7",atlas_703,7,10,4,4,4,4,4,4,4,4,4,4,4,4,4,c1+c2+c3+c4+c5+c6+c7+c8+c10+c11,,0,0,0,c1+c2+c3+c4+c5+c6+c7+c8+c9+c10+c11,False,4,0,0,0.0000,True,0,3,0.001
"Graph atlas n<=7",atlas_704,7,10,4,4,4,4,4,4,4,4,4,4,4,4,4,c1+c2+c3+c4+c5+c6+c7+c8+c10+c11,,0,0,0,c1+c2+c3+c4+c5+c6+c7+c8+c9+c10+c11,False,4,0,0,0.0000,True,0,3,0.001
"Graph atlas n<=7",atlas_705,7,10,4,4,4,4,4,4,4,4,4,4,4,4,4,c1+c2+c3+c4+c5+c6+c7+c8+c10+c11,,0,0,0,c1+c2+c3+c4+c5+c6+c7+c8+c9+c10+c11,False,4,0,0,0.0000,True,0,3,0.001
"Graph atlas n<=7",atlas_706,7,10,4,4,4,4,4,4,4,4,4,4,4,4,4,c1+c2+c3+c4+c5+c6+c7+c8+c10+c11,,0,0,0,c1+c2+c3+c4+c5+c6+c7+c8+c9+c10+c11,False,4,0,0,0.0000,True,0,2,0.001
"Graph atlas n<=7",atlas_707,7,10,4,4,4,4,4,4,4,4,4,4,4,4,4,c1+c2+c3+c4+c5+c6+c7+c8+c10+c11,,0,0,0,c1+c2+c3+c4+c5+c6+c7+c8+c9+c10+c11,False,4,0,0,0.0000,True,0,3,0.001
"Graph atlas n<=7",atlas_708,7,10,3,3,4,3,3,4,3,3,3,3,3,3,3,c1+c2+c4+c5+c7+c8+c10+c11,,0,0,0,c1+c2+c3+c4+c5+c6+c7+c8+c9+c10+c11,True,3,0,2,1.0000,True,0,3,0.002
"Graph atlas n<=7",atlas_709,7,10,4,4,4,4,4,4,4,4,4,4,4,4,4,c1+c2+c3+c4+c5+c6+c7+c8+c10+c11,,0,0,0,c1+c2+c3+c4+c5+c6+c7+c8+c9+c10+c11,False,4,0,0,0.0000,True,0,3,0.001
"Graph atlas n<=7",atlas_710,7,10,4,4,4,4,4,4,4,4,4,4,4,4,4,c1+c2+c3+c4+c5+c6+c7+c8+c10+c11,,0,0,0,c1+c2+c3+c4+c5+c6+c7+c8+c9+c10+c11,False,4,0,0,0.0000,True,0,2,0.001
"Graph atlas n<=7",atlas_711,7,10,4,4,4,4,4,4,4,4,4,4,4,4,4,c1+c2+c3+c4+c5+c6+c7+c8+c10+c11,,0,0,0,c1+c2+c3+c4+c5+c6+c7+c8+c9+c10+c11,False,4,0,0,0.0000,True,0,3,0.001
"Graph atlas n<=7",atlas_712,7,10,4,4,4,4,4,4,4,4,4,4,4,4,4,c1+c2+c3+c4+c5+c6+c7+c8+c10+c11,,0,0,0,c1+c2+c3+c4+c5+c6+c7+c8+c9+c10+c11,False,4,0,0,0.0000,True,0,3,0.001
"Graph atlas n<=7",atlas_713,7,10,4,4,4,4,4,4,4,4,4,4,4,4,4,c1+c2+c3+c4+c5+c6+c7+c8+c10+c11,,0,0,0,c1+c2+c3+c4+c5+c6+c7+c8+c9+c10+c11,False,4,0,0,0.0000,True,0,3,0.001
"Graph atlas n<=7",atlas_714,7,10,5,4,4,4,5,5,4,4,4,4,4,4,4,c2+c3+c4+c7+c8+c10+c11,,0,0,0,c1+c2+c3+c4+c5+c6+c7+c8+c9+c10+c11,False,4,0,0,0.0000,True,0,3,0.001
"Graph atlas n<=7",atlas_715,7,10,4,4,4,4,4,4,4,4,4,4,4,4,4,c1+c2+c3+c4+c5+c6+c7+c8+c10+c11,,0,0,0,c1+c2+c3+c4+c5+c6+c7+c8+c9+c10+c11,False,4,0,0,0.0000,True,0,3,0.001
"Graph atlas n<=7",atlas_716,7,10,4,4,4,4,4,4,4,4,4,4,4,4,4,c1+c2+c3+c4+c5+c6+c7+c8+c10+c11,,0,0,0,c1+c2+c3+c4+c5+c6+c7+c8+c9+c10+c11,False,4,0,0,0.0000,True,0,3,0.001
"Graph atlas n<=7",atlas_717,7,10,4,4,4,4,4,4,4,4,4,4,4,4,4,c1+c2+c3+c4+c5+c6+c7+c8+c10+c11,,0,0,0,c1+c2+c3+c4+c5+c6+c7+c8+c9+c10+c11,False,4,0,0,0.0000,True,0,3,0.001
"Graph atlas n<=7",atlas_718,7,10,4,4,4,4,4,4,4,4,4,4,4,4,4,c1+c2+c3+c4+c5+c6+c7+c8+c10+c11,,0,0,0,c1+c2+c3+c4+c5+c6+c7+c8+c9+c10+c11,False,4,0,0,0.0000,True,0,3,0.001
"Graph atlas n<=7",atlas_719,7,10,4,4,4,4,4,4,4,4,4,4,4,4,4,c1+c2+c3+c4+c5+c6+c7+c8+c10+c11,,0,0,0,c1+c2+c3+c4+c5+c6+c7+c8+c9+c10+c11,False,4,0,0,0.0000,True,0,3,0.001
"Graph atlas n<=7",atlas_720,7,10,4,4,4,4,4,4,4,4,4,4,4,4,4,c1+c2+c3+c4+c5+c6+c7+c8+c10+c11,,0,0,0,c1+c2+c3+c4+c5+c6+c7+c8+c9+c10+c11,False,4,0,0,0.0000,True,0,3,0.001
"Graph atlas n<=7",atlas_721,7,10,4,4,4,4,4,4,4,4,4,4,4,4,4,c1+c2+c3+c4+c5+c6+c7+c8+c10+c11,,0,0,0,c1+c2+c3+c4+c5+c6+c7+c8+c9+c10+c11,False,4,0,0,0.0000,True,0,3,0.001
"Graph atlas n<=7",atlas_722,7,10,4,4,4,4,4,4,4,4,4,4,4,4,4,c1+c2+c3+c4+c5+c6+c7+c8+c10+c11,,0,0,0,c1+c2+c3+c4+c5+c6+c7+c8+c9+c10+c11,False,4,0,0,0.0000,True,0,3,0.001
"Graph atlas n<=7",atlas_723,7,10,5,3,3,3,5,3,5,3,3,3,3,3,3,c2+c3+c4+c6+c8+c10+c11,,0,0,0,c1+c2+c3+c4+c5+c6+c7+c8+c9+c10+c11,True,3,0,3,1.0000,True,0,3,0.003
"Graph atlas n<=7",atlas_724,7,10,5,5,4,4,5,4,5,4,4,4,4,4,4,c3+c4+c6+c8+c10+c11,,0,0,0,c1+c2+c3+c4+c5+c6+c7+c8+c9+c10+c11,False,4,0,0,0.0000,True,0,2,0.001
"Graph atlas n<=7",atlas_725,7,10,4,4,5,4,4,4,5,4,4,4,4,4,4,c1+c2+c4+c5+c6+c8+c10+c11,,0,0,0,c1+c2+c3+c4+c5+c6+c7+c8+c9+c10+c11,False,4,0,0,0.0000,True,0,3,0.001
"Graph atlas n<=7",atlas_726,7,10,5,5,5,5,5,5,5,5,5,5,5,5,5,c1+c2+c3+c4+c5+c6+c7+c8+c10+c11,,0,0,0,c1+c2+c3+c4+c5+c6+c7+c8+c9+c10+c11,False,5,0,0,0.0000,True,0,3,0.001
"Graph atlas n<=7",atlas_727,7,10,4,4,4,4,4,4,4,4,4,4,4,4,4,c1+c2+c3+c4+c5+c6+c7+c8+c10+c11,,0,0,0,c1+c2+c3+c4+c5+c6+c7+c8+c9+c10+c11,False,4,0,0,0.0000,True,0,3,0.001
"Graph atlas n<=7",atlas_728,7,10,5,5,5,4,5,5,5,4,4,4,4,4,4,c4+c8+c10+c11,,0,0,0,c1+c2+c3+c4+c5+c6+c7+c8+c9+c10+c11,False,4,0,0,0.0000,True,0,3,0.001
"Graph atlas n<=7",atlas_729,7,10,5,5,4,4,5,4,4,4,4,4,4,4,4,c3+c4+c6+c7+c8+c10+c11,,0,0,0,c1+c2+c3+c4+c5+c6+c7+c8+c9+c10+c11,False,4,0,0,0.0000,True,0,3,0.001
"Graph atlas n<=7",atlas_730,7,10,4,4,4,4,4,4,4,4,4,4,4,4,4,c1+c2+c3+c4+c5+c6+c7+c8+c10+c11,,0,0,0,c1+c2+c3+c4+c5+c6+c7+c8+c9+c10+c11,False,4,0,0,0.0000,True,0,3,0.001
"Graph atlas n<=7",atlas_731,7,11,4,4,4,4,4,4,4,4,4,4,4,4,4,c1+c2+c3+c4+c5+c6+c7+c8+c10+c11,,0,0,0,c1+c2+c3+c4+c5+c6+c7+c8+c9+c10+c11,False,4,0,0,0.0000,True,0,4,0.001
"Graph atlas n<=7",atlas_732,7,11,3,3,3,3,3,3,3,3,3,3,3,3,3,c1+c2+c3+c4+c5+c6+c7+c8+c10+c11,,0,0,0,c1+c2+c3+c4+c5+c6+c7+c8+c9+c10+c11,False,3,0,0,0.0000,True,0,3,0.001
"Graph atlas n<=7",atlas_733,7,11,4,4,4,4,4,4,4,4,4,4,4,4,4,c1+c2+c3+c4+c5+c6+c7+c8+c10+c11,,0,0,0,c1+c2+c3+c4+c5+c6+c7+c8+c9+c10+c11,False,4,0,0,0.0000,True,0,3,0.001
"Graph atlas n<=7",atlas_734,7,11,4,4,4,4,4,4,4,4,4,4,4,4,4,c1+c2+c3+c4+c5+c6+c7+c8+c10+c11,,0,0,0,c1+c2+c3+c4+c5+c6+c7+c8+c9+c10+c11,False,4,0,0,0.0000,True,0,4,0.001
"Graph atlas n<=7",atlas_735,7,11,4,4,4,4,4,4,4,4,4,4,4,4,4,c1+c2+c3+c4+c5+c6+c7+c8+c10+c11,,0,0,0,c1+c2+c3+c4+c5+c6+c7+c8+c9+c10+c11,False,4,0,0,0.0000,True,0,3,0.001
"Graph atlas n<=7",atlas_736,7,11,4,4,4,4,4,4,4,4,4,4,4,4,4,c1+c2+c3+c4+c5+c6+c7+c8+c10+c11,,0,0,0,c1+c2+c3+c4+c5+c6+c7+c8+c9+c10+c11,False,4,0,0,0.0000,True,0,3,0.001
"Graph atlas n<=7",atlas_737,7,11,3,3,3,3,3,3,3,3,3,3,3,3,3,c1+c2+c3+c4+c5+c6+c7+c8+c10+c11,,0,0,0,c1+c2+c3+c4+c5+c6+c7+c8+c9+c10+c11,False,3,0,0,0.0000,True,0,3,0.001
"Graph atlas n<=7",atlas_738,7,11,4,4,4,4,4,4,4,4,4,4,4,4,4,c1+c2+c3+c4+c5+c6+c7+c8+c10+c11,,0,0,0,c1+c2+c3+c4+c5+c6+c7+c8+c9+c10+c11,False,4,0,0,0.0000,True,0,3,0.001
"Graph atlas n<=7",atlas_739,7,11,4,4,4,4,4,4,4,4,4,4,4,4,4,c1+c2+c3+c4+c5+c6+c7+c8+c10+c11,,0,0,0,c1+c2+c3+c4+c5+c6+c7+c8+c9+c10+c11,False,4,0,0,0.0000,True,0,4,0.001
"Graph atlas n<=7",atlas_740,7,11,3,3,3,3,3,3,3,3,3,3,3,3,3,c1+c2+c3+c4+c5+c6+c7+c8+c10+c11,,0,0,0,c1+c2+c3+c4+c5+c6+c7+c8+c9+c10+c11,False,3,0,0,0.0000,True,0,3,0.001
"Graph atlas n<=7",atlas_741,7,11,3,3,3,3,3,3,3,3,3,3,3,3,3,c1+c2+c3+c4+c5+c6+c7+c8+c10+c11,,0,0,0,c1+c2+c3+c4+c5+c6+c7+c8+c9+c10+c11,False,3,0,0,0.0000,True,0,3,0.001
"Graph atlas n<=7",atlas_742,7,11,4,4,4,4,4,4,4,4,4,4,4,4,4,c1+c2+c3+c4+c5+c6+c7+c8+c10+c11,,0,0,0,c1+c2+c3+c4+c5+c6+c7+c8+c9+c10+c11,False,4,0,0,0.0000,True,0,3,0.001
"Graph atlas n<=7",atlas_743,7,11,4,4,4,4,4,4,4,4,4,4,4,4,4,c1+c2+c3+c4+c5+c6+c7+c8+c10+c11,,0,0,0,c1+c2+c3+c4+c5+c6+c7+c8+c9+c10+c11,False,4,0,0,0.0000,True,0,3,0.001
"Graph atlas n<=7",atlas_744,7,11,4,4,4,4,4,4,4,4,4,4,4,4,4,c1+c2+c3+c4+c5+c6+c7+c8+c10+c11,,0,0,0,c1+c2+c3+c4+c5+c6+c7+c8+c9+c10+c11,False,4,0,0,0.0000,True,0,3,0.001
"Graph atlas n<=7",atlas_745,7,11,5,5,5,5,5,5,5,5,5,5,5,5,5,c1+c2+c3+c4+c5+c6+c7+c8+c10+c11,,0,0,0,c1+c2+c3+c4+c5+c6+c7+c8+c9+c10+c11,False,5,0,1,0.2857,True,0,4,0.001
"Graph atlas n<=7",atlas_746,7,11,3,3,3,3,3,3,3,3,3,3,3,3,3,c1+c2+c3+c4+c5+c6+c7+c8+c10+c11,,0,0,0,c1+c2+c3+c4+c5+c6+c7+c8+c9+c10+c11,False,3,0,0,0.0000,True,0,3,0.001
"Graph atlas n<=7",atlas_747,7,11,3,3,3,3,3,3,3,3,3,3,3,3,3,c1+c2+c3+c4+c5+c6+c7+c8+c10+c11,,0,0,0,c1+c2+c3+c4+c5+c6+c7+c8+c9+c10+c11,False,3,0,0,0.0000,True,0,3,0.001
"Graph atlas n<=7",atlas_748,7,11,3,3,3,3,3,3,3,3,3,3,3,3,3,c1+c2+c3+c4+c5+c6+c7+c8+c10+c11,,0,0,0,c1+c2+c3+c4+c5+c6+c7+c8+c9+c10+c11,False,3,0,0,0.0000,True,0,3,0.001
"Graph atlas n<=7",atlas_749,7,11,3,3,3,3,3,3,3,3,3,3,3,3,3,c1+c2+c3+c4+c5+c6+c7+c8+c10+c11,,0,0,0,c1+c2+c3+c4+c5+c6+c7+c8+c9+c10+c11,False,3,0,0,0.0000,True,0,3,0.001
"Graph atlas n<=7",atlas_750,7,11,4,4,4,4,4,4,4,4,4,4,4,4,4,c1+c2+c3+c4+c5+c6+c7+c8+c10+c11,,0,0,0,c1+c2+c3+c4+c5+c6+c7+c8+c9+c10+c11,False,4,0,0,0.0000,True,0,3,0.001
"Graph atlas n<=7",atlas_751,7,11,4,4,4,4,4,4,4,4,4,4,4,4,4,c1+c2+c3+c4+c5+c6+c7+c8+c10+c11,,0,0,0,c1+c2+c3+c4+c5+c6+c7+c8+c9+c10+c11,False,4,0,0,0.0000,True,0,3,0.001
"Graph atlas n<=7",atlas_752,7,11,3,3,3,3,3,4,3,3,3,3,3,3,3,c1+c2+c3+c4+c5+c7+c8+c10+c11,,0,0,0,c1+c2+c3+c4+c5+c6+c7+c8+c9+c10+c11,False,3,0,0,0.0000,True,0,3,0.001
"Graph atlas n<=7",atlas_753,7,11,4,4,4,4,4,4,4,4,4,4,4,4,4,c1+c2+c3+c4+c5+c6+c7+c8+c10+c11,,0,0,0,c1+c2+c3+c4+c5+c6+c7+c8+c9+c10+c11,False,4,0,0,0.0000,True,0,3,0.001
"Graph atlas n<=7",atlas_754,7,11,3,3,3,3,3,4,3,3,3,3,3,3,3,c1+c2+c3+c4+c5+c7+c8+c10+c11,,0,0,0,c1+c2+c3+c4+c5+c6+c7+c8+c9+c10+c11,False,3,0,0,0.0000,True,0,3,0.001
"Graph atlas n<=7",atlas_755,7,11,4,4,4,4,4,4,4,4,4,4,4,4,4,c1+c2+c3+c4+c5+c6+c7+c8+c10+c11,,0,0,0,c1+c2+c3+c4+c5+c6+c7+c8+c9+c10+c11,False,4,0,0,0.0000,True,0,3,0.001
"Graph atlas n<=7",atlas_756,7,11,5,4,4,4,5,4,4,4,4,4,4,4,4,c2+c3+c4+c6+c7+c8+c10+c11,,0,0,0,c1+c2+c3+c4+c5+c6+c7+c8+c9+c10+c11,False,4,0,0,0.0000,True,0,3,0.001
"Graph atlas n<=7",atlas_757,7,11,4,4,4,4,4,4,4,4,4,4,4,4,4,c1+c2+c3+c4+c5+c6+c7+c8+c10+c11,,0,0,0,c1+c2+c3+c4+c5+c6+c7+c8+c9+c10+c11,False,4,0,0,0.0000,True,0,3,0.001
"Graph atlas n<=7",atlas_758,7,11,4,4,4,4,4,4,4,4,4,4,4,4,4,c1+c2+c3+c4+c5+c6+c7+c8+c10+c11,,0,0,0,c1+c2+c3+c4+c5+c6+c7+c8+c9+c10+c11,False,4,0,0,0.0000,True,0,3,0.001
"Graph atlas n<=7",atlas_759,7,11,4,4,4,4,4,4,4,4,4,4,4,4,4,c1+c2+c3+c4+c5+c6+c7+c8+c10+c11,,0,0,0,c1+c2+c3+c4+c5+c6+c7+c8+c9+c10+c11,False,4,0,0,0.0000,True,0,3,0.001
"Graph atlas n<=7",atlas_760,7,11,4,4,4,4,4,4,4,4,4,4,4,4,4,c1+c2+c3+c4+c5+c6+c7+c8+c10+c11,,0,0,0,c1+c2+c3+c4+c5+c6+c7+c8+c9+c10+c11,False,4,0,0,0.0000,True,0,3,0.001
"Graph atlas n<=7",atlas_761,7,11,5,4,4,4,5,4,5,4,4,4,4,4,4,c2+c3+c4+c6+c8+c10+c11,,0,0,0,c1+c2+c3+c4+c5+c6+c7+c8+c9+c10+c11,False,4,0,0,0.0000,True,0,3,0.001
"Graph atlas n<=7",atlas_762,7,11,3,3,3,3,3,3,3,3,3,3,3,3,3,c1+c2+c3+c4+c5+c6+c7+c8+c10+c11,,0,0,0,c1+c2+c3+c4+c5+c6+c7+c8+c9+c10+c11,False,3,0,0,0.0000,True,0,3,0.001
"Graph atlas n<=7",atlas_763,7,11,4,4,4,4,4,4,4,4,4,4,4,4,4,c1+c2+c3+c4+c5+c6+c7+c8+c10+c11,,0,0,0,c1+c2+c3+c4+c5+c6+c7+c8+c9+c10+c11,False,4,0,0,0.0000,True,0,3,0.001
"Graph atlas n<=7",atlas_764,7,11,4,4,4,4,4,4,4,4,4,4,4,4,4,c1+c2+c3+c4+c5+c6+c7+c8+c10+c11,,0,0,0,c1+c2+c3+c4+c5+c6+c7+c8+c9+c10+c11,False,4,0,0,0.0000,True,0,3,0.001
"Graph atlas n<=7",atlas_765,7,11,3,3,3,3,3,3,3,3,3,3,3,3,3,c1+c2+c3+c4+c5+c6+c7+c8+c10+c11,,0,0,0,c1+c2+c3+c4+c5+c6+c7+c8+c9+c10+c11,False,3,0,0,0.0000,True,0,3,0.001
"Graph atlas n<=7",atlas_766,7,11,4,4,4,4,4,4,4,4,4,4,4,4,4,c1+c2+c3+c4+c5+c6+c7+c8+c10+c11,,0,0,0,c1+c2+c3+c4+c5+c6+c7+c8+c9+c10+c11,False,4,0,0,0.0000,True,0,3,0.001
"Graph atlas n<=7",atlas_767,7,11,3,3,3,3,3,3,3,3,3,3,3,3,3,c1+c2+c3+c4+c5+c6+c7+c8+c10+c11,,0,0,0,c1+c2+c3+c4+c5+c6+c7+c8+c9+c10+c11,False,3,0,0,0.0000,True,0,3,0.001
"Graph atlas n<=7",atlas_768,7,11,4,4,4,4,4,4,4,4,4,4,4,4,4,c1+c2+c3+c4+c5+c6+c7+c8+c10+c11,,0,0,0,c1+c2+c3+c4+c5+c6+c7+c8+c9+c10+c11,False,4,0,0,0.0000,True,0,3,0.001
"Graph atlas n<=7",atlas_769,7,11,4,4,4,4,4,4,4,4,4,4,4,4,4,c1+c2+c3+c4+c5+c6+c7+c8+c10+c11,,0,0,0,c1+c2+c3+c4+c5+c6+c7+c8+c9+c10+c11,False,4,0,0,0.0000,True,0,3,0.001
"Graph atlas n<=7",atlas_770,7,11,4,5,4,4,4,4,4,4,4,4,4,4,4,c1+c3+c4+c5+c6+c7+c8+c10+c11,,0,0,0,c1+c2+c3+c4+c5+c6+c7+c8+c9+c10+c11,False,4,0,0,0.0000,True,0,3,0.001
"Graph atlas n<=7",atlas_771,7,11,4,4,4,4,4,4,4,4,4,4,4,4,4,c1+c2+c3+c4+c5+c6+c7+c8+c10+c11,,0,0,0,c1+c2+c3+c4+c5+c6+c7+c8+c9+c10+c11,False,4,0,0,0.0000,True,0,3,0.001
"Graph atlas n<=7",atlas_772,7,11,4,4,4,4,4,4,4,4,4,4,4,4,4,c1+c2+c3+c4+c5+c6+c7+c8+c10+c11,,0,0,0,c1+c2+c3+c4+c5+c6+c7+c8+c9+c10+c11,False,4,0,0,0.0000,True,0,3,0.001
"Graph atlas n<=7",atlas_773,7,11,5,4,4,4,5,4,5,4,4,4,4,4,4,c2+c3+c4+c6+c8+c10+c11,,0,0,0,c1+c2+c3+c4+c5+c6+c7+c8+c9+c10+c11,False,4,0,0,0.0000,True,0,3,0.001
"Graph atlas n<=7",atlas_774,7,11,5,5,4,4,5,4,4,4,4,4,4,4,4,c3+c4+c6+c7+c8+c10+c11,,0,0,0,c1+c2+c3+c4+c5+c6+c7+c8+c9+c10+c11,False,4,0,0,0.0000,True,0,3,0.001
"Graph atlas n<=7",atlas_775,7,11,4,4,4,4,4,4,4,4,4,4,4,4,4,c1+c2+c3+c4+c5+c6+c7+c8+c10+c11,,0,0,0,c1+c2+c3+c4+c5+c6+c7+c8+c9+c10+c11,False,4,0,0,0.0000,True,0,3,0.001
"Graph atlas n<=7",atlas_776,7,11,4,4,4,4,4,4,4,4,4,4,4,4,4,c1+c2+c3+c4+c5+c6+c7+c8+c10+c11,,0,0,0,c1+c2+c3+c4+c5+c6+c7+c8+c9+c10+c11,False,4,0,0,0.0000,True,0,3,0.001
"Graph atlas n<=7",atlas_777,7,11,4,4,4,4,4,4,4,4,4,4,4,4,4,c1+c2+c3+c4+c5+c6+c7+c8+c10+c11,,0,0,0,c1+c2+c3+c4+c5+c6+c7+c8+c9+c10+c11,False,4,0,0,0.0000,True,0,3,0.001
"Graph atlas n<=7",atlas_778,7,11,4,4,4,4,4,4,4,4,4,4,4,4,4,c1+c2+c3+c4+c5+c6+c7+c8+c10+c11,,0,0,0,c1+c2+c3+c4+c5+c6+c7+c8+c9+c10+c11,False,4,0,0,0.0000,True,0,3,0.001
"Graph atlas n<=7",atlas_779,7,11,4,4,4,4,4,4,4,4,4,4,4,4,4,c1+c2+c3+c4+c5+c6+c7+c8+c10+c11,,0,0,0,c1+c2+c3+c4+c5+c6+c7+c8+c9+c10+c11,False,4,0,0,0.0000,True,0,3,0.001
"Graph atlas n<=7",atlas_780,7,11,3,3,3,3,3,4,3,3,3,3,3,3,3,c1+c2+c3+c4+c5+c7+c8+c10+c11,,0,0,0,c1+c2+c3+c4+c5+c6+c7+c8+c9+c10+c11,False,3,0,0,0.0000,True,0,4,0.001
"Graph atlas n<=7",atlas_781,7,11,4,4,4,4,4,4,4,4,4,4,4,4,4,c1+c2+c3+c4+c5+c6+c7+c8+c10+c11,,0,0,0,c1+c2+c3+c4+c5+c6+c7+c8+c9+c10+c11,False,4,0,0,0.0000,True,0,3,0.001
"Graph atlas n<=7",atlas_782,7,11,4,5,4,4,4,4,4,4,4,4,4,4,4,c1+c3+c4+c5+c6+c7+c8+c10+c11,,0,0,0,c1+c2+c3+c4+c5+c6+c7+c8+c9+c10+c11,False,4,0,0,0.0000,True,0,3,0.001
"Graph atlas n<=7",atlas_783,7,11,4,4,4,4,4,4,4,4,4,4,4,4,4,c1+c2+c3+c4+c5+c6+c7+c8+c10+c11,,0,0,0,c1+c2+c3+c4+c5+c6+c7+c8+c9+c10+c11,False,4,0,0,0.0000,True,0,3,0.001
"Graph atlas n<=7",atlas_784,7,11,5,4,4,4,5,4,4,4,4,4,4,4,4,c2+c3+c4+c6+c7+c8+c10+c11,,0,0,0,c1+c2+c3+c4+c5+c6+c7+c8+c9+c10+c11,False,4,0,0,0.0000,True,0,3,0.001
"Graph atlas n<=7",atlas_785,7,11,4,4,4,4,4,4,4,4,4,4,4,4,4,c1+c2+c3+c4+c5+c6+c7+c8+c10+c11,,0,0,0,c1+c2+c3+c4+c5+c6+c7+c8+c9+c10+c11,False,4,0,0,0.0000,True,0,3,0.001
"Graph atlas n<=7",atlas_786,7,11,4,4,4,4,4,4,4,4,4,4,4,4,4,c1+c2+c3+c4+c5+c6+c7+c8+c10+c11,,0,0,0,c1+c2+c3+c4+c5+c6+c7+c8+c9+c10+c11,False,4,0,0,0.0000,True,0,3,0.001
"Graph atlas n<=7",atlas_787,7,11,4,4,4,4,4,4,4,4,4,4,4,4,4,c1+c2+c3+c4+c5+c6+c7+c8+c10+c11,,0,0,0,c1+c2+c3+c4+c5+c6+c7+c8+c9+c10+c11,False,4,0,0,0.0000,True,0,3,0.001
"Graph atlas n<=7",atlas_788,7,11,4,4,4,4,4,4,4,4,4,4,4,4,4,c1+c2+c3+c4+c5+c6+c7+c8+c10+c11,,0,0,0,c1+c2+c3+c4+c5+c6+c7+c8+c9+c10+c11,False,4,0,0,0.0000,True,0,3,0.001
"Graph atlas n<=7",atlas_789,7,11,3,3,3,3,3,3,3,3,3,3,3,3,3,c1+c2+c3+c4+c5+c6+c7+c8+c10+c11,,0,0,0,c1+c2+c3+c4+c5+c6+c7+c8+c9+c10+c11,False,3,0,0,0.0000,True,0,4,0.001
"Graph atlas n<=7",atlas_790,7,11,2,2,2,2,2,2,2,2,2,2,2,2,2,c1+c2+c3+c4+c5+c6+c7+c8+c10+c11,,0,0,0,c1+c2+c3+c4+c5+c6+c7+c8+c9+c10+c11,False,2,0,0,0.0000,True,0,2,0.001
"Graph atlas n<=7",atlas_791,7,11,3,3,3,3,3,3,3,3,3,3,3,3,3,c1+c2+c3+c4+c5+c6+c7+c8+c10+c11,,0,0,0,c1+c2+c3+c4+c5+c6+c7+c8+c9+c10+c11,False,3,0,0,0.0000,True,0,2,0.001
"Graph atlas n<=7",atlas_792,7,11,3,3,3,3,3,3,3,3,3,3,3,3,3,c1+c2+c3+c4+c5+c6+c7+c8+c10+c11,,0,0,0,c1+c2+c3+c4+c5+c6+c7+c8+c9+c10+c11,False,3,0,0,0.0000,True,0,2,0.001
"Graph atlas n<=7",atlas_793,7,11,3,3,3,3,3,3,3,3,3,3,3,3,3,c1+c2+c3+c4+c5+c6+c7+c8+c10+c11,,0,0,0,c1+c2+c3+c4+c5+c6+c7+c8+c9+c10+c11,False,3,0,0,0.0000,True,0,2,0.001
"Graph atlas n<=7",atlas_794,7,11,4,3,3,3,4,3,4,3,3,3,3,3,3,c2+c3+c4+c6+c8+c10+c11,,0,0,0,c1+c2+c3+c4+c5+c6+c7+c8+c9+c10+c11,False,3,0,0,0.0000,True,0,2,0.001
"Graph atlas n<=7",atlas_795,7,11,4,4,4,4,4,4,4,4,4,4,4,4,4,c1+c2+c3+c4+c5+c6+c7+c8+c10+c11,,0,0,0,c1+c2+c3+c4+c5+c6+c7+c8+c9+c10+c11,False,4,0,0,0.0000,True,0,2,0.001
"Graph atlas n<=7",atlas_796,7,11,4,4,4,4,4,4,4,4,4,4,4,4,4,c1+c2+c3+c4+c5+c6+c7+c8+c10+c11,,0,0,0,c1+c2+c3+c4+c5+c6+c7+c8+c9+c10+c11,False,4,0,0,0.0000,True,0,3,0.001
"Graph atlas n<=7",atlas_797,7,11,4,4,4,4,4,4,4,4,4,4,4,4,4,c1+c2+c3+c4+c5+c6+c7+c8+c10+c11,,0,0,0,c1+c2+c3+c4+c5+c6+c7+c8+c9+c10+c11,False,4,0,0,0.0000,True,0,2,0.001
"Graph atlas n<=7",atlas_798,7,11,4,3,3,3,4,3,4,3,3,3,3,3,3,c2+c3+c4+c6+c8+c10+c11,,0,0,0,c1+c2+c3+c4+c5+c6+c7+c8+c9+c10+c11,False,3,0,0,0.0000,True,0,3,0.001
"Graph atlas n<=7",atlas_799,7,11,4,4,4,4,4,4,4,4,4,4,4,4,4,c1+c2+c3+c4+c5+c6+c7+c8+c10+c11,,0,0,0,c1+c2+c3+c4+c5+c6+c7+c8+c9+c10+c11,False,4,0,0,0.0000,True,0,3,0.001
"Graph atlas n<=7",atlas_800,7,11,3,3,4,3,3,4,3,3,3,3,3,3,3,c1+c2+c4+c5+c7+c8+c10+c11,,0,0,0,c1+c2+c3+c4+c5+c6+c7+c8+c9+c10+c11,False,3,0,0,0.0000,True,0,3,0.001
"Graph atlas n<=7",atlas_801,7,11,3,3,3,3,3,3,3,3,3,3,3,3,3,c1+c2+c3+c4+c5+c6+c7+c8+c10+c11,,0,0,0,c1+c2+c3+c4+c5+c6+c7+c8+c9+c10+c11,False,3,0,0,0.0000,True,0,3,0.001
"Graph atlas n<=7",atlas_802,7,11,5,4,4,4,5,4,4,4,4,4,4,4,4,c2+c3+c4+c6+c7+c8+c10+c11,,0,0,0,c1+c2+c3+c4+c5+c6+c7+c8+c9+c10+c11,False,4,0,0,0.0000,True,0,3,0.001
"Graph atlas n<=7",atlas_803,7,11,4,4,4,4,4,4,4,4,4,4,4,4,4,c1+c2+c3+c4+c5+c6+c7+c8+c10+c11,,0,0,0,c1+c2+c3+c4+c5+c6+c7+c8+c9+c10+c11,False,4,0,0,0.0000,True,0,3,0.001
"Graph atlas n<=7",atlas_804,7,11,4,4,4,4,4,4,4,4,4,4,4,4,4,c1+c2+c3+c4+c5+c6+c7+c8+c10+c11,,0,0,0,c1+c2+c3+c4+c5+c6+c7+c8+c9+c10+c11,False,4,0,0,0.0000,True,0,2,0.001
"Graph atlas n<=7",atlas_805,7,11,3,3,3,3,3,3,3,3,3,3,3,3,3,c1+c2+c3+c4+c5+c6+c7+c8+c10+c11,,0,0,0,c1+c2+c3+c4+c5+c6+c7+c8+c9+c10+c11,False,3,0,0,0.0000,True,0,3,0.001
"Graph atlas n<=7",atlas_806,7,11,4,4,4,4,4,4,4,4,4,4,4,4,4,c1+c2+c3+c4+c5+c6+c7+c8+c10+c11,,0,0,0,c1+c2+c3+c4+c5+c6+c7+c8+c9+c10+c11,False,4,0,0,0.0000,True,0,2,0.001
"Graph atlas n<=7",atlas_807,7,11,3,3,3,3,3,3,3,3,3,3,3,3,3,c1+c2+c3+c4+c5+c6+c7+c8+c10+c11,,0,0,0,c1+c2+c3+c4+c5+c6+c7+c8+c9+c10+c11,False,3,0,0,0.0000,True,0,3,0.001
"Graph atlas n<=7",atlas_808,7,11,4,4,4,4,4,4,4,4,4,4,4,4,4,c1+c2+c3+c4+c5+c6+c7+c8+c10+c11,,0,0,0,c1+c2+c3+c4+c5+c6+c7+c8+c9+c10+c11,False,4,0,0,0.0000,True,0,3,0.001
"Graph atlas n<=7",atlas_809,7,11,5,4,4,4,5,4,4,4,4,4,4,4,4,c2+c3+c4+c6+c7+c8+c10+c11,,0,0,0,c1+c2+c3+c4+c5+c6+c7+c8+c9+c10+c11,False,4,0,0,0.0000,True,0,3,0.001
"Graph atlas n<=7",atlas_810,7,11,5,5,4,4,5,4,4,4,4,4,4,4,4,c3+c4+c6+c7+c8+c10+c11,,0,0,0,c1+c2+c3+c4+c5+c6+c7+c8+c9+c10+c11,False,4,0,0,0.0000,True,0,3,0.001
"Graph atlas n<=7",atlas_811,7,11,4,4,4,4,4,4,4,4,4,4,4,4,4,c1+c2+c3+c4+c5+c6+c7+c8+c10+c11,,0,0,0,c1+c2+c3+c4+c5+c6+c7+c8+c9+c10+c11,False,4,0,0,0.0000,True,0,3,0.001
"Graph atlas n<=7",atlas_812,7,11,4,4,4,4,4,4,4,4,4,4,4,4,4,c1+c2+c3+c4+c5+c6+c7+c8+c10+c11,,0,0,0,c1+c2+c3+c4+c5+c6+c7+c8+c9+c10+c11,False,4,0,0,0.0000,True,0,3,0.001
"Graph atlas n<=7",atlas_813,7,11,6,4,4,4,6,4,4,4,4,4,4,4,4,c2+c3+c4+c6+c7+c8+c10+c11,,0,0,0,c1+c2+c3+c4+c5+c6+c7+c8+c9+c10+c11,False,4,0,0,0.0000,True,0,2,0.001
"Graph atlas n<=7",atlas_814,7,11,4,4,4,4,4,4,4,4,4,4,4,4,4,c1+c2+c3+c4+c5+c6+c7+c8+c10+c11,,0,0,0,c1+c2+c3+c4+c5+c6+c7+c8+c9+c10+c11,False,4,0,0,0.0000,True,0,3,0.001
"Graph atlas n<=7",atlas_815,7,11,4,4,4,4,4,4,4,4,4,4,4,4,4,c1+c2+c3+c4+c5+c6+c7+c8+c10+c11,,0,0,0,c1+c2+c3+c4+c5+c6+c7+c8+c9+c10+c11,False,4,0,0,0.0000,True,0,3,0.001
"Graph atlas n<=7",atlas_816,7,11,4,4,4,4,4,4,4,4,4,4,4,4,4,c1+c2+c3+c4+c5+c6+c7+c8+c10+c11,,0,0,0,c1+c2+c3+c4+c5+c6+c7+c8+c9+c10+c11,False,4,0,0,0.0000,True,0,3,0.001
"Graph atlas n<=7",atlas_817,7,11,4,4,4,4,4,4,4,4,4,4,4,4,4,c1+c2+c3+c4+c5+c6+c7+c8+c10+c11,,0,0,0,c1+c2+c3+c4+c5+c6+c7+c8+c9+c10+c11,False,4,0,0,0.0000,True,0,3,0.001
"Graph atlas n<=7",atlas_818,7,11,4,4,4,4,4,4,4,4,4,4,4,4,4,c1+c2+c3+c4+c5+c6+c7+c8+c10+c11,,0,0,0,c1+c2+c3+c4+c5+c6+c7+c8+c9+c10+c11,False,4,0,0,0.0000,True,0,3,0.001
"Graph atlas n<=7",atlas_819,7,11,4,4,4,4,4,4,4,4,4,4,4,4,4,c1+c2+c3+c4+c5+c6+c7+c8+c10+c11,,0,0,0,c1+c2+c3+c4+c5+c6+c7+c8+c9+c10+c11,False,4,0,0,0.0000,True,0,3,0.001
"Graph atlas n<=7",atlas_820,7,11,5,4,4,4,5,4,4,4,4,4,4,4,4,c2+c3+c4+c6+c7+c8+c10+c11,,0,0,0,c1+c2+c3+c4+c5+c6+c7+c8+c9+c10+c11,False,4,0,0,0.0000,True,0,3,0.001
"Graph atlas n<=7",atlas_821,7,11,4,4,4,4,4,4,4,4,4,4,4,4,4,c1+c2+c3+c4+c5+c6+c7+c8+c10+c11,,0,0,0,c1+c2+c3+c4+c5+c6+c7+c8+c9+c10+c11,False,4,0,0,0.0000,True,0,2,0.001
"Graph atlas n<=7",atlas_822,7,11,4,4,4,4,4,4,5,4,4,4,4,4,4,c1+c2+c3+c4+c5+c6+c8+c10+c11,,0,0,0,c1+c2+c3+c4+c5+c6+c7+c8+c9+c10+c11,False,4,0,0,0.0000,True,0,3,0.001
"Graph atlas n<=7",atlas_823,7,11,3,3,3,3,3,3,3,3,3,3,3,3,3,c1+c2+c3+c4+c5+c6+c7+c8+c10+c11,,0,0,0,c1+c2+c3+c4+c5+c6+c7+c8+c9+c10+c11,False,3,0,0,0.0000,True,0,3,0.001
"Graph atlas n<=7",atlas_824,7,11,4,4,4,4,4,4,4,4,4,4,4,4,4,c1+c2+c3+c4+c5+c6+c7+c8+c10+c11,,0,0,0,c1+c2+c3+c4+c5+c6+c7+c8+c9+c10+c11,False,4,0,0,0.0000,True,0,3,0.001
"Graph atlas n<=7",atlas_825,7,11,5,4,5,5,5,4,5,5,4,4,4,4,4,c2+c6+c10+c11,,0,0,0,c1+c2+c3+c4+c5+c6+c7+c8+c9+c10+c11,False,4,0,0,0.0000,True,0,3,0.001
"Graph atlas n<=7",atlas_826,7,11,4,4,4,4,4,4,4,4,4,4,4,4,4,c1+c2+c3+c4+c5+c6+c7+c8+c10+c11,,0,0,0,c1+c2+c3+c4+c5+c6+c7+c8+c9+c10+c11,False,4,0,0,0.0000,True,0,3,0.001
"Graph atlas n<=7",atlas_827,7,11,4,4,4,4,4,4,4,4,4,4,4,4,4,c1+c2+c3+c4+c5+c6+c7+c8+c10+c11,,0,0,0,c1+c2+c3+c4+c5+c6+c7+c8+c9+c10+c11,False,4,0,0,0.0000,True,0,3,0.001
"Graph atlas n<=7",atlas_828,7,11,4,4,4,4,4,4,4,4,4,4,4,4,4,c1+c2+c3+c4+c5+c6+c7+c8+c10+c11,,0,0,0,c1+c2+c3+c4+c5+c6+c7+c8+c9+c10+c11,False,4,0,0,0.0000,True,0,3,0.001
"Graph atlas n<=7",atlas_829,7,11,4,4,5,4,4,4,5,4,4,4,4,4,4,c1+c2+c4+c5+c6+c8+c10+c11,,0,0,0,c1+c2+c3+c4+c5+c6+c7+c8+c9+c10+c11,False,4,0,0,0.0000,True,0,3,0.001
"Graph atlas n<=7",atlas_830,7,11,4,3,4,3,4,3,4,3,3,3,3,3,3,c2+c4+c6+c8+c10+c11,,0,0,0,c1+c2+c3+c4+c5+c6+c7+c8+c9+c10+c11,False,3,0,0,0.0000,True,0,3,0.001
"Graph atlas n<=7",atlas_831,7,11,4,4,4,4,4,4,4,4,4,4,4,4,4,c1+c2+c3+c4+c5+c6+c7+c8+c10+c11,,0,0,0,c1+c2+c3+c4+c5+c6+c7+c8+c9+c10+c11,False,4,0,0,0.0000,True,0,3,0.001
"Graph atlas n<=7",atlas_832,7,11,4,4,4,4,4,4,4,4,4,4,4,4,4,c1+c2+c3+c4+c5+c6+c7+c8+c10+c11,,0,0,0,c1+c2+c3+c4+c5+c6+c7+c8+c9+c10+c11,False,4,0,0,0.0000,True,0,3,0.001
"Graph atlas n<=7",atlas_833,7,11,4,4,4,4,4,4,4,4,4,4,4,4,4,c1+c2+c3+c4+c5+c6+c7+c8+c10+c11,,0,0,0,c1+c2+c3+c4+c5+c6+c7+c8+c9+c10+c11,False,4,0,0,0.0000,True,0,3,0.001
"Graph atlas n<=7",atlas_834,7,11,4,4,4,4,4,4,4,4,4,4,4,4,4,c1+c2+c3+c4+c5+c6+c7+c8+c10+c11,,0,0,0,c1+c2+c3+c4+c5+c6+c7+c8+c9+c10+c11,False,4,0,0,0.0000,True,0,3,0.001
"Graph atlas n<=7",atlas_835,7,11,4,4,4,4,4,4,4,4,4,4,4,4,4,c1+c2+c3+c4+c5+c6+c7+c8+c10+c11,,0,0,0,c1+c2+c3+c4+c5+c6+c7+c8+c9+c10+c11,False,4,0,0,0.0000,True,0,3,0.001
"Graph atlas n<=7",atlas_836,7,11,4,5,4,4,4,4,5,4,4,4,4,4,4,c1+c3+c4+c5+c6+c8+c10+c11,,0,0,0,c1+c2+c3+c4+c5+c6+c7+c8+c9+c10+c11,False,4,0,0,0.0000,True,0,3,0.001
"Graph atlas n<=7",atlas_837,7,11,4,4,4,4,4,4,4,4,4,4,4,4,4,c1+c2+c3+c4+c5+c6+c7+c8+c10+c11,,0,0,0,c1+c2+c3+c4+c5+c6+c7+c8+c9+c10+c11,False,4,0,0,0.0000,True,0,3,0.001
"Graph atlas n<=7",atlas_838,7,11,4,4,4,4,4,4,4,4,4,4,4,4,4,c1+c2+c3+c4+c5+c6+c7+c8+c10+c11,,0,0,0,c1+c2+c3+c4+c5+c6+c7+c8+c9+c10+c11,False,4,0,0,0.0000,True,0,3,0.001
"Graph atlas n<=7",atlas_839,7,11,4,4,4,4,4,4,4,4,4,4,4,4,4,c1+c2+c3+c4+c5+c6+c7+c8+c10+c11,,0,0,0,c1+c2+c3+c4+c5+c6+c7+c8+c9+c10+c11,False,4,0,0,0.0000,True,0,3,0.001
"Graph atlas n<=7",atlas_840,7,11,5,4,4,4,5,4,5,4,4,4,4,4,4,c2+c3+c4+c6+c8+c10+c11,,0,0,0,c1+c2+c3+c4+c5+c6+c7+c8+c9+c10+c11,False,4,0,0,0.0000,True,0,2,0.001
"Graph atlas n<=7",atlas_841,7,11,4,4,4,4,4,4,4,4,4,4,4,4,4,c1+c2+c3+c4+c5+c6+c7+c8+c10+c11,,0,0,0,c1+c2+c3+c4+c5+c6+c7+c8+c9+c10+c11,False,4,0,0,0.0000,True,0,3,0.001
"Graph atlas n<=7",atlas_842,7,11,4,4,4,4,4,4,4,4,4,4,4,4,4,c1+c2+c3+c4+c5+c6+c7+c8+c10+c11,,0,0,0,c1+c2+c3+c4+c5+c6+c7+c8+c9+c10+c11,False,4,0,0,0.0000,True,0,3,0.001
"Graph atlas n<=7",atlas_843,7,11,4,5,4,4,4,4,4,4,4,4,4,4,4,c1+c3+c4+c5+c6+c7+c8+c10+c11,,0,0,0,c1+c2+c3+c4+c5+c6+c7+c8+c9+c10+c11,False,4,0,0,0.0000,True,0,3,0.001
"Graph atlas n<=7",atlas_844,7,11,5,5,4,4,5,5,5,4,4,4,4,4,4,c3+c4+c8+c10+c11,,0,0,0,c1+c2+c3+c4+c5+c6+c7+c8+c9+c10+c11,False,4,0,0,0.0000,True,0,3,0.001
"Graph atlas n<=7",atlas_845,7,11,5,4,4,4,5,4,5,4,4,4,4,4,4,c2+c3+c4+c6+c8+c10+c11,,0,0,0,c1+c2+c3+c4+c5+c6+c7+c8+c9+c10+c11,False,4,0,0,0.0000,True,0,3,0.001
"Graph atlas n<=7",atlas_846,7,11,4,4,4,4,4,4,4,4,4,4,4,4,4,c1+c2+c3+c4+c5+c6+c7+c8+c10+c11,,0,0,0,c1+c2+c3+c4+c5+c6+c7+c8+c9+c10+c11,False,4,0,0,0.0000,True,0,3,0.001
"Graph atlas n<=7",atlas_847,7,11,3,3,3,3,3,3,3,3,3,3,3,3,3,c1+c2+c3+c4+c5+c6+c7+c8+c10+c11,,0,0,0,c1+c2+c3+c4+c5+c6+c7+c8+c9+c10+c11,False,3,0,0,0.0000,True,0,3,0.001
"Graph atlas n<=7",atlas_848,7,11,5,4,4,4,5,4,5,4,4,4,4,4,4,c2+c3+c4+c6+c8+c10+c11,,0,0,0,c1+c2+c3+c4+c5+c6+c7+c8+c9+c10+c11,False,4,0,0,0.0000,True,0,3,0.001
"Graph atlas n<=7",atlas_849,7,11,4,4,4,4,4,4,4,4,4,4,4,4,4,c1+c2+c3+c4+c5+c6+c7+c8+c10+c11,,0,0,0,c1+c2+c3+c4+c5+c6+c7+c8+c9+c10+c11,False,4,0,0,0.0000,True,0,3,0.001
"Graph atlas n<=7",atlas_850,7,11,4,4,4,4,4,4,4,4,4,4,4,4,4,c1+c2+c3+c4+c5+c6+c7+c8+c10+c11,,0,0,0,c1+c2+c3+c4+c5+c6+c7+c8+c9+c10+c11,False,4,0,0,0.0000,True,0,3,0.001
"Graph atlas n<=7",atlas_851,7,11,5,5,5,5,5,5,5,5,5,5,5,5,5,c1+c2+c3+c4+c5+c6+c7+c8+c10+c11,,0,0,0,c1+c2+c3+c4+c5+c6+c7+c8+c9+c10+c11,False,5,0,0,0.0000,True,0,3,0.001
"Graph atlas n<=7",atlas_852,7,11,4,4,4,4,4,4,4,4,4,4,4,4,4,c1+c2+c3+c4+c5+c6+c7+c8+c10+c11,,0,0,0,c1+c2+c3+c4+c5+c6+c7+c8+c9+c10+c11,False,4,0,0,0.0000,True,0,3,0.001
"Graph atlas n<=7",atlas_853,7,11,4,4,4,4,4,4,4,4,4,4,4,4,4,c1+c2+c3+c4+c5+c6+c7+c8+c10+c11,,0,0,0,c1+c2+c3+c4+c5+c6+c7+c8+c9+c10+c11,False,4,0,0,0.0000,True,0,3,0.001
"Graph atlas n<=7",atlas_854,7,11,4,4,4,4,4,4,4,4,4,4,4,4,4,c1+c2+c3+c4+c5+c6+c7+c8+c10+c11,,0,0,0,c1+c2+c3+c4+c5+c6+c7+c8+c9+c10+c11,False,4,0,0,0.0000,True,0,3,0.001
"Graph atlas n<=7",atlas_855,7,11,4,4,4,4,4,4,4,4,4,4,4,4,4,c1+c2+c3+c4+c5+c6+c7+c8+c10+c11,,0,0,0,c1+c2+c3+c4+c5+c6+c7+c8+c9+c10+c11,False,4,0,0,0.0000,True,0,3,0.001
"Graph atlas n<=7",atlas_856,7,11,5,5,5,5,5,5,5,5,5,5,5,5,5,c1+c2+c3+c4+c5+c6+c7+c8+c10+c11,,0,0,0,c1+c2+c3+c4+c5+c6+c7+c8+c9+c10+c11,False,5,0,0,0.0000,True,0,3,0.001
"Graph atlas n<=7",atlas_857,7,11,4,4,4,4,4,4,4,4,4,4,4,4,4,c1+c2+c3+c4+c5+c6+c7+c8+c10+c11,,0,0,0,c1+c2+c3+c4+c5+c6+c7+c8+c9+c10+c11,False,4,0,0,0.0000,True,0,3,0.001
"Graph atlas n<=7",atlas_858,7,11,4,4,4,4,4,4,4,4,4,4,4,4,4,c1+c2+c3+c4+c5+c6+c7+c8+c10+c11,,0,0,0,c1+c2+c3+c4+c5+c6+c7+c8+c9+c10+c11,False,4,0,0,0.0000,True,0,3,0.001
"Graph atlas n<=7",atlas_859,7,11,4,4,4,4,4,4,4,4,4,4,4,4,4,c1+c2+c3+c4+c5+c6+c7+c8+c10+c11,,0,0,0,c1+c2+c3+c4+c5+c6+c7+c8+c9+c10+c11,False,4,0,0,0.0000,True,0,3,0.001
"Graph atlas n<=7",atlas_860,7,11,4,5,4,4,4,4,5,4,4,4,4,4,4,c1+c3+c4+c5+c6+c8+c10+c11,,0,0,0,c1+c2+c3+c4+c5+c6+c7+c8+c9+c10+c11,False,4,0,0,0.0000,True,0,3,0.001
"Graph atlas n<=7",atlas_861,7,11,5,4,5,4,5,4,5,4,4,4,4,4,4,c2+c4+c6+c8+c10+c11,,0,0,0,c1+c2+c3+c4+c5+c6+c7+c8+c9+c10+c11,False,4,0,0,0.0000,True,0,3,0.001
"Graph atlas n<=7",atlas_862,7,11,5,4,4,4,5,4,4,4,4,4,4,4,4,c2+c3+c4+c6+c7+c8+c10+c11,,0,0,0,c1+c2+c3+c4+c5+c6+c7+c8+c9+c10+c11,False,4,0,0,0.0000,True,0,3,0.001
"Graph atlas n<=7",atlas_863,7,11,5,4,4,4,5,4,5,4,4,4,4,4,4,c2+c3+c4+c6+c8+c10+c11,,0,0,0,c1+c2+c3+c4+c5+c6+c7+c8+c9+c10+c11,False,4,0,0,0.0000,True,0,3,0.001
"Graph atlas n<=7",atlas_864,7,11,4,4,4,4,4,4,4,4,4,4,4,4,4,c1+c2+c3+c4+c5+c6+c7+c8+c10+c11,,0,0,0,c1+c2+c3+c4+c5+c6+c7+c8+c9+c10+c11,False,4,0,0,0.0000,True,0,3,0.001
"Graph atlas n<=7",atlas_865,7,11,4,4,4,4,4,4,5,4,4,4,4,4,4,c1+c2+c3+c4+c5+c6+c8+c10+c11,,0,0,0,c1+c2+c3+c4+c5+c6+c7+c8+c9+c10+c11,False,4,0,0,0.0000,True,0,3,0.001
"Graph atlas n<=7",atlas_866,7,11,5,5,4,4,5,4,4,4,4,4,4,4,4,c3+c4+c6+c7+c8+c10+c11,,0,0,0,c1+c2+c3+c4+c5+c6+c7+c8+c9+c10+c11,False,4,0,0,0.0000,True,0,3,0.001
"Graph atlas n<=7",atlas_867,7,11,4,4,4,4,4,5,4,4,4,4,4,4,4,c1+c2+c3+c4+c5+c7+c8+c10+c11,,0,0,0,c1+c2+c3+c4+c5+c6+c7+c8+c9+c10+c11,False,4,0,0,0.0000,True,0,3,0.001
"Graph atlas n<=7",atlas_868,7,11,5,4,5,4,5,5,5,4,4,4,4,4,4,c2+c4+c8+c10+c11,,0,0,0,c1+c2+c3+c4+c5+c6+c7+c8+c9+c10+c11,False,4,0,0,0.0000,True,0,3,0.001
"Graph atlas n<=7",atlas_869,7,11,4,4,4,4,4,4,4,4,4,4,4,4,4,c1+c2+c3+c4+c5+c6+c7+c8+c10+c11,,0,0,0,c1+c2+c3+c4+c5+c6+c7+c8+c9+c10+c11,False,4,0,0,0.0000,True,0,3,0.001
"Graph atlas n<=7",atlas_870,7,11,4,4,4,4,4,4,4,4,4,4,4,4,4,c1+c2+c3+c4+c5+c6+c7+c8+c10+c11,,0,0,0,c1+c2+c3+c4+c5+c6+c7+c8+c9+c10+c11,False,4,0,0,0.0000,True,0,3,0.001
"Graph atlas n<=7",atlas_871,7,11,5,5,5,5,5,5,5,5,5,5,5,5,5,c1+c2+c3+c4+c5+c6+c7+c8+c10+c11,,0,0,0,c1+c2+c3+c4+c5+c6+c7+c8+c9+c10+c11,False,5,0,0,0.0000,True,0,3,0.001
"Graph atlas n<=7",atlas_872,7,11,4,4,4,4,4,4,4,4,4,4,4,4,4,c1+c2+c3+c4+c5+c6+c7+c8+c10+c11,,0,0,0,c1+c2+c3+c4+c5+c6+c7+c8+c9+c10+c11,False,4,0,0,0.0000,True,0,3,0.001
"Graph atlas n<=7",atlas_873,7,11,4,4,5,4,4,5,5,4,4,4,4,4,4,c1+c2+c4+c5+c8+c10+c11,,0,0,0,c1+c2+c3+c4+c5+c6+c7+c8+c9+c10+c11,False,4,0,0,0.0000,True,0,3,0.001
"Graph atlas n<=7",atlas_874,7,11,3,3,3,3,3,3,3,3,3,3,3,3,3,c1+c2+c3+c4+c5+c6+c7+c8+c10+c11,,0,0,0,c1+c2+c3+c4+c5+c6+c7+c8+c9+c10+c11,True,4,0,3,1.0000,True,0,3,0.003
"Graph atlas n<=7",atlas_875,7,11,5,5,4,4,5,5,4,4,4,4,4,4,4,c3+c4+c7+c8+c10+c11,,0,0,0,c1+c2+c3+c4+c5+c6+c7+c8+c9+c10+c11,False,4,0,0,0.0000,True,0,3,0.001
"Graph atlas n<=7",atlas_876,7,11,4,4,4,4,4,4,4,4,4,4,4,4,4,c1+c2+c3+c4+c5+c6+c7+c8+c10+c11,,0,0,0,c1+c2+c3+c4+c5+c6+c7+c8+c9+c10+c11,False,4,0,0,0.0000,True,0,3,0.001
"Graph atlas n<=7",atlas_877,7,11,5,4,4,4,5,5,5,4,4,4,4,4,4,c2+c3+c4+c8+c10+c11,,0,0,0,c1+c2+c3+c4+c5+c6+c7+c8+c9+c10+c11,False,4,0,0,0.0000,True,0,3,0.001
"Graph atlas n<=7",atlas_878,7,11,5,5,5,5,5,5,5,5,5,5,5,5,5,c1+c2+c3+c4+c5+c6+c7+c8+c10+c11,,0,0,0,c1+c2+c3+c4+c5+c6+c7+c8+c9+c10+c11,False,5,0,0,0.0000,True,0,3,0.001
"Graph atlas n<=7",atlas_879,7,12,4,4,4,4,4,4,4,4,4,4,4,4,4,c1+c2+c3+c4+c5+c6+c7+c8+c10+c11,,0,0,0,c1+c2+c3+c4+c5+c6+c7+c8+c9+c10+c11,False,4,0,0,0.0000,True,0,4,0.001
"Graph atlas n<=7",atlas_880,7,12,3,3,3,3,3,3,3,3,3,3,3,3,3,c1+c2+c3+c4+c5+c6+c7+c8+c10+c11,,0,0,0,c1+c2+c3+c4+c5+c6+c7+c8+c9+c10+c11,False,3,0,0,0.0000,True,0,3,0.001
"Graph atlas n<=7",atlas_881,7,12,4,4,4,4,4,4,4,4,4,4,4,4,4,c1+c2+c3+c4+c5+c6+c7+c8+c10+c11,,0,0,0,c1+c2+c3+c4+c5+c6+c7+c8+c9+c10+c11,False,4,0,0,0.0000,True,0,3,0.001
"Graph atlas n<=7",atlas_882,7,12,4,4,4,4,4,4,4,4,4,4,4,4,4,c1+c2+c3+c4+c5+c6+c7+c8+c10+c11,,0,0,0,c1+c2+c3+c4+c5+c6+c7+c8+c9+c10+c11,False,4,0,0,0.0000,True,0,4,0.001
"Graph atlas n<=7",atlas_883,7,12,4,4,4,4,4,4,4,4,4,4,4,4,4,c1+c2+c3+c4+c5+c6+c7+c8+c10+c11,,0,0,0,c1+c2+c3+c4+c5+c6+c7+c8+c9+c10+c11,False,4,0,0,0.0000,True,0,4,0.001
"Graph atlas n<=7",atlas_884,7,12,4,4,4,4,4,4,4,4,4,4,4,4,4,c1+c2+c3+c4+c5+c6+c7+c8+c10+c11,,0,0,0,c1+c2+c3+c4+c5+c6+c7+c8+c9+c10+c11,False,4,0,0,0.0000,True,0,4,0.001
"Graph atlas n<=7",atlas_885,7,12,4,4,4,4,4,4,4,4,4,4,4,4,4,c1+c2+c3+c4+c5+c6+c7+c8+c10+c11,,0,0,0,c1+c2+c3+c4+c5+c6+c7+c8+c9+c10+c11,False,4,0,0,0.0000,True,0,4,0.001
"Graph atlas n<=7",atlas_886,7,12,3,3,3,3,3,3,3,3,3,3,3,3,3,c1+c2+c3+c4+c5+c6+c7+c8+c10+c11,,0,0,0,c1+c2+c3+c4+c5+c6+c7+c8+c9+c10+c11,False,3,0,0,0.0000,True,0,3,0.001
"Graph atlas n<=7",atlas_887,7,12,3,3,3,3,3,3,3,3,3,3,3,3,3,c1+c2+c3+c4+c5+c6+c7+c8+c10+c11,,0,0,0,c1+c2+c3+c4+c5+c6+c7+c8+c9+c10+c11,False,3,0,0,0.0000,True,0,3,0.001
"Graph atlas n<=7",atlas_888,7,12,4,4,4,4,4,4,4,4,4,4,4,4,4,c1+c2+c3+c4+c5+c6+c7+c8+c10+c11,,0,0,0,c1+c2+c3+c4+c5+c6+c7+c8+c9+c10+c11,False,4,0,0,0.0000,True,0,3,0.001
"Graph atlas n<=7",atlas_889,7,12,4,4,4,4,4,4,4,4,4,4,4,4,4,c1+c2+c3+c4+c5+c6+c7+c8+c10+c11,,0,0,0,c1+c2+c3+c4+c5+c6+c7+c8+c9+c10+c11,False,4,0,0,0.0000,True,0,3,0.001
"Graph atlas n<=7",atlas_890,7,12,4,4,4,4,4,4,4,4,4,4,4,4,4,c1+c2+c3+c4+c5+c6+c7+c8+c10+c11,,0,0,0,c1+c2+c3+c4+c5+c6+c7+c8+c9+c10+c11,False,4,0,0,0.0000,True,0,3,0.001
"Graph atlas n<=7",atlas_891,7,12,4,4,4,4,4,4,4,4,4,4,4,4,4,c1+c2+c3+c4+c5+c6+c7+c8+c10+c11,,0,0,0,c1+c2+c3+c4+c5+c6+c7+c8+c9+c10+c11,False,4,0,0,0.0000,True,0,3,0.001
"Graph atlas n<=7",atlas_892,7,12,5,4,4,4,5,4,5,4,4,4,4,4,4,c2+c3+c4+c6+c8+c10+c11,,0,0,0,c1+c2+c3+c4+c5+c6+c7+c8+c9+c10+c11,False,4,0,0,0.0000,True,0,3,0.001
"Graph atlas n<=7",atlas_893,7,12,4,4,4,4,4,4,4,4,4,4,4,4,4,c1+c2+c3+c4+c5+c6+c7+c8+c10+c11,,0,0,0,c1+c2+c3+c4+c5+c6+c7+c8+c9+c10+c11,False,4,0,0,0.0000,True,0,4,0.001
"Graph atlas n<=7",atlas_894,7,12,4,4,4,4,4,4,4,4,4,4,4,4,4,c1+c2+c3+c4+c5+c6+c7+c8+c10+c11,,0,0,0,c1+c2+c3+c4+c5+c6+c7+c8+c9+c10+c11,False,4,0,0,0.0000,True,0,4,0.001
"Graph atlas n<=7",atlas_895,7,12,5,5,5,5,5,5,5,5,5,5,5,5,5,c1+c2+c3+c4+c5+c6+c7+c8+c10+c11,,0,0,0,c1+c2+c3+c4+c5+c6+c7+c8+c9+c10+c11,False,5,0,0,0.0000,True,0,4,0.001
"Graph atlas n<=7",atlas_896,7,12,4,4,4,4,4,4,4,4,4,4,4,4,4,c1+c2+c3+c4+c5+c6+c7+c8+c10+c11,,0,0,0,c1+c2+c3+c4+c5+c6+c7+c8+c9+c10+c11,False,4,0,0,0.0000,True,0,3,0.001
"Graph atlas n<=7",atlas_897,7,12,4,4,4,4,4,4,4,4,4,4,4,4,4,c1+c2+c3+c4+c5+c6+c7+c8+c10+c11,,0,0,0,c1+c2+c3+c4+c5+c6+c7+c8+c9+c10+c11,False,4,0,0,0.0000,True,0,3,0.001
"Graph atlas n<=7",atlas_898,7,12,3,3,3,3,3,3,3,3,3,3,3,3,3,c1+c2+c3+c4+c5+c6+c7+c8+c10+c11,,0,0,0,c1+c2+c3+c4+c5+c6+c7+c8+c9+c10+c11,False,3,0,0,0.0000,True,0,3,0.001
"Graph atlas n<=7",atlas_899,7,12,4,4,4,4,4,4,4,4,4,4,4,4,4,c1+c2+c3+c4+c5+c6+c7+c8+c10+c11,,0,0,0,c1+c2+c3+c4+c5+c6+c7+c8+c9+c10+c11,False,4,0,0,0.0000,True,0,3,0.001
"Graph atlas n<=7",atlas_900,7,12,4,4,4,4,4,4,4,4,4,4,4,4,4,c1+c2+c3+c4+c5+c6+c7+c8+c10+c11,,0,0,0,c1+c2+c3+c4+c5+c6+c7+c8+c9+c10+c11,False,4,0,0,0.0000,True,0,3,0.001
"Graph atlas n<=7",atlas_901,7,12,4,4,4,4,4,4,4,4,4,4,4,4,4,c1+c2+c3+c4+c5+c6+c7+c8+c10+c11,,0,0,0,c1+c2+c3+c4+c5+c6+c7+c8+c9+c10+c11,False,4,0,0,0.0000,True,0,3,0.001
"Graph atlas n<=7",atlas_902,7,12,3,3,3,3,3,3,3,3,3,3,3,3,3,c1+c2+c3+c4+c5+c6+c7+c8+c10+c11,,0,0,0,c1+c2+c3+c4+c5+c6+c7+c8+c9+c10+c11,False,3,0,0,0.0000,True,0,3,0.001
"Graph atlas n<=7",atlas_903,7,12,4,5,4,4,4,4,4,4,4,4,4,4,4,c1+c3+c4+c5+c6+c7+c8+c10+c11,,0,0,0,c1+c2+c3+c4+c5+c6+c7+c8+c9+c10+c11,False,4,0,0,0.0000,True,0,3,0.001
"Graph atlas n<=7",atlas_904,7,12,4,4,4,4,4,4,4,4,4,4,4,4,4,c1+c2+c3+c4+c5+c6+c7+c8+c10+c11,,0,0,0,c1+c2+c3+c4+c5+c6+c7+c8+c9+c10+c11,False,4,0,0,0.0000,True,0,3,0.001
"Graph atlas n<=7",atlas_905,7,12,4,5,4,4,4,4,4,4,4,4,4,4,4,c1+c3+c4+c5+c6+c7+c8+c10+c11,,0,0,0,c1+c2+c3+c4+c5+c6+c7+c8+c9+c10+c11,False,4,0,0,0.0000,True,0,3,0.001
"Graph atlas n<=7",atlas_906,7,12,4,4,4,4,4,4,4,4,4,4,4,4,4,c1+c2+c3+c4+c5+c6+c7+c8+c10+c11,,0,0,0,c1+c2+c3+c4+c5+c6+c7+c8+c9+c10+c11,False,4,0,0,0.0000,True,0,4,0.001
"Graph atlas n<=7",atlas_907,7,12,5,4,4,4,5,4,4,4,4,4,4,4,4,c2+c3+c4+c6+c7+c8+c10+c11,,0,0,0,c1+c2+c3+c4+c5+c6+c7+c8+c9+c10+c11,False,4,0,0,0.0000,True,0,3,0.001
"Graph atlas n<=7",atlas_908,7,12,4,4,4,4,4,4,4,4,4,4,4,4,4,c1+c2+c3+c4+c5+c6+c7+c8+c10+c11,,0,0,0,c1+c2+c3+c4+c5+c6+c7+c8+c9+c10+c11,False,4,0,0,0.0000,True,0,3,0.001
"Graph atlas n<=7",atlas_909,7,12,4,4,4,4,4,4,4,4,4,4,4,4,4,c1+c2+c3+c4+c5+c6+c7+c8+c10+c11,,0,0,0,c1+c2+c3+c4+c5+c6+c7+c8+c9+c10+c11,False,4,0,0,0.0000,True,0,3,0.001
"Graph atlas n<=7",atlas_910,7,12,4,4,4,4,4,4,5,4,4,4,4,4,4,c1+c2+c3+c4+c5+c6+c8+c10+c11,,0,0,0,c1+c2+c3+c4+c5+c6+c7+c8+c9+c10+c11,False,4,0,0,0.0000,True,0,3,0.001
"Graph atlas n<=7",atlas_911,7,12,4,4,4,4,4,4,4,4,4,4,4,4,4,c1+c2+c3+c4+c5+c6+c7+c8+c10+c11,,0,0,0,c1+c2+c3+c4+c5+c6+c7+c8+c9+c10+c11,False,4,0,0,0.0000,True,0,4,0.001
"Graph atlas n<=7",atlas_912,7,12,5,4,5,4,5,4,5,4,4,4,4,4,4,c2+c4+c6+c8+c10+c11,,0,0,0,c1+c2+c3+c4+c5+c6+c7+c8+c9+c10+c11,False,4,0,0,0.0000,True,0,4,0.001
"Graph atlas n<=7",atlas_913,7,12,3,3,3,3,3,3,3,3,3,3,3,3,3,c1+c2+c3+c4+c5+c6+c7+c8+c10+c11,,0,0,0,c1+c2+c3+c4+c5+c6+c7+c8+c9+c10+c11,False,3,0,0,0.0000,True,0,3,0.001
"Graph atlas n<=7",atlas_914,7,12,3,3,3,3,3,3,3,3,3,3,3,3,3,c1+c2+c3+c4+c5+c6+c7+c8+c10+c11,,0,0,0,c1+c2+c3+c4+c5+c6+c7+c8+c9+c10+c11,False,3,0,0,0.0000,True,0,3,0.001
"Graph atlas n<=7",atlas_915,7,12,3,3,3,3,3,3,3,3,3,3,3,3,3,c1+c2+c3+c4+c5+c6+c7+c8+c10+c11,,0,0,0,c1+c2+c3+c4+c5+c6+c7+c8+c9+c10+c11,False,3,0,0,0.0000,True,0,3,0.001
"Graph atlas n<=7",atlas_916,7,12,4,4,4,4,4,4,4,4,4,4,4,4,4,c1+c2+c3+c4+c5+c6+c7+c8+c10+c11,,0,0,0,c1+c2+c3+c4+c5+c6+c7+c8+c9+c10+c11,False,4,0,0,0.0000,True,0,3,0.001
"Graph atlas n<=7",atlas_917,7,12,4,4,4,4,4,4,4,4,4,4,4,4,4,c1+c2+c3+c4+c5+c6+c7+c8+c10+c11,,0,0,0,c1+c2+c3+c4+c5+c6+c7+c8+c9+c10+c11,False,4,0,0,0.0000,True,0,3,0.001
"Graph atlas n<=7",atlas_918,7,12,4,4,4,4,4,4,4,4,4,4,4,4,4,c1+c2+c3+c4+c5+c6+c7+c8+c10+c11,,0,0,0,c1+c2+c3+c4+c5+c6+c7+c8+c9+c10+c11,False,4,0,0,0.0000,True,0,3,0.001
"Graph atlas n<=7",atlas_919,7,12,4,4,4,4,4,4,4,4,4,4,4,4,4,c1+c2+c3+c4+c5+c6+c7+c8+c10+c11,,0,0,0,c1+c2+c3+c4+c5+c6+c7+c8+c9+c10+c11,False,4,0,0,0.0000,True,0,3,0.001
"Graph atlas n<=7",atlas_920,7,12,3,3,4,3,3,3,4,3,3,3,3,3,3,c1+c2+c4+c5+c6+c8+c10+c11,,0,0,0,c1+c2+c3+c4+c5+c6+c7+c8+c9+c10+c11,False,3,0,0,0.0000,True,0,3,0.001
"Graph atlas n<=7",atlas_921,7,12,4,4,4,4,4,4,4,4,4,4,4,4,4,c1+c2+c3+c4+c5+c6+c7+c8+c10+c11,,0,0,0,c1+c2+c3+c4+c5+c6+c7+c8+c9+c10+c11,False,4,0,0,0.0000,True,0,3,0.001
"Graph atlas n<=7",atlas_922,7,12,4,4,4,4,4,4,4,4,4,4,4,4,4,c1+c2+c3+c4+c5+c6+c7+c8+c10+c11,,0,0,0,c1+c2+c3+c4+c5+c6+c7+c8+c9+c10+c11,False,4,0,0,0.0000,True,0,3,0.001
"Graph atlas n<=7",atlas_923,7,12,3,3,3,3,3,3,3,3,3,3,3,3,3,c1+c2+c3+c4+c5+c6+c7+c8+c10+c11,,0,0,0,c1+c2+c3+c4+c5+c6+c7+c8+c9+c10+c11,False,3,0,0,0.0000,True,0,3,0.001
"Graph atlas n<=7",atlas_924,7,12,4,4,4,4,4,4,4,4,4,4,4,4,4,c1+c2+c3+c4+c5+c6+c7+c8+c10+c11,,0,0,0,c1+c2+c3+c4+c5+c6+c7+c8+c9+c10+c11,False,4,0,0,0.0000,True,0,3,0.001
"Graph atlas n<=7",atlas_925,7,12,4,4,4,4,4,4,4,4,4,4,4,4,4,c1+c2+c3+c4+c5+c6+c7+c8+c10+c11,,0,0,0,c1+c2+c3+c4+c5+c6+c7+c8+c9+c10+c11,False,4,0,0,0.0000,True,0,3,0.001
"Graph atlas n<=7",atlas_926,7,12,5,4,4,4,5,4,5,4,4,4,4,4,4,c2+c3+c4+c6+c8+c10+c11,,0,0,0,c1+c2+c3+c4+c5+c6+c7+c8+c9+c10+c11,False,4,0,0,0.0000,True,0,3,0.001
"Graph atlas n<=7",atlas_927,7,12,4,4,4,4,4,4,4,4,4,4,4,4,4,c1+c2+c3+c4+c5+c6+c7+c8+c10+c11,,0,0,0,c1+c2+c3+c4+c5+c6+c7+c8+c9+c10+c11,False,4,0,0,0.0000,True,0,3,0.001
"Graph atlas n<=7",atlas_928,7,12,4,4,4,4,4,4,4,4,4,4,4,4,4,c1+c2+c3+c4+c5+c6+c7+c8+c10+c11,,0,0,0,c1+c2+c3+c4+c5+c6+c7+c8+c9+c10+c11,False,4,0,0,0.0000,True,0,3,0.001
"Graph atlas n<=7",atlas_929,7,12,3,3,3,3,3,3,3,3,3,3,3,3,3,c1+c2+c3+c4+c5+c6+c7+c8+c10+c11,,0,0,0,c1+c2+c3+c4+c5+c6+c7+c8+c9+c10+c11,False,3,0,0,0.0000,True,0,3,0.001
"Graph atlas n<=7",atlas_930,7,12,4,4,4,4,4,4,4,4,4,4,4,4,4,c1+c2+c3+c4+c5+c6+c7+c8+c10+c11,,0,0,0,c1+c2+c3+c4+c5+c6+c7+c8+c9+c10+c11,False,4,0,0,0.0000,True,0,3,0.001
"Graph atlas n<=7",atlas_931,7,12,4,4,4,4,4,4,4,4,4,4,4,4,4,c1+c2+c3+c4+c5+c6+c7+c8+c10+c11,,0,0,0,c1+c2+c3+c4+c5+c6+c7+c8+c9+c10+c11,False,4,0,0,0.0000,True,0,3,0.001
"Graph atlas n<=7",atlas_932,7,12,4,4,4,4,4,4,4,4,4,4,4,4,4,c1+c2+c3+c4+c5+c6+c7+c8+c10+c11,,0,0,0,c1+c2+c3+c4+c5+c6+c7+c8+c9+c10+c11,False,4,0,0,0.0000,True,0,3,0.001
"Graph atlas n<=7",atlas_933,7,12,4,4,4,4,4,4,4,4,4,4,4,4,4,c1+c2+c3+c4+c5+c6+c7+c8+c10+c11,,0,0,0,c1+c2+c3+c4+c5+c6+c7+c8+c9+c10+c11,False,4,0,0,0.0000,True,0,3,0.001
"Graph atlas n<=7",atlas_934,7,12,3,3,3,3,3,3,3,3,3,3,3,3,3,c1+c2+c3+c4+c5+c6+c7+c8+c10+c11,,0,0,0,c1+c2+c3+c4+c5+c6+c7+c8+c9+c10+c11,False,3,0,0,0.0000,True,0,3,0.001
"Graph atlas n<=7",atlas_935,7,12,4,4,4,4,4,4,4,4,4,4,4,4,4,c1+c2+c3+c4+c5+c6+c7+c8+c10+c11,,0,0,0,c1+c2+c3+c4+c5+c6+c7+c8+c9+c10+c11,False,4,0,0,0.0000,True,0,3,0.001
"Graph atlas n<=7",atlas_936,7,12,5,4,4,4,5,4,5,4,4,4,4,4,4,c2+c3+c4+c6+c8+c10+c11,,0,0,0,c1+c2+c3+c4+c5+c6+c7+c8+c9+c10+c11,False,4,0,0,0.0000,True,0,3,0.001
"Graph atlas n<=7",atlas_937,7,12,4,4,4,4,4,4,4,4,4,4,4,4,4,c1+c2+c3+c4+c5+c6+c7+c8+c10+c11,,0,0,0,c1+c2+c3+c4+c5+c6+c7+c8+c9+c10+c11,False,4,0,0,0.0000,True,0,3,0.001
"Graph atlas n<=7",atlas_938,7,12,4,4,4,4,4,4,4,4,4,4,4,4,4,c1+c2+c3+c4+c5+c6+c7+c8+c10+c11,,0,0,0,c1+c2+c3+c4+c5+c6+c7+c8+c9+c10+c11,False,4,0,0,0.0000,True,0,3,0.001
"Graph atlas n<=7",atlas_939,7,12,4,4,4,4,4,4,4,4,4,4,4,4,4,c1+c2+c3+c4+c5+c6+c7+c8+c10+c11,,0,0,0,c1+c2+c3+c4+c5+c6+c7+c8+c9+c10+c11,False,4,0,0,0.0000,True,0,3,0.001
"Graph atlas n<=7",atlas_940,7,12,5,4,4,4,5,4,5,4,4,4,4,4,4,c2+c3+c4+c6+c8+c10+c11,,0,0,0,c1+c2+c3+c4+c5+c6+c7+c8+c9+c10+c11,False,4,0,0,0.0000,True,0,3,0.001
"Graph atlas n<=7",atlas_941,7,12,4,5,4,4,4,4,5,4,4,4,4,4,4,c1+c3+c4+c5+c6+c8+c10+c11,,0,0,0,c1+c2+c3+c4+c5+c6+c7+c8+c9+c10+c11,False,4,0,0,0.0000,True,0,3,0.001
"Graph atlas n<=7",atlas_942,7,12,4,4,4,4,4,4,4,4,4,4,4,4,4,c1+c2+c3+c4+c5+c6+c7+c8+c10+c11,,0,0,0,c1+c2+c3+c4+c5+c6+c7+c8+c9+c10+c11,False,4,0,0,0.0000,True,0,3,0.001
"Graph atlas n<=7",atlas_943,7,12,5,4,4,4,5,5,5,4,4,4,4,4,4,c2+c3+c4+c8+c10+c11,,0,0,0,c1+c2+c3+c4+c5+c6+c7+c8+c9+c10+c11,False,4,0,0,0.0000,True,0,3,0.001
"Graph atlas n<=7",atlas_944,7,12,4,4,4,4,4,4,4,4,4,4,4,4,4,c1+c2+c3+c4+c5+c6+c7+c8+c10+c11,,0,0,0,c1+c2+c3+c4+c5+c6+c7+c8+c9+c10+c11,False,4,0,0,0.0000,True,0,3,0.001
"Graph atlas n<=7",atlas_945,7,12,5,5,5,5,5,5,5,5,5,5,5,5,5,c1+c2+c3+c4+c5+c6+c7+c8+c10+c11,,0,0,0,c1+c2+c3+c4+c5+c6+c7+c8+c9+c10+c11,False,5,0,0,0.0000,True,0,3,0.001
"Graph atlas n<=7",atlas_946,7,12,4,4,4,4,4,4,4,4,4,4,4,4,4,c1+c2+c3+c4+c5+c6+c7+c8+c10+c11,,0,0,0,c1+c2+c3+c4+c5+c6+c7+c8+c9+c10+c11,False,4,0,0,0.0000,True,0,3,0.001
"Graph atlas n<=7",atlas_947,7,12,4,4,4,4,4,4,4,4,4,4,4,4,4,c1+c2+c3+c4+c5+c6+c7+c8+c10+c11,,0,0,0,c1+c2+c3+c4+c5+c6+c7+c8+c9+c10+c11,False,4,0,0,0.0000,True,0,4,0.001
"Graph atlas n<=7",atlas_948,7,12,4,4,4,4,4,4,4,4,4,4,4,4,4,c1+c2+c3+c4+c5+c6+c7+c8+c10+c11,,0,0,0,c1+c2+c3+c4+c5+c6+c7+c8+c9+c10+c11,False,4,0,0,0.0000,True,0,4,0.001
"Graph atlas n<=7",atlas_949,7,12,5,5,5,5,5,5,5,5,5,5,5,5,5,c1+c2+c3+c4+c5+c6+c7+c8+c10+c11,,0,0,0,c1+c2+c3+c4+c5+c6+c7+c8+c9+c10+c11,False,5,0,0,0.0000,True,0,4,0.001
"Graph atlas n<=7",atlas_950,7,12,6,4,4,4,6,4,4,4,4,4,4,4,4,c2+c3+c4+c6+c7+c8+c10+c11,,0,0,0,c1+c2+c3+c4+c5+c6+c7+c8+c9+c10+c11,False,4,0,0,0.0000,True,0,3,0.001
"Graph atlas n<=7",atlas_951,7,12,4,4,4,4,4,4,4,4,4,4,4,4,4,c1+c2+c3+c4+c5+c6+c7+c8+c10+c11,,0,0,0,c1+c2+c3+c4+c5+c6+c7+c8+c9+c10+c11,False,4,0,0,0.0000,True,0,3,0.001
"Graph atlas n<=7",atlas_952,7,12,4,4,4,4,4,4,4,4,4,4,4,4,4,c1+c2+c3+c4+c5+c6+c7+c8+c10+c11,,0,0,0,c1+c2+c3+c4+c5+c6+c7+c8+c9+c10+c11,False,4,0,0,0.0000,True,0,3,0.001
"Graph atlas n<=7",atlas_953,7,12,4,4,4,4,4,4,4,4,4,4,4,4,4,c1+c2+c3+c4+c5+c6+c7+c8+c10+c11,,0,0,0,c1+c2+c3+c4+c5+c6+c7+c8+c9+c10+c11,False,4,0,0,0.0000,True,0,3,0.001
"Graph atlas n<=7",atlas_954,7,12,5,4,4,4,5,5,4,4,4,4,4,4,4,c2+c3+c4+c7+c8+c10+c11,,0,0,0,c1+c2+c3+c4+c5+c6+c7+c8+c9+c10+c11,False,4,0,0,0.0000,True,0,3,0.001
"Graph atlas n<=7",atlas_955,7,12,5,4,4,4,5,4,4,4,4,4,4,4,4,c2+c3+c4+c6+c7+c8+c10+c11,,0,0,0,c1+c2+c3+c4+c5+c6+c7+c8+c9+c10+c11,False,4,0,0,0.0000,True,0,3,0.001
"Graph atlas n<=7",atlas_956,7,12,4,4,5,5,4,5,4,4,4,4,4,4,4,c1+c2+c5+c7+c8+c10+c11,,0,0,0,c1+c2+c3+c4+c5+c6+c7+c8+c9+c10+c11,False,4,0,0,0.0000,True,0,3,0.001
"Graph atlas n<=7",atlas_957,7,12,3,3,3,3,3,3,3,3,3,3,3,3,3,c1+c2+c3+c4+c5+c6+c7+c8+c10+c11,,0,0,0,c1+c2+c3+c4+c5+c6+c7+c8+c9+c10+c11,False,3,0,0,0.0000,True,0,3,0.001
"Graph atlas n<=7",atlas_958,7,12,4,4,4,4,4,4,4,4,4,4,4,4,4,c1+c2+c3+c4+c5+c6+c7+c8+c10+c11,,0,0,0,c1+c2+c3+c4+c5+c6+c7+c8+c9+c10+c11,False,4,0,0,0.0000,True,0,3,0.001
"Graph atlas n<=7",atlas_959,7,12,5,4,4,4,5,5,4,4,4,4,4,4,4,c2+c3+c4+c7+c8+c10+c11,,0,0,0,c1+c2+c3+c4+c5+c6+c7+c8+c9+c10+c11,False,4,0,0,0.0000,True,0,3,0.001
"Graph atlas n<=7",atlas_960,7,12,4,4,4,4,4,4,4,4,4,4,4,4,4,c1+c2+c3+c4+c5+c6+c7+c8+c10+c11,,0,0,0,c1+c2+c3+c4+c5+c6+c7+c8+c9+c10+c11,False,4,0,0,0.0000,True,0,3,0.001
"Graph atlas n<=7",atlas_961,7,12,4,5,4,4,4,4,5,4,4,4,4,4,4,c1+c3+c4+c5+c6+c8+c10+c11,,0,0,0,c1+c2+c3+c4+c5+c6+c7+c8+c9+c10+c11,False,4,0,0,0.0000,True,0,3,0.001
"Graph atlas n<=7",atlas_962,7,12,4,4,4,4,4,5,4,4,4,4,4,4,4,c1+c2+c3+c4+c5+c7+c8+c10+c11,,0,0,0,c1+c2+c3+c4+c5+c6+c7+c8+c9+c10+c11,False,4,0,0,0.0000,True,0,3,0.001
"Graph atlas n<=7",atlas_963,7,12,4,4,4,4,4,4,4,4,4,4,4,4,4,c1+c2+c3+c4+c5+c6+c7+c8+c10+c11,,0,0,0,c1+c2+c3+c4+c5+c6+c7+c8+c9+c10+c11,False,4,0,0,0.0000,True,0,3,0.001
"Graph atlas n<=7",atlas_964,7,12,4,4,4,4,4,4,4,4,4,4,4,4,4,c1+c2+c3+c4+c5+c6+c7+c8+c10+c11,,0,0,0,c1+c2+c3+c4+c5+c6+c7+c8+c9+c10+c11,False,4,0,0,0.0000,True,0,3,0.001
"Graph atlas n<=7",atlas_965,7,12,4,5,4,4,4,4,4,4,4,4,4,4,4,c1+c3+c4+c5+c6+c7+c8+c10+c11,,0,0,0,c1+c2+c3+c4+c5+c6+c7+c8+c9+c10+c11,False,4,0,0,0.0000,True,0,3,0.001
"Graph atlas n<=7",atlas_966,7,12,5,4,4,4,5,5,4,4,4,4,4,4,4,c2+c3+c4+c7+c8+c10+c11,,0,0,0,c1+c2+c3+c4+c5+c6+c7+c8+c9+c10+c11,False,4,0,0,0.0000,True,0,3,0.001
"Graph atlas n<=7",atlas_967,7,12,5,5,4,4,5,4,4,4,4,4,4,4,4,c3+c4+c6+c7+c8+c10+c11,,0,0,0,c1+c2+c3+c4+c5+c6+c7+c8+c9+c10+c11,False,4,0,0,0.0000,True,0,3,0.001
"Graph atlas n<=7",atlas_968,7,12,5,5,4,4,5,4,4,4,4,4,4,4,4,c3+c4+c6+c7+c8+c10+c11,,0,0,0,c1+c2+c3+c4+c5+c6+c7+c8+c9+c10+c11,False,4,0,0,0.0000,True,0,3,0.001
"Graph atlas n<=7",atlas_969,7,12,4,4,4,4,4,4,4,4,4,4,4,4,4,c1+c2+c3+c4+c5+c6+c7+c8+c10+c11,,0,0,0,c1+c2+c3+c4+c5+c6+c7+c8+c9+c10+c11,False,4,0,0,0.0000,True,0,3,0.001
"Graph atlas n<=7",atlas_970,7,12,4,4,4,4,4,4,4,4,4,4,4,4,4,c1+c2+c3+c4+c5+c6+c7+c8+c10+c11,,0,0,0,c1+c2+c3+c4+c5+c6+c7+c8+c9+c10+c11,False,4,0,0,0.0000,True,0,3,0.001
"Graph atlas n<=7",atlas_971,7,12,5,4,5,5,5,5,4,4,4,4,4,4,4,c2+c7+c8+c10+c11,,0,0,0,c1+c2+c3+c4+c5+c6+c7+c8+c9+c10+c11,False,4,0,0,0.0000,True,0,3,0.001
"Graph atlas n<=7",atlas_972,7,12,4,4,4,4,4,4,4,4,4,4,4,4,4,c1+c2+c3+c4+c5+c6+c7+c8+c10+c11,,0,0,0,c1+c2+c3+c4+c5+c6+c7+c8+c9+c10+c11,False,4,0,0,0.0000,True,0,3,0.001
"Graph atlas n<=7",atlas_973,7,12,5,4,4,4,5,4,4,4,4,4,4,4,4,c2+c3+c4+c6+c7+c8+c10+c11,,0,0,0,c1+c2+c3+c4+c5+c6+c7+c8+c9+c10+c11,False,4,0,0,0.0000,True,0,3,0.001
"Graph atlas n<=7",atlas_974,7,12,4,4,4,4,4,4,4,4,4,4,4,4,4,c1+c2+c3+c4+c5+c6+c7+c8+c10+c11,,0,0,0,c1+c2+c3+c4+c5+c6+c7+c8+c9+c10+c11,False,4,0,0,0.0000,True,0,3,0.001
"Graph atlas n<=7",atlas_975,7,12,5,4,4,4,5,4,4,4,4,4,4,4,4,c2+c3+c4+c6+c7+c8+c10+c11,,0,0,0,c1+c2+c3+c4+c5+c6+c7+c8+c9+c10+c11,False,4,0,0,0.0000,True,0,3,0.002
"Graph atlas n<=7",atlas_976,7,12,5,5,5,5,5,5,5,5,5,5,5,5,5,c1+c2+c3+c4+c5+c6+c7+c8+c10+c11,,0,0,0,c1+c2+c3+c4+c5+c6+c7+c8+c9+c10+c11,False,5,0,0,0.0000,True,0,3,0.001
"Graph atlas n<=7",atlas_977,7,12,5,4,4,4,5,4,4,4,4,4,4,4,4,c2+c3+c4+c6+c7+c8+c10+c11,,0,0,0,c1+c2+c3+c4+c5+c6+c7+c8+c9+c10+c11,False,4,0,0,0.0000,True,0,3,0.001
"Graph atlas n<=7",atlas_978,7,12,3,3,3,3,3,3,3,3,3,3,3,3,3,c1+c2+c3+c4+c5+c6+c7+c8+c10+c11,,0,0,0,c1+c2+c3+c4+c5+c6+c7+c8+c9+c10+c11,False,3,0,0,0.0000,True,0,3,0.001
"Graph atlas n<=7",atlas_979,7,12,4,4,4,4,4,5,4,4,4,4,4,4,4,c1+c2+c3+c4+c5+c7+c8+c10+c11,,0,0,0,c1+c2+c3+c4+c5+c6+c7+c8+c9+c10+c11,False,4,0,0,0.0000,True,0,3,0.001
"Graph atlas n<=7",atlas_980,7,12,4,4,4,4,4,4,4,4,4,4,4,4,4,c1+c2+c3+c4+c5+c6+c7+c8+c10+c11,,0,0,0,c1+c2+c3+c4+c5+c6+c7+c8+c9+c10+c11,False,4,0,0,0.0000,True,0,3,0.001
"Graph atlas n<=7",atlas_981,7,12,5,5,4,4,5,4,4,4,4,4,4,4,4,c3+c4+c6+c7+c8+c10+c11,,0,0,0,c1+c2+c3+c4+c5+c6+c7+c8+c9+c10+c11,False,4,0,0,0.0000,True,0,3,0.001
"Graph atlas n<=7",atlas_982,7,12,5,5,4,4,5,4,4,4,4,4,4,4,4,c3+c4+c6+c7+c8+c10+c11,,0,0,0,c1+c2+c3+c4+c5+c6+c7+c8+c9+c10+c11,False,4,0,0,0.0000,True,0,3,0.001
"Graph atlas n<=7",atlas_983,7,12,5,4,4,4,5,4,4,4,4,4,4,4,4,c2+c3+c4+c6+c7+c8+c10+c11,,0,0,0,c1+c2+c3+c4+c5+c6+c7+c8+c9+c10+c11,False,4,0,0,0.0000,True,0,4,0.001
"Graph atlas n<=7",atlas_984,7,12,5,5,4,4,5,4,4,4,4,4,4,4,4,c3+c4+c6+c7+c8+c10+c11,,0,0,0,c1+c2+c3+c4+c5+c6+c7+c8+c9+c10+c11,False,4,0,0,0.0000,True,0,4,0.001
"Graph atlas n<=7",atlas_985,7,12,4,4,5,4,4,5,5,4,4,4,4,4,4,c1+c2+c4+c5+c8+c10+c11,,0,0,0,c1+c2+c3+c4+c5+c6+c7+c8+c9+c10+c11,False,4,0,0,0.0000,True,0,3,0.001
"Graph atlas n<=7",atlas_986,7,12,5,5,5,5,5,5,5,5,5,5,5,5,5,c1+c2+c3+c4+c5+c6+c7+c8+c10+c11,,0,0,0,c1+c2+c3+c4+c5+c6+c7+c8+c9+c10+c11,False,5,0,0,0.0000,True,0,3,0.001
"Graph atlas n<=7",atlas_987,7,12,5,4,4,4,5,4,4,4,4,4,4,4,4,c2+c3+c4+c6+c7+c8+c10+c11,,0,0,0,c1+c2+c3+c4+c5+c6+c7+c8+c9+c10+c11,False,4,0,0,0.0000,True,0,4,0.001
"Graph atlas n<=7",atlas_988,7,12,4,4,4,4,4,5,4,4,4,4,4,4,4,c1+c2+c3+c4+c5+c7+c8+c10+c11,,0,0,0,c1+c2+c3+c4+c5+c6+c7+c8+c9+c10+c11,False,4,0,0,0.0000,True,0,4,0.001
"Graph atlas n<=7",atlas_989,7,12,5,5,4,4,5,4,4,4,4,4,4,4,4,c3+c4+c6+c7+c8+c10+c11,,0,0,0,c1+c2+c3+c4+c5+c6+c7+c8+c9+c10+c11,False,4,0,0,0.0000,True,0,3,0.001
"Graph atlas n<=7",atlas_990,7,12,4,5,5,4,4,5,5,4,4,4,4,4,4,c1+c4+c5+c8+c10+c11,,0,0,0,c1+c2+c3+c4+c5+c6+c7+c8+c9+c10+c11,False,4,0,0,0.0000,True,0,3,0.001
"Graph atlas n<=7",atlas_991,7,12,5,5,5,5,5,5,5,5,5,5,5,5,5,c1+c2+c3+c4+c5+c6+c7+c8+c10+c11,,0,0,0,c1+c2+c3+c4+c5+c6+c7+c8+c9+c10+c11,False,5,0,0,0.0000,True,0,4,0.001
"Graph atlas n<=7",atlas_992,7,12,5,5,4,4,5,5,4,4,4,4,4,4,4,c3+c4+c7+c8+c10+c11,,0,0,0,c1+c2+c3+c4+c5+c6+c7+c8+c9+c10+c11,False,4,0,0,0.0000,True,0,3,0.001
"Graph atlas n<=7",atlas_993,7,12,5,4,4,4,5,4,4,4,4,4,4,4,4,c2+c3+c4+c6+c7+c8+c10+c11,,0,0,0,c1+c2+c3+c4+c5+c6+c7+c8+c9+c10+c11,False,4,0,0,0.0000,True,0,3,0.001
"Graph atlas n<=7",atlas_994,7,12,4,4,4,4,4,4,4,4,4,4,4,4,4,c1+c2+c3+c4+c5+c6+c7+c8+c10+c11,,0,0,0,c1+c2+c3+c4+c5+c6+c7+c8+c9+c10+c11,False,4,0,0,0.0000,True,0,3,0.001
"Graph atlas n<=7",atlas_995,7,12,4,4,4,4,4,5,4,4,4,4,4,4,4,c1+c2+c3+c4+c5+c7+c8+c10+c11,,0,0,0,c1+c2+c3+c4+c5+c6+c7+c8+c9+c10+c11,False,4,0,0,0.0000,True,0,3,0.001
"Graph atlas n<=7",atlas_996,7,12,5,5,5,5,5,5,5,5,5,5,5,5,5,c1+c2+c3+c4+c5+c6+c7+c8+c10+c11,,0,0,0,c1+c2+c3+c4+c5+c6+c7+c8+c9+c10+c11,False,5,0,0,0.0000,True,0,3,0.001
"Graph atlas n<=7",atlas_997,7,12,5,5,4,4,5,5,4,4,4,4,4,4,4,c3+c4+c7+c8+c10+c11,,0,0,0,c1+c2+c3+c4+c5+c6+c7+c8+c9+c10+c11,False,4,0,0,0.0000,True,0,3,0.001
"Graph atlas n<=7",atlas_998,7,12,5,5,5,5,5,5,5,5,5,5,5,5,5,c1+c2+c3+c4+c5+c6+c7+c8+c10+c11,,0,0,0,c1+c2+c3+c4+c5+c6+c7+c8+c9+c10+c11,False,5,0,0,0.0000,True,0,3,0.001
"Graph atlas n<=7",atlas_999,7,12,5,5,4,4,5,5,4,4,4,4,4,4,4,c3+c4+c7+c8+c10+c11,,0,0,0,c1+c2+c3+c4+c5+c6+c7+c8+c9+c10+c11,False,4,0,0,0.0000,True,0,3,0.001
"Graph atlas n<=7",atlas_1000,7,12,5,4,5,4,5,5,5,4,4,4,4,4,4,c2+c4+c8+c10+c11,,0,0,0,c1+c2+c3+c4+c5+c6+c7+c8+c9+c10+c11,False,4,0,0,0.0000,True,0,4,0.001
"Graph atlas n<=7",atlas_1001,7,12,5,5,4,4,5,5,4,4,4,4,4,4,4,c3+c4+c7+c8+c10+c11,,0,0,0,c1+c2+c3+c4+c5+c6+c7+c8+c9+c10+c11,False,4,0,0,0.0000,True,0,4,0.001
"Graph atlas n<=7",atlas_1002,7,12,5,5,5,5,5,5,5,5,5,5,5,5,5,c1+c2+c3+c4+c5+c6+c7+c8+c10+c11,,0,0,0,c1+c2+c3+c4+c5+c6+c7+c8+c9+c10+c11,False,5,0,0,0.0000,True,0,3,0.001
"Graph atlas n<=7",atlas_1003,7,12,4,4,4,4,4,4,4,4,4,4,4,4,4,c1+c2+c3+c4+c5+c6+c7+c8+c10+c11,,0,0,0,c1+c2+c3+c4+c5+c6+c7+c8+c9+c10+c11,False,4,0,0,0.0000,True,0,3,0.001
"Graph atlas n<=7",atlas_1004,7,12,4,4,4,4,4,5,4,4,4,4,4,4,4,c1+c2+c3+c4+c5+c7+c8+c10+c11,,0,0,0,c1+c2+c3+c4+c5+c6+c7+c8+c9+c10+c11,False,4,0,0,0.0000,True,0,4,0.001
"Graph atlas n<=7",atlas_1005,7,12,5,5,4,4,5,5,4,4,4,4,4,4,4,c3+c4+c7+c8+c10+c11,,0,0,0,c1+c2+c3+c4+c5+c6+c7+c8+c9+c10+c11,False,4,0,0,0.0000,True,0,4,0.001
"Graph atlas n<=7",atlas_1006,7,12,5,5,5,5,5,5,5,5,5,5,5,5,5,c1+c2+c3+c4+c5+c6+c7+c8+c10+c11,,0,0,0,c1+c2+c3+c4+c5+c6+c7+c8+c9+c10+c11,False,5,0,0,0.0000,True,0,3,0.001
"Graph atlas n<=7",atlas_1007,7,12,3,3,3,3,3,3,3,3,3,3,3,3,3,c1+c2+c3+c4+c5+c6+c7+c8+c10+c11,,0,0,0,c1+c2+c3+c4+c5+c6+c7+c8+c9+c10+c11,True,3,0,3,1.0000,True,0,3,0.006
"Graph atlas n<=7",atlas_1008,7,12,6,4,4,4,6,4,4,4,4,4,4,4,4,c2+c3+c4+c6+c7+c8+c10+c11,,0,0,0,c1+c2+c3+c4+c5+c6+c7+c8+c9+c10+c11,False,4,0,0,0.0000,True,0,3,0.002
"Graph atlas n<=7",atlas_1009,7,12,5,5,5,5,5,5,5,5,5,5,5,5,5,c1+c2+c3+c4+c5+c6+c7+c8+c10+c11,,0,0,0,c1+c2+c3+c4+c5+c6+c7+c8+c9+c10+c11,False,5,0,0,0.0000,True,0,3,0.001
"Graph atlas n<=7",atlas_1010,7,13,4,4,4,4,4,4,4,4,4,4,4,4,4,c1+c2+c3+c4+c5+c6+c7+c8+c10+c11,,0,0,0,c1+c2+c3+c4+c5+c6+c7+c8+c9+c10+c11,False,4,0,0,0.0000,True,0,4,0.001
"Graph atlas n<=7",atlas_1011,7,13,4,4,4,4,4,4,4,4,4,4,4,4,4,c1+c2+c3+c4+c5+c6+c7+c8+c10+c11,,0,0,0,c1+c2+c3+c4+c5+c6+c7+c8+c9+c10+c11,False,4,0,0,0.0000,True,0,4,0.001
"Graph atlas n<=7",atlas_1012,7,13,5,4,4,4,5,4,4,4,4,4,4,4,4,c2+c3+c4+c6+c7+c8+c10+c11,,0,0,0,c1+c2+c3+c4+c5+c6+c7+c8+c9+c10+c11,False,4,0,0,0.0000,True,0,4,0.001
"Graph atlas n<=7",atlas_1013,7,13,4,4,4,4,4,4,4,4,4,4,4,4,4,c1+c2+c3+c4+c5+c6+c7+c8+c10+c11,,0,0,0,c1+c2+c3+c4+c5+c6+c7+c8+c9+c10+c11,False,4,0,0,0.0000,True,0,4,0.001
"Graph atlas n<=7",atlas_1014,7,13,3,3,3,3,3,3,3,3,3,3,3,3,3,c1+c2+c3+c4+c5+c6+c7+c8+c10+c11,,0,0,0,c1+c2+c3+c4+c5+c6+c7+c8+c9+c10+c11,False,3,0,0,0.0000,True,0,3,0.001
"Graph atlas n<=7",atlas_1015,7,13,4,4,4,4,4,4,4,4,4,4,4,4,4,c1+c2+c3+c4+c5+c6+c7+c8+c10+c11,,0,0,0,c1+c2+c3+c4+c5+c6+c7+c8+c9+c10+c11,False,4,0,0,0.0000,True,0,3,0.001
"Graph atlas n<=7",atlas_1016,7,13,5,4,4,4,5,4,4,4,4,4,4,4,4,c2+c3+c4+c6+c7+c8+c10+c11,,0,0,0,c1+c2+c3+c4+c5+c6+c7+c8+c9+c10+c11,False,4,0,0,0.0000,True,0,3,0.001
"Graph atlas n<=7",atlas_1017,7,13,5,4,4,4,5,4,4,4,4,4,4,4,4,c2+c3+c4+c6+c7+c8+c10+c11,,0,0,0,c1+c2+c3+c4+c5+c6+c7+c8+c9+c10+c11,False,4,0,0,0.0000,True,0,3,0.001
"Graph atlas n<=7",atlas_1018,7,13,4,4,4,4,4,4,4,4,4,4,4,4,4,c1+c2+c3+c4+c5+c6+c7+c8+c10+c11,,0,0,0,c1+c2+c3+c4+c5+c6+c7+c8+c9+c10+c11,False,4,0,0,0.0000,True,0,4,0.001
"Graph atlas n<=7",atlas_1019,7,13,5,4,4,4,5,4,4,4,4,4,4,4,4,c2+c3+c4+c6+c7+c8+c10+c11,,0,0,0,c1+c2+c3+c4+c5+c6+c7+c8+c9+c10+c11,False,4,0,0,0.0000,True,0,4,0.001
"Graph atlas n<=7",atlas_1020,7,13,5,4,4,4,5,4,4,4,4,4,4,4,4,c2+c3+c4+c6+c7+c8+c10+c11,,0,0,0,c1+c2+c3+c4+c5+c6+c7+c8+c9+c10+c11,False,4,0,0,0.0000,True,0,4,0.001
"Graph atlas n<=7",atlas_1021,7,13,4,5,4,4,4,4,4,4,4,4,4,4,4,c1+c3+c4+c5+c6+c7+c8+c10+c11,,0,0,0,c1+c2+c3+c4+c5+c6+c7+c8+c9+c10+c11,False,4,0,0,0.0000,True,0,3,0.001
"Graph atlas n<=7",atlas_1022,7,13,5,5,5,5,5,5,5,5,5,5,5,5,5,c1+c2+c3+c4+c5+c6+c7+c8+c10+c11,,0,0,0,c1+c2+c3+c4+c5+c6+c7+c8+c9+c10+c11,False,5,0,0,0.0000,True,0,4,0.001
"Graph atlas n<=7",atlas_1023,7,13,5,5,4,4,5,5,4,4,4,4,4,4,4,c3+c4+c7+c8+c10+c11,,0,0,0,c1+c2+c3+c4+c5+c6+c7+c8+c9+c10+c11,False,4,0,0,0.0000,True,0,4,0.001
"Graph atlas n<=7",atlas_1024,7,13,5,4,4,4,5,5,4,4,4,4,4,4,4,c2+c3+c4+c7+c8+c10+c11,,0,0,0,c1+c2+c3+c4+c5+c6+c7+c8+c9+c10+c11,False,4,0,0,0.0000,True,0,4,0.001
"Graph atlas n<=7",atlas_1025,7,13,3,3,3,3,3,3,3,3,3,3,3,3,3,c1+c2+c3+c4+c5+c6+c7+c8+c10+c11,,0,0,0,c1+c2+c3+c4+c5+c6+c7+c8+c9+c10+c11,False,3,0,0,0.0000,True,0,3,0.001
"Graph atlas n<=7",atlas_1026,7,13,3,3,3,3,3,3,3,3,3,3,3,3,3,c1+c2+c3+c4+c5+c6+c7+c8+c10+c11,,0,0,0,c1+c2+c3+c4+c5+c6+c7+c8+c9+c10+c11,False,3,0,0,0.0000,True,0,3,0.001
"Graph atlas n<=7",atlas_1027,7,13,4,4,4,4,4,4,4,4,4,4,4,4,4,c1+c2+c3+c4+c5+c6+c7+c8+c10+c11,,0,0,0,c1+c2+c3+c4+c5+c6+c7+c8+c9+c10+c11,False,4,0,0,0.0000,True,0,3,0.001
"Graph atlas n<=7",atlas_1028,7,13,4,4,4,4,4,4,4,4,4,4,4,4,4,c1+c2+c3+c4+c5+c6+c7+c8+c10+c11,,0,0,0,c1+c2+c3+c4+c5+c6+c7+c8+c9+c10+c11,False,4,0,0,0.0000,True,0,3,0.001
"Graph atlas n<=7",atlas_1029,7,13,4,4,4,4,4,4,4,4,4,4,4,4,4,c1+c2+c3+c4+c5+c6+c7+c8+c10+c11,,0,0,0,c1+c2+c3+c4+c5+c6+c7+c8+c9+c10+c11,False,4,0,0,0.0000,True,0,3,0.001
"Graph atlas n<=7",atlas_1030,7,13,5,4,4,4,5,4,4,4,4,4,4,4,4,c2+c3+c4+c6+c7+c8+c10+c11,,0,0,0,c1+c2+c3+c4+c5+c6+c7+c8+c9+c10+c11,False,4,0,0,0.0000,True,0,3,0.001
"Graph atlas n<=7",atlas_1031,7,13,4,5,4,4,4,4,6,4,4,4,4,4,4,c1+c3+c4+c5+c6+c8+c10+c11,,0,0,0,c1+c2+c3+c4+c5+c6+c7+c8+c9+c10+c11,False,4,0,0,0.0000,True,0,3,0.002
"Graph atlas n<=7",atlas_1032,7,13,5,5,5,5,5,5,5,5,5,5,5,5,5,c1+c2+c3+c4+c5+c6+c7+c8+c10+c11,,0,0,0,c1+c2+c3+c4+c5+c6+c7+c8+c9+c10+c11,False,5,0,0,0.0000,True,0,4,0.001
"Graph atlas n<=7",atlas_1033,7,13,5,5,4,4,5,4,4,4,4,4,4,4,4,c3+c4+c6+c7+c8+c10+c11,,0,0,0,c1+c2+c3+c4+c5+c6+c7+c8+c9+c10+c11,False,4,0,0,0.0000,True,0,3,0.001
"Graph atlas n<=7",atlas_1034,7,13,5,4,4,4,5,4,4,4,4,4,4,4,4,c2+c3+c4+c6+c7+c8+c10+c11,,0,0,0,c1+c2+c3+c4+c5+c6+c7+c8+c9+c10+c11,False,4,0,0,0.0000,True,0,4,0.001
"Graph atlas n<=7",atlas_1035,7,13,5,4,4,4,5,4,4,4,4,4,4,4,4,c2+c3+c4+c6+c7+c8+c10+c11,,0,0,0,c1+c2+c3+c4+c5+c6+c7+c8+c9+c10+c11,False,4,0,0,0.0000,True,0,4,0.001
"Graph atlas n<=7",atlas_1036,7,13,5,5,5,5,5,5,5,5,5,5,5,5,5,c1+c2+c3+c4+c5+c6+c7+c8+c10+c11,,0,0,0,c1+c2+c3+c4+c5+c6+c7+c8+c9+c10+c11,False,5,0,0,0.0000,True,0,4,0.001
"Graph atlas n<=7",atlas_1037,7,13,4,4,4,4,4,4,4,4,4,4,4,4,4,c1+c2+c3+c4+c5+c6+c7+c8+c10+c11,,0,0,0,c1+c2+c3+c4+c5+c6+c7+c8+c9+c10+c11,False,4,0,0,0.0000,True,0,4,0.001
"Graph atlas n<=7",atlas_1038,7,13,4,4,4,4,4,4,4,4,4,4,4,4,4,c1+c2+c3+c4+c5+c6+c7+c8+c10+c11,,0,0,0,c1+c2+c3+c4+c5+c6+c7+c8+c9+c10+c11,False,4,0,0,0.0000,True,0,3,0.001
"Graph atlas n<=7",atlas_1039,7,13,4,4,4,4,4,4,4,4,4,4,4,4,4,c1+c2+c3+c4+c5+c6+c7+c8+c10+c11,,0,0,0,c1+c2+c3+c4+c5+c6+c7+c8+c9+c10+c11,False,4,0,0,0.0000,True,0,3,0.001
"Graph atlas n<=7",atlas_1040,7,13,4,4,4,4,4,4,4,4,4,4,4,4,4,c1+c2+c3+c4+c5+c6+c7+c8+c10+c11,,0,0,0,c1+c2+c3+c4+c5+c6+c7+c8+c9+c10+c11,False,4,0,0,0.0000,True,0,3,0.001
"Graph atlas n<=7",atlas_1041,7,13,4,4,4,4,4,4,4,4,4,4,4,4,4,c1+c2+c3+c4+c5+c6+c7+c8+c10+c11,,0,0,0,c1+c2+c3+c4+c5+c6+c7+c8+c9+c10+c11,False,4,0,0,0.0000,True,0,3,0.001
"Graph atlas n<=7",atlas_1042,7,13,3,3,3,3,3,3,3,3,3,3,3,3,3,c1+c2+c3+c4+c5+c6+c7+c8+c10+c11,,0,0,0,c1+c2+c3+c4+c5+c6+c7+c8+c9+c10+c11,False,3,0,0,0.0000,True,0,3,0.001
"Graph atlas n<=7",atlas_1043,7,13,4,4,4,4,4,4,4,4,4,4,4,4,4,c1+c2+c3+c4+c5+c6+c7+c8+c10+c11,,0,0,0,c1+c2+c3+c4+c5+c6+c7+c8+c9+c10+c11,False,4,0,0,0.0000,True,0,3,0.001
"Graph atlas n<=7",atlas_1044,7,13,5,4,4,4,5,4,4,4,4,4,4,4,4,c2+c3+c4+c6+c7+c8+c10+c11,,0,0,0,c1+c2+c3+c4+c5+c6+c7+c8+c9+c10+c11,False,4,0,0,0.0000,True,0,3,0.001
"Graph atlas n<=7",atlas_1045,7,13,3,3,3,3,3,3,3,3,3,3,3,3,3,c1+c2+c3+c4+c5+c6+c7+c8+c10+c11,,0,0,0,c1+c2+c3+c4+c5+c6+c7+c8+c9+c10+c11,False,3,0,0,0.0000,True,0,3,0.001
"Graph atlas n<=7",atlas_1046,7,13,4,5,4,4,4,4,6,4,4,4,4,4,4,c1+c3+c4+c5+c6+c8+c10+c11,,0,0,0,c1+c2+c3+c4+c5+c6+c7+c8+c9+c10+c11,False,4,0,0,0.0000,True,0,3,0.001
"Graph atlas n<=7",atlas_1047,7,13,4,4,4,4,4,4,4,4,4,4,4,4,4,c1+c2+c3+c4+c5+c6+c7+c8+c10+c11,,0,0,0,c1+c2+c3+c4+c5+c6+c7+c8+c9+c10+c11,False,4,0,0,0.0000,True,0,3,0.001
"Graph atlas n<=7",atlas_1048,7,13,4,4,4,4,4,4,4,4,4,4,4,4,4,c1+c2+c3+c4+c5+c6+c7+c8+c10+c11,,0,0,0,c1+c2+c3+c4+c5+c6+c7+c8+c9+c10+c11,False,4,0,0,0.0000,True,0,3,0.001
"Graph atlas n<=7",atlas_1049,7,13,4,4,4,4,4,4,4,4,4,4,4,4,4,c1+c2+c3+c4+c5+c6+c7+c8+c10+c11,,0,0,0,c1+c2+c3+c4+c5+c6+c7+c8+c9+c10+c11,False,4,0,0,0.0000,True,0,3,0.001
"Graph atlas n<=7",atlas_1050,7,13,5,4,4,4,5,4,4,4,4,4,4,4,4,c2+c3+c4+c6+c7+c8+c10+c11,,0,0,0,c1+c2+c3+c4+c5+c6+c7+c8+c9+c10+c11,False,4,0,0,0.0000,True,0,3,0.001
"Graph atlas n<=7",atlas_1051,7,13,4,5,4,4,4,4,5,4,4,4,4,4,4,c1+c3+c4+c5+c6+c8+c10+c11,,0,0,0,c1+c2+c3+c4+c5+c6+c7+c8+c9+c10+c11,False,4,0,0,0.0000,True,0,3,0.001
"Graph atlas n<=7",atlas_1052,7,13,5,4,4,4,5,4,4,4,4,4,4,4,4,c2+c3+c4+c6+c7+c8+c10+c11,,0,0,0,c1+c2+c3+c4+c5+c6+c7+c8+c9+c10+c11,False,4,0,0,0.0000,True,0,3,0.001
"Graph atlas n<=7",atlas_1053,7,13,4,4,4,4,4,4,4,4,4,4,4,4,4,c1+c2+c3+c4+c5+c6+c7+c8+c10+c11,,0,0,0,c1+c2+c3+c4+c5+c6+c7+c8+c9+c10+c11,False,4,0,0,0.0000,True,0,3,0.001
"Graph atlas n<=7",atlas_1054,7,13,5,4,4,4,5,5,5,4,4,4,4,4,4,c2+c3+c4+c8+c10+c11,,0,0,0,c1+c2+c3+c4+c5+c6+c7+c8+c9+c10+c11,False,4,0,0,0.0000,True,0,3,0.001
"Graph atlas n<=7",atlas_1055,7,13,4,4,5,5,4,5,5,5,4,4,4,4,4,c1+c2+c5+c10+c11,,0,0,0,c1+c2+c3+c4+c5+c6+c7+c8+c9+c10+c11,False,4,0,0,0.0000,True,0,3,0.001
"Graph atlas n<=7",atlas_1056,7,13,4,4,4,4,4,4,4,4,4,4,4,4,4,c1+c2+c3+c4+c5+c6+c7+c8+c10+c11,,0,0,0,c1+c2+c3+c4+c5+c6+c7+c8+c9+c10+c11,False,4,0,0,0.0000,True,0,4,0.001
"Graph atlas n<=7",atlas_1057,7,13,5,4,4,4,5,4,4,4,4,4,4,4,4,c2+c3+c4+c6+c7+c8+c10+c11,,0,0,0,c1+c2+c3+c4+c5+c6+c7+c8+c9+c10+c11,False,4,0,0,0.0000,True,0,3,0.001
"Graph atlas n<=7",atlas_1058,7,13,5,5,5,5,5,5,5,5,5,5,5,5,5,c1+c2+c3+c4+c5+c6+c7+c8+c10+c11,,0,0,0,c1+c2+c3+c4+c5+c6+c7+c8+c9+c10+c11,False,5,0,0,0.0000,True,0,3,0.001
"Graph atlas n<=7",atlas_1059,7,13,5,4,4,4,5,4,4,4,4,4,4,4,4,c2+c3+c4+c6+c7+c8+c10+c11,,0,0,0,c1+c2+c3+c4+c5+c6+c7+c8+c9+c10+c11,False,4,0,0,0.0000,True,0,3,0.001
"Graph atlas n<=7",atlas_1060,7,13,4,4,4,4,4,4,4,4,4,4,4,4,4,c1+c2+c3+c4+c5+c6+c7+c8+c10+c11,,0,0,0,c1+c2+c3+c4+c5+c6+c7+c8+c9+c10+c11,False,4,0,0,0.0000,True,0,3,0.001
"Graph atlas n<=7",atlas_1061,7,13,4,5,4,4,4,4,5,4,4,4,4,4,4,c1+c3+c4+c5+c6+c8+c10+c11,,0,0,0,c1+c2+c3+c4+c5+c6+c7+c8+c9+c10+c11,False,4,0,0,0.0000,True,0,3,0.001
"Graph atlas n<=7",atlas_1062,7,13,5,4,4,4,5,5,4,4,4,4,4,4,4,c2+c3+c4+c7+c8+c10+c11,,0,0,0,c1+c2+c3+c4+c5+c6+c7+c8+c9+c10+c11,False,4,0,0,0.0000,True,0,4,0.001
"Graph atlas n<=7",atlas_1063,7,13,5,5,5,5,5,5,5,5,5,5,5,5,5,c1+c2+c3+c4+c5+c6+c7+c8+c10+c11,,0,0,0,c1+c2+c3+c4+c5+c6+c7+c8+c9+c10+c11,False,5,0,0,0.0000,True,0,3,0.001
"Graph atlas n<=7",atlas_1064,7,13,4,5,4,4,4,4,4,4,4,4,4,4,4,c1+c3+c4+c5+c6+c7+c8+c10+c11,,0,0,0,c1+c2+c3+c4+c5+c6+c7+c8+c9+c10+c11,False,4,0,0,0.0000,True,0,4,0.001
"Graph atlas n<=7",atlas_1065,7,13,5,5,4,4,5,4,5,4,4,4,4,4,4,c3+c4+c6+c8+c10+c11,,0,0,0,c1+c2+c3+c4+c5+c6+c7+c8+c9+c10+c11,False,4,0,0,0.0000,True,0,3,0.001
"Graph atlas n<=7",atlas_1066,7,13,5,4,4,4,5,4,4,4,4,4,4,4,4,c2+c3+c4+c6+c7+c8+c10+c11,,0,0,0,c1+c2+c3+c4+c5+c6+c7+c8+c9+c10+c11,False,4,0,0,0.0000,True,0,4,0.001
"Graph atlas n<=7",atlas_1067,7,13,5,4,4,4,5,4,4,4,4,4,4,4,4,c2+c3+c4+c6+c7+c8+c10+c11,,0,0,0,c1+c2+c3+c4+c5+c6+c7+c8+c9+c10+c11,False,4,0,0,0.0000,True,0,4,0.001
"Graph atlas n<=7",atlas_1068,7,13,5,5,5,5,5,5,5,5,5,5,5,5,5,c1+c2+c3+c4+c5+c6+c7+c8+c10+c11,,0,0,0,c1+c2+c3+c4+c5+c6+c7+c8+c9+c10+c11,False,5,0,0,0.0000,True,0,4,0.001
"Graph atlas n<=7",atlas_1069,7,13,5,4,5,4,5,5,5,4,4,4,4,4,4,c2+c4+c8+c10+c11,,0,0,0,c1+c2+c3+c4+c5+c6+c7+c8+c9+c10+c11,False,4,0,0,0.0000,True,0,3,0.001
"Graph atlas n<=7",atlas_1070,7,13,4,5,4,4,4,4,5,4,4,4,4,4,4,c1+c3+c4+c5+c6+c8+c10+c11,,0,0,0,c1+c2+c3+c4+c5+c6+c7+c8+c9+c10+c11,False,4,0,0,0.0000,True,0,4,0.001
"Graph atlas n<=7",atlas_1071,7,13,5,5,5,5,5,5,5,5,5,5,5,5,5,c1+c2+c3+c4+c5+c6+c7+c8+c10+c11,,0,0,0,c1+c2+c3+c4+c5+c6+c7+c8+c9+c10+c11,False,5,0,0,0.0000,True,0,3,0.001
"Graph atlas n<=7",atlas_1072,7,13,4,4,5,4,4,5,4,4,4,4,4,4,4,c1+c2+c4+c5+c7+c8+c10+c11,,0,0,0,c1+c2+c3+c4+c5+c6+c7+c8+c9+c10+c11,False,4,0,0,0.0000,True,0,4,0.001
"Graph atlas n<=7",atlas_1073,7,13,4,4,5,4,4,4,5,4,4,4,4,4,4,c1+c2+c4+c5+c6+c8+c10+c11,,0,0,0,c1+c2+c3+c4+c5+c6+c7+c8+c9+c10+c11,False,4,0,0,0.0000,True,0,4,0.001
"Graph atlas n<=7",atlas_1074,7,13,5,5,5,5,5,5,5,5,5,5,5,5,5,c1+c2+c3+c4+c5+c6+c7+c8+c10+c11,,0,0,0,c1+c2+c3+c4+c5+c6+c7+c8+c9+c10+c11,False,5,0,0,0.0000,True,0,4,0.001
"Graph atlas n<=7",atlas_1075,7,13,4,4,5,4,4,4,5,4,4,4,4,4,4,c1+c2+c4+c5+c6+c8+c10+c11,,0,0,0,c1+c2+c3+c4+c5+c6+c7+c8+c9+c10+c11,False,4,0,0,0.0000,True,0,4,0.001
"Graph atlas n<=7",atlas_1076,7,13,5,5,5,5,5,5,5,5,5,5,5,5,5,c1+c2+c3+c4+c5+c6+c7+c8+c10+c11,,0,0,0,c1+c2+c3+c4+c5+c6+c7+c8+c9+c10+c11,False,5,0,0,0.0000,True,0,4,0.001
"Graph atlas n<=7",atlas_1077,7,13,4,4,5,5,4,4,5,5,4,4,4,4,4,c1+c2+c5+c6+c10+c11,,0,0,0,c1+c2+c3+c4+c5+c6+c7+c8+c9+c10+c11,False,4,0,0,0.0000,True,0,3,0.001
"Graph atlas n<=7",atlas_1078,7,13,4,5,4,4,4,4,4,4,4,4,4,4,4,c1+c3+c4+c5+c6+c7+c8+c10+c11,,0,0,0,c1+c2+c3+c4+c5+c6+c7+c8+c9+c10+c11,False,4,0,0,0.0000,True,0,3,0.001
"Graph atlas n<=7",atlas_1079,7,13,5,4,4,4,5,4,4,4,4,4,4,4,4,c2+c3+c4+c6+c7+c8+c10+c11,,0,0,0,c1+c2+c3+c4+c5+c6+c7+c8+c9+c10+c11,False,4,0,0,0.0000,True,0,3,0.001
"Graph atlas n<=7",atlas_1080,7,13,4,4,4,4,4,4,6,4,4,4,4,4,4,c1+c2+c3+c4+c5+c6+c8+c10+c11,,0,0,0,c1+c2+c3+c4+c5+c6+c7+c8+c9+c10+c11,False,4,0,0,0.0000,True,0,3,0.001
"Graph atlas n<=7",atlas_1081,7,13,5,5,5,5,5,5,5,5,5,5,5,5,5,c1+c2+c3+c4+c5+c6+c7+c8+c10+c11,,0,0,0,c1+c2+c3+c4+c5+c6+c7+c8+c9+c10+c11,False,5,0,0,0.0000,True,0,3,0.001
"Graph atlas n<=7",atlas_1082,7,13,4,4,4,4,4,4,4,4,4,4,4,4,4,c1+c2+c3+c4+c5+c6+c7+c8+c10+c11,,0,0,0,c1+c2+c3+c4+c5+c6+c7+c8+c9+c10+c11,False,4,0,0,0.0000,True,0,3,0.001
"Graph atlas n<=7",atlas_1083,7,13,5,4,5,5,5,4,5,5,4,4,4,4,4,c2+c6+c10+c11,,0,0,0,c1+c2+c3+c4+c5+c6+c7+c8+c9+c10+c11,False,4,0,0,0.0000,True,0,3,0.001
"Graph atlas n<=7",atlas_1084,7,13,5,4,4,4,5,4,4,4,4,4,4,4,4,c2+c3+c4+c6+c7+c8+c10+c11,,0,0,0,c1+c2+c3+c4+c5+c6+c7+c8+c9+c10+c11,False,4,0,0,0.0000,True,0,3,0.001
"Graph atlas n<=7",atlas_1085,7,13,5,4,4,4,5,5,4,4,4,4,4,4,4,c2+c3+c4+c7+c8+c10+c11,,0,0,0,c1+c2+c3+c4+c5+c6+c7+c8+c9+c10+c11,False,4,0,0,0.0000,True,0,4,0.001
"Graph atlas n<=7",atlas_1086,7,13,5,5,5,5,5,5,5,5,5,5,5,5,5,c1+c2+c3+c4+c5+c6+c7+c8+c10+c11,,0,0,0,c1+c2+c3+c4+c5+c6+c7+c8+c9+c10+c11,False,5,0,0,0.0000,True,0,3,0.001
"Graph atlas n<=7",atlas_1087,7,13,5,4,4,4,5,4,4,4,4,4,4,4,4,c2+c3+c4+c6+c7+c8+c10+c11,,0,0,0,c1+c2+c3+c4+c5+c6+c7+c8+c9+c10+c11,False,4,0,0,0.0000,True,0,3,0.001
"Graph atlas n<=7",atlas_1088,7,13,3,3,3,3,3,3,3,3,3,3,3,3,3,c1+c2+c3+c4+c5+c6+c7+c8+c10+c11,,0,0,0,c1+c2+c3+c4+c5+c6+c7+c8+c9+c10+c11,False,3,0,0,0.0000,True,0,3,0.001
"Graph atlas n<=7",atlas_1089,7,13,5,4,4,4,5,5,4,4,4,4,4,4,4,c2+c3+c4+c7+c8+c10+c11,,0,0,0,c1+c2+c3+c4+c5+c6+c7+c8+c9+c10+c11,False,4,0,0,0.0000,True,0,3,0.001
"Graph atlas n<=7",atlas_1090,7,13,5,4,5,5,5,4,5,5,4,4,4,4,4,c2+c6+c10+c11,,0,0,0,c1+c2+c3+c4+c5+c6+c7+c8+c9+c10+c11,False,4,0,0,0.0000,True,0,4,0.001
"Graph atlas n<=7",atlas_1091,7,13,5,5,5,5,5,5,5,5,5,5,5,5,5,c1+c2+c3+c4+c5+c6+c7+c8+c10+c11,,0,0,0,c1+c2+c3+c4+c5+c6+c7+c8+c9+c10+c11,False,5,0,0,0.0000,True,0,3,0.001
"Graph atlas n<=7",atlas_1092,7,13,5,4,4,4,5,4,4,4,4,4,4,4,4,c2+c3+c4+c6+c7+c8+c10+c11,,0,0,0,c1+c2+c3+c4+c5+c6+c7+c8+c9+c10+c11,False,4,0,0,0.0000,True,0,3,0.001
"Graph atlas n<=7",atlas_1093,7,13,5,5,4,4,5,4,4,4,4,4,4,4,4,c3+c4+c6+c7+c8+c10+c11,,0,0,0,c1+c2+c3+c4+c5+c6+c7+c8+c9+c10+c11,False,4,0,0,0.0000,True,0,3,0.001
"Graph atlas n<=7",atlas_1094,7,13,5,4,4,4,5,5,4,4,4,4,4,4,4,c2+c3+c4+c7+c8+c10+c11,,0,0,0,c1+c2+c3+c4+c5+c6+c7+c8+c9+c10+c11,False,4,0,0,0.0000,True,0,4,0.001
"Graph atlas n<=7",atlas_1095,7,13,5,5,4,4,5,4,4,4,4,4,4,4,4,c3+c4+c6+c7+c8+c10+c11,,0,0,0,c1+c2+c3+c4+c5+c6+c7+c8+c9+c10+c11,False,4,0,0,0.0000,True,0,3,0.001
"Graph atlas n<=7",atlas_1096,7,13,5,4,4,4,5,5,4,4,4,4,4,4,4,c2+c3+c4+c7+c8+c10+c11,,0,0,0,c1+c2+c3+c4+c5+c6+c7+c8+c9+c10+c11,False,4,0,0,0.0000,True,0,4,0.001
"Graph atlas n<=7",atlas_1097,7,13,5,5,5,5,5,5,5,5,5,5,5,5,5,c1+c2+c3+c4+c5+c6+c7+c8+c10+c11,,0,0,0,c1+c2+c3+c4+c5+c6+c7+c8+c9+c10+c11,False,5,0,0,0.0000,True,0,3,0.001
"Graph atlas n<=7",atlas_1098,7,13,5,5,5,5,5,5,5,5,5,5,5,5,5,c1+c2+c3+c4+c5+c6+c7+c8+c10+c11,,0,0,0,c1+c2+c3+c4+c5+c6+c7+c8+c9+c10+c11,False,5,0,0,0.0000,True,0,4,0.001
"Graph atlas n<=7",atlas_1099,7,13,5,5,5,5,5,5,5,5,5,5,5,5,5,c1+c2+c3+c4+c5+c6+c7+c8+c10+c11,,0,0,0,c1+c2+c3+c4+c5+c6+c7+c8+c9+c10+c11,False,5,0,0,0.0000,True,0,3,0.001
"Graph atlas n<=7",atlas_1100,7,13,4,4,4,4,4,4,4,4,4,4,4,4,4,c1+c2+c3+c4+c5+c6+c7+c8+c10+c11,,0,0,0,c1+c2+c3+c4+c5+c6+c7+c8+c9+c10+c11,False,4,0,0,0.0000,True,0,4,0.001
"Graph atlas n<=7",atlas_1101,7,13,5,5,5,5,5,5,5,5,5,5,5,5,5,c1+c2+c3+c4+c5+c6+c7+c8+c10+c11,,0,0,0,c1+c2+c3+c4+c5+c6+c7+c8+c9+c10+c11,False,5,0,0,0.0000,True,0,3,0.001
"Graph atlas n<=7",atlas_1102,7,13,5,5,5,4,5,5,5,4,4,4,4,4,4,c4+c8+c10+c11,,0,0,0,c1+c2+c3+c4+c5+c6+c7+c8+c9+c10+c11,False,4,0,0,0.0000,True,0,4,0.001
"Graph atlas n<=7",atlas_1103,7,13,5,5,5,5,5,5,5,5,5,5,5,5,5,c1+c2+c3+c4+c5+c6+c7+c8+c10+c11,,0,0,0,c1+c2+c3+c4+c5+c6+c7+c8+c9+c10+c11,False,5,0,0,0.0000,True,0,4,0.001
"Graph atlas n<=7",atlas_1104,7,13,5,5,5,5,5,5,5,5,5,5,5,5,5,c1+c2+c3+c4+c5+c6+c7+c8+c10+c11,,0,0,0,c1+c2+c3+c4+c5+c6+c7+c8+c9+c10+c11,False,5,0,0,0.0000,True,0,4,0.001
"Graph atlas n<=7",atlas_1105,7,13,4,4,5,4,4,4,5,4,4,4,4,4,4,c1+c2+c4+c5+c6+c8+c10+c11,,0,0,0,c1+c2+c3+c4+c5+c6+c7+c8+c9+c10+c11,False,4,0,0,0.0000,True,0,4,0.001
"Graph atlas n<=7",atlas_1106,7,13,4,4,4,4,4,4,4,4,4,4,4,4,4,c1+c2+c3+c4+c5+c6+c7+c8+c10+c11,,0,0,0,c1+c2+c3+c4+c5+c6+c7+c8+c9+c10+c11,False,4,0,0,0.0000,True,0,4,0.001
"Graph atlas n<=7",atlas_1107,7,14,4,4,4,4,4,4,4,4,4,4,4,4,4,c1+c2+c3+c4+c5+c6+c7+c8+c10+c11,,0,0,0,c1+c2+c3+c4+c5+c6+c7+c8+c9+c10+c11,False,4,0,0,0.0000,True,0,4,0.001
"Graph atlas n<=7",atlas_1108,7,14,5,4,4,4,5,4,5,4,4,4,4,4,4,c2+c3+c4+c6+c8+c10+c11,,0,0,0,c1+c2+c3+c4+c5+c6+c7+c8+c9+c10+c11,False,4,0,0,0.0000,True,0,4,0.001
"Graph atlas n<=7",atlas_1109,7,14,5,4,4,4,5,4,4,4,4,4,4,4,4,c2+c3+c4+c6+c7+c8+c10+c11,,0,0,0,c1+c2+c3+c4+c5+c6+c7+c8+c9+c10+c11,False,4,0,0,0.0000,True,0,4,0.001
"Graph atlas n<=7",atlas_1110,7,14,5,4,4,4,5,4,4,4,4,4,4,4,4,c2+c3+c4+c6+c7+c8+c10+c11,,0,0,0,c1+c2+c3+c4+c5+c6+c7+c8+c9+c10+c11,False,4,0,0,0.0000,True,0,4,0.001
"Graph atlas n<=7",atlas_1111,7,14,5,4,4,4,5,5,4,4,4,4,4,4,4,c2+c3+c4+c7+c8+c10+c11,,0,0,0,c1+c2+c3+c4+c5+c6+c7+c8+c9+c10+c11,False,4,0,0,0.0000,True,0,4,0.001
"Graph atlas n<=7",atlas_1112,7,14,5,5,5,5,5,5,5,5,5,5,5,5,5,c1+c2+c3+c4+c5+c6+c7+c8+c10+c11,,0,0,0,c1+c2+c3+c4+c5+c6+c7+c8+c9+c10+c11,False,5,0,0,0.0000,True,0,4,0.001
"Graph atlas n<=7",atlas_1113,7,14,4,4,4,4,4,4,4,4,4,4,4,4,4,c1+c2+c3+c4+c5+c6+c7+c8+c10+c11,,0,0,0,c1+c2+c3+c4+c5+c6+c7+c8+c9+c10+c11,False,4,0,0,0.0000,True,0,4,0.001
"Graph atlas n<=7",atlas_1114,7,14,4,4,4,4,4,4,4,4,4,4,4,4,4,c1+c2+c3+c4+c5+c6+c7+c8+c10+c11,,0,0,0,c1+c2+c3+c4+c5+c6+c7+c8+c9+c10+c11,False,4,0,0,0.0000,True,0,4,0.001
"Graph atlas n<=7",atlas_1115,7,14,5,4,4,4,5,4,5,4,4,4,4,4,4,c2+c3+c4+c6+c8+c10+c11,,0,0,0,c1+c2+c3+c4+c5+c6+c7+c8+c9+c10+c11,False,4,0,0,0.0000,True,0,4,0.001
"Graph atlas n<=7",atlas_1116,7,14,3,3,3,3,3,3,3,3,3,3,3,3,3,c1+c2+c3+c4+c5+c6+c7+c8+c10+c11,,0,0,0,c1+c2+c3+c4+c5+c6+c7+c8+c9+c10+c11,False,3,0,0,0.0000,True,0,3,0.001
"Graph atlas n<=7",atlas_1117,7,14,4,4,4,4,4,4,4,4,4,4,4,4,4,c1+c2+c3+c4+c5+c6+c7+c8+c10+c11,,0,0,0,c1+c2+c3+c4+c5+c6+c7+c8+c9+c10+c11,False,4,0,0,0.0000,True,0,3,0.001
"Graph atlas n<=7",atlas_1118,7,14,5,4,4,4,5,4,6,4,4,4,4,4,4,c2+c3+c4+c6+c8+c10+c11,,0,0,0,c1+c2+c3+c4+c5+c6+c7+c8+c9+c10+c11,False,4,0,0,0.0000,True,0,3,0.001
"Graph atlas n<=7",atlas_1119,7,14,4,4,4,4,4,4,4,4,4,4,4,4,4,c1+c2+c3+c4+c5+c6+c7+c8+c10+c11,,0,0,0,c1+c2+c3+c4+c5+c6+c7+c8+c9+c10+c11,False,4,0,0,0.0000,True,0,3,0.001
"Graph atlas n<=7",atlas_1120,7,14,5,4,4,4,5,4,5,4,4,4,4,4,4,c2+c3+c4+c6+c8+c10+c11,,0,0,0,c1+c2+c3+c4+c5+c6+c7+c8+c9+c10+c11,False,4,0,0,0.0000,True,0,3,0.001
"Graph atlas n<=7",atlas_1121,7,14,4,5,4,4,4,4,4,4,4,4,4,4,4,c1+c3+c4+c5+c6+c7+c8+c10+c11,,0,0,0,c1+c2+c3+c4+c5+c6+c7+c8+c9+c10+c11,False,4,0,0,0.0000,True,0,3,0.001
"Graph atlas n<=7",atlas_1122,7,14,5,4,4,4,5,4,6,4,4,4,4,4,4,c2+c3+c4+c6+c8+c10+c11,,0,0,0,c1+c2+c3+c4+c5+c6+c7+c8+c9+c10+c11,False,4,0,0,0.0000,True,0,4,0.001
"Graph atlas n<=7",atlas_1123,7,14,4,4,4,4,4,4,4,4,4,4,4,4,4,c1+c2+c3+c4+c5+c6+c7+c8+c10+c11,,0,0,0,c1+c2+c3+c4+c5+c6+c7+c8+c9+c10+c11,False,4,0,0,0.0000,True,0,4,0.001
"Graph atlas n<=7",atlas_1124,7,14,5,5,5,5,5,5,5,5,5,5,5,5,5,c1+c2+c3+c4+c5+c6+c7+c8+c10+c11,,0,0,0,c1+c2+c3+c4+c5+c6+c7+c8+c9+c10+c11,False,5,0,0,0.0000,True,0,4,0.001
"Graph atlas n<=7",atlas_1125,7,14,4,4,4,4,4,4,4,4,4,4,4,4,4,c1+c2+c3+c4+c5+c6+c7+c8+c10+c11,,0,0,0,c1+c2+c3+c4+c5+c6+c7+c8+c9+c10+c11,False,4,0,0,0.0000,True,0,4,0.001
"Graph atlas n<=7",atlas_1126,7,14,5,4,4,4,5,4,4,4,4,4,4,4,4,c2+c3+c4+c6+c7+c8+c10+c11,,0,0,0,c1+c2+c3+c4+c5+c6+c7+c8+c9+c10+c11,False,4,0,0,0.0000,True,0,4,0.001
"Graph atlas n<=7",atlas_1127,7,14,5,5,5,5,5,5,5,5,5,5,5,5,5,c1+c2+c3+c4+c5+c6+c7+c8+c10+c11,,0,0,0,c1+c2+c3+c4+c5+c6+c7+c8+c9+c10+c11,False,5,0,0,0.0000,True,0,3,0.001
"Graph atlas n<=7",atlas_1128,7,14,5,4,4,4,5,4,4,4,4,4,4,4,4,c2+c3+c4+c6+c7+c8+c10+c11,,0,0,0,c1+c2+c3+c4+c5+c6+c7+c8+c9+c10+c11,False,4,0,0,0.0000,True,0,4,0.001
"Graph atlas n<=7",atlas_1129,7,14,5,5,5,5,5,5,5,5,5,5,5,5,5,c1+c2+c3+c4+c5+c6+c7+c8+c10+c11,,0,0,0,c1+c2+c3+c4+c5+c6+c7+c8+c9+c10+c11,False,5,0,0,0.0000,True,0,4,0.001
"Graph atlas n<=7",atlas_1130,7,14,5,4,5,4,5,5,5,4,4,4,4,4,4,c2+c4+c8+c10+c11,,0,0,0,c1+c2+c3+c4+c5+c6+c7+c8+c9+c10+c11,False,4,0,0,0.0000,True,0,4,0.001
"Graph atlas n<=7",atlas_1131,7,14,4,4,5,5,4,5,5,5,4,4,4,4,4,c1+c2+c5+c10+c11,,0,0,0,c1+c2+c3+c4+c5+c6+c7+c8+c9+c10+c11,False,4,0,0,0.0000,True,0,4,0.001
"Graph atlas n<=7",atlas_1132,7,14,4,5,4,4,4,5,4,4,4,4,4,4,4,c1+c3+c4+c5+c7+c8+c10+c11,,0,0,0,c1+c2+c3+c4+c5+c6+c7+c8+c9+c10+c11,False,4,0,0,0.0000,True,0,4,0.001
"Graph atlas n<=7",atlas_1133,7,14,5,5,5,5,5,5,5,5,5,5,5,5,5,c1+c2+c3+c4+c5+c6+c7+c8+c10+c11,,0,0,0,c1+c2+c3+c4+c5+c6+c7+c8+c9+c10+c11,False,5,0,0,0.0000,True,0,4,0.001
"Graph atlas n<=7",atlas_1134,7,14,5,4,4,4,5,5,4,4,4,4,4,4,4,c2+c3+c4+c7+c8+c10+c11,,0,0,0,c1+c2+c3+c4+c5+c6+c7+c8+c9+c10+c11,False,4,0,0,0.0000,True,0,4,0.001
"Graph atlas n<=7",atlas_1135,7,14,5,4,4,4,5,5,4,4,4,4,4,4,4,c2+c3+c4+c7+c8+c10+c11,,0,0,0,c1+c2+c3+c4+c5+c6+c7+c8+c9+c10+c11,False,4,0,0,0.0000,True,0,4,0.001
"Graph atlas n<=7",atlas_1136,7,14,5,5,5,5,5,5,5,5,5,5,5,5,5,c1+c2+c3+c4+c5+c6+c7+c8+c10+c11,,0,0,0,c1+c2+c3+c4+c5+c6+c7+c8+c9+c10+c11,False,5,0,0,0.0000,True,0,4,0.001
"Graph atlas n<=7",atlas_1137,7,14,4,4,4,4,4,4,4,4,4,4,4,4,4,c1+c2+c3+c4+c5+c6+c7+c8+c10+c11,,0,0,0,c1+c2+c3+c4+c5+c6+c7+c8+c9+c10+c11,False,4,0,0,0.0000,True,0,4,0.001
"Graph atlas n<=7",atlas_1138,7,14,6,4,4,4,6,4,4,4,4,4,4,4,4,c2+c3+c4+c6+c7+c8+c10+c11,,0,0,0,c1+c2+c3+c4+c5+c6+c7+c8+c9+c10+c11,False,4,0,0,0.0000,True,0,3,0.001
"Graph atlas n<=7",atlas_1139,7,14,5,4,4,4,5,4,6,4,4,4,4,4,4,c2+c3+c4+c6+c8+c10+c11,,0,0,0,c1+c2+c3+c4+c5+c6+c7+c8+c9+c10+c11,False,4,0,0,0.0000,True,0,3,0.001
"Graph atlas n<=7",atlas_1140,7,14,3,3,3,3,3,3,3,3,3,3,3,3,3,c1+c2+c3+c4+c5+c6+c7+c8+c10+c11,,0,0,0,c1+c2+c3+c4+c5+c6+c7+c8+c9+c10+c11,False,3,0,0,0.0000,True,0,3,0.001
"Graph atlas n<=7",atlas_1141,7,14,6,4,4,4,6,5,4,4,4,4,4,4,4,c2+c3+c4+c7+c8+c10+c11,,0,0,0,c1+c2+c3+c4+c5+c6+c7+c8+c9+c10+c11,False,4,0,0,0.0000,True,0,3,0.001
"Graph atlas n<=7",atlas_1142,7,14,4,5,4,4,4,4,5,4,4,4,4,4,4,c1+c3+c4+c5+c6+c8+c10+c11,,0,0,0,c1+c2+c3+c4+c5+c6+c7+c8+c9+c10+c11,False,4,0,0,0.0000,True,0,3,0.001
"Graph atlas n<=7",atlas_1143,7,14,6,4,4,4,6,4,4,4,4,4,4,4,4,c2+c3+c4+c6+c7+c8+c10+c11,,0,0,0,c1+c2+c3+c4+c5+c6+c7+c8+c9+c10+c11,False,4,0,0,0.0000,True,0,3,0.001
"Graph atlas n<=7",atlas_1144,7,14,5,5,5,5,5,5,6,5,5,5,5,5,5,c1+c2+c3+c4+c5+c6+c8+c10+c11,,0,0,0,c1+c2+c3+c4+c5+c6+c7+c8+c9+c10+c11,False,5,0,0,0.0000,True,0,3,0.001
"Graph atlas n<=7",atlas_1145,7,14,5,5,5,5,5,5,5,5,5,5,5,5,5,c1+c2+c3+c4+c5+c6+c7+c8+c10+c11,,0,0,0,c1+c2+c3+c4+c5+c6+c7+c8+c9+c10+c11,False,5,0,0,0.0000,True,0,3,0.001
"Graph atlas n<=7",atlas_1146,7,14,5,4,4,4,5,4,4,4,4,4,4,4,4,c2+c3+c4+c6+c7+c8+c10+c11,,0,0,0,c1+c2+c3+c4+c5+c6+c7+c8+c9+c10+c11,False,4,0,0,0.0000,True,0,3,0.001
"Graph atlas n<=7",atlas_1147,7,14,5,4,4,4,5,5,4,4,4,4,4,4,4,c2+c3+c4+c7+c8+c10+c11,,0,0,0,c1+c2+c3+c4+c5+c6+c7+c8+c9+c10+c11,False,4,0,0,0.0000,True,0,4,0.001
"Graph atlas n<=7",atlas_1148,7,14,4,4,4,4,4,4,4,4,4,4,4,4,4,c1+c2+c3+c4+c5+c6+c7+c8+c10+c11,,0,0,0,c1+c2+c3+c4+c5+c6+c7+c8+c9+c10+c11,False,4,0,0,0.0000,True,0,3,0.001
"Graph atlas n<=7",atlas_1149,7,14,6,5,4,4,6,4,4,4,4,4,4,4,4,c3+c4+c6+c7+c8+c10+c11,,0,0,0,c1+c2+c3+c4+c5+c6+c7+c8+c9+c10+c11,False,4,0,0,0.0000,True,0,4,0.001
"Graph atlas n<=7",atlas_1150,7,14,6,5,5,5,6,5,5,5,5,5,5,5,5,c2+c3+c4+c6+c7+c8+c10+c11,,0,0,0,c1+c2+c3+c4+c5+c6+c7+c8+c9+c10+c11,False,5,0,0,0.0000,True,0,3,0.001
"Graph atlas n<=7",atlas_1151,7,14,5,5,5,5,5,5,6,5,5,5,5,5,5,c1+c2+c3+c4+c5+c6+c8+c10+c11,,0,0,0,c1+c2+c3+c4+c5+c6+c7+c8+c9+c10+c11,False,5,0,0,0.0000,True,0,4,0.001
"Graph atlas n<=7",atlas_1152,7,14,4,4,5,4,4,5,6,4,4,4,4,4,4,c1+c2+c4+c5+c8+c10+c11,,0,0,0,c1+c2+c3+c4+c5+c6+c7+c8+c9+c10+c11,False,4,0,0,0.0000,True,0,4,0.001
"Graph atlas n<=7",atlas_1153,7,14,5,4,4,4,5,4,4,4,4,4,4,4,4,c2+c3+c4+c6+c7+c8+c10+c11,,0,0,0,c1+c2+c3+c4+c5+c6+c7+c8+c9+c10+c11,False,4,0,0,0.0000,True,0,4,0.001
"Graph atlas n<=7",atlas_1154,7,14,5,5,5,5,5,5,5,5,5,5,5,5,5,c1+c2+c3+c4+c5+c6+c7+c8+c10+c11,,0,0,0,c1+c2+c3+c4+c5+c6+c7+c8+c9+c10+c11,False,5,0,0,0.0000,True,0,3,0.001
"Graph atlas n<=7",atlas_1155,7,14,5,4,4,4,5,4,4,4,4,4,4,4,4,c2+c3+c4+c6+c7+c8+c10+c11,,0,0,0,c1+c2+c3+c4+c5+c6+c7+c8+c9+c10+c11,False,4,0,0,0.0000,True,0,4,0.001
"Graph atlas n<=7",atlas_1156,7,14,5,5,5,5,5,5,5,5,5,5,5,5,5,c1+c2+c3+c4+c5+c6+c7+c8+c10+c11,,0,0,0,c1+c2+c3+c4+c5+c6+c7+c8+c9+c10+c11,False,5,0,0,0.0000,True,0,4,0.001
"Graph atlas n<=7",atlas_1157,7,14,5,4,5,4,5,5,5,4,4,4,4,4,4,c2+c4+c8+c10+c11,,0,0,0,c1+c2+c3+c4+c5+c6+c7+c8+c9+c10+c11,False,4,0,0,0.0000,True,0,4,0.001
"Graph atlas n<=7",atlas_1158,7,14,5,5,5,5,5,5,5,5,5,5,5,5,5,c1+c2+c3+c4+c5+c6+c7+c8+c10+c11,,0,0,0,c1+c2+c3+c4+c5+c6+c7+c8+c9+c10+c11,False,5,0,0,0.0000,True,0,4,0.001
"Graph atlas n<=7",atlas_1159,7,14,5,5,5,5,5,5,5,5,5,5,5,5,5,c1+c2+c3+c4+c5+c6+c7+c8+c10+c11,,0,0,0,c1+c2+c3+c4+c5+c6+c7+c8+c9+c10+c11,False,5,0,0,0.0000,True,0,4,0.001
"Graph atlas n<=7",atlas_1160,7,14,5,5,4,4,5,4,4,4,4,4,4,4,4,c3+c4+c6+c7+c8+c10+c11,,0,0,0,c1+c2+c3+c4+c5+c6+c7+c8+c9+c10+c11,False,4,0,0,0.0000,True,0,3,0.001
"Graph atlas n<=7",atlas_1161,7,14,5,4,5,4,5,5,5,4,4,4,4,4,4,c2+c4+c8+c10+c11,,0,0,0,c1+c2+c3+c4+c5+c6+c7+c8+c9+c10+c11,False,4,0,0,0.0000,True,0,4,0.001
"Graph atlas n<=7",atlas_1162,7,14,5,5,5,5,5,5,5,5,5,5,5,5,5,c1+c2+c3+c4+c5+c6+c7+c8+c10+c11,,0,0,0,c1+c2+c3+c4+c5+c6+c7+c8+c9+c10+c11,False,5,0,0,0.0000,True,0,4,0.001
"Graph atlas n<=7",atlas_1163,7,14,5,4,4,4,5,4,4,4,4,4,4,4,4,c2+c3+c4+c6+c7+c8+c10+c11,,0,0,0,c1+c2+c3+c4+c5+c6+c7+c8+c9+c10+c11,False,4,0,0,0.0000,True,0,4,0.001
"Graph atlas n<=7",atlas_1164,7,14,5,5,5,5,5,5,5,5,5,5,5,5,5,c1+c2+c3+c4+c5+c6+c7+c8+c10+c11,,0,0,0,c1+c2+c3+c4+c5+c6+c7+c8+c9+c10+c11,False,5,0,0,0.0000,True,0,4,0.001
"Graph atlas n<=7",atlas_1165,7,14,5,4,4,4,5,5,4,4,4,4,4,4,4,c2+c3+c4+c7+c8+c10+c11,,0,0,0,c1+c2+c3+c4+c5+c6+c7+c8+c9+c10+c11,False,4,0,0,0.0000,True,0,4,0.001
"Graph atlas n<=7",atlas_1166,7,14,5,5,5,5,5,5,5,5,5,5,5,5,5,c1+c2+c3+c4+c5+c6+c7+c8+c10+c11,,0,0,0,c1+c2+c3+c4+c5+c6+c7+c8+c9+c10+c11,False,5,0,0,0.0000,True,0,4,0.001
"Graph atlas n<=7",atlas_1167,7,14,5,5,5,5,5,5,5,5,5,5,5,5,5,c1+c2+c3+c4+c5+c6+c7+c8+c10+c11,,0,0,0,c1+c2+c3+c4+c5+c6+c7+c8+c9+c10+c11,False,5,0,0,0.0000,True,0,4,0.001
"Graph atlas n<=7",atlas_1168,7,14,5,5,5,5,5,5,5,5,5,5,5,5,5,c1+c2+c3+c4+c5+c6+c7+c8+c10+c11,,0,0,0,c1+c2+c3+c4+c5+c6+c7+c8+c9+c10+c11,False,5,0,0,0.0000,True,0,4,0.001
"Graph atlas n<=7",atlas_1169,7,14,5,4,4,4,5,4,4,4,4,4,4,4,4,c2+c3+c4+c6+c7+c8+c10+c11,,0,0,0,c1+c2+c3+c4+c5+c6+c7+c8+c9+c10+c11,False,4,0,0,0.0000,True,0,4,0.001
"Graph atlas n<=7",atlas_1170,7,14,5,5,5,5,5,5,5,5,5,5,5,5,5,c1+c2+c3+c4+c5+c6+c7+c8+c10+c11,,0,0,0,c1+c2+c3+c4+c5+c6+c7+c8+c9+c10+c11,False,5,0,0,0.0000,True,0,4,0.002
"Graph atlas n<=7",atlas_1171,7,14,5,5,4,4,5,5,4,4,4,4,4,4,4,c3+c4+c7+c8+c10+c11,,0,0,0,c1+c2+c3+c4+c5+c6+c7+c8+c9+c10+c11,False,4,0,0,0.0000,True,0,4,0.001
"Graph atlas n<=7",atlas_1172,7,15,5,5,5,5,5,5,5,5,5,5,5,5,5,c1+c2+c3+c4+c5+c6+c7+c8+c10+c11,,0,0,0,c1+c2+c3+c4+c5+c6+c7+c8+c9+c10+c11,False,5,0,0,0.0000,True,0,5,0.001
"Graph atlas n<=7",atlas_1173,7,15,4,4,4,4,4,4,4,4,4,4,4,4,4,c1+c2+c3+c4+c5+c6+c7+c8+c10+c11,,0,0,0,c1+c2+c3+c4+c5+c6+c7+c8+c9+c10+c11,False,4,0,0,0.0000,True,0,4,0.001
"Graph atlas n<=7",atlas_1174,7,15,5,5,5,5,5,5,5,5,5,5,5,5,5,c1+c2+c3+c4+c5+c6+c7+c8+c10+c11,,0,0,0,c1+c2+c3+c4+c5+c6+c7+c8+c9+c10+c11,False,5,0,0,0.0000,True,0,4,0.001
"Graph atlas n<=7",atlas_1175,7,15,5,4,4,4,5,4,5,4,4,4,4,4,4,c2+c3+c4+c6+c8+c10+c11,,0,0,0,c1+c2+c3+c4+c5+c6+c7+c8+c9+c10+c11,False,4,0,0,0.0000,True,0,4,0.001
"Graph atlas n<=7",atlas_1176,7,15,5,4,4,4,5,4,4,4,4,4,4,4,4,c2+c3+c4+c6+c7+c8+c10+c11,,0,0,0,c1+c2+c3+c4+c5+c6+c7+c8+c9+c10+c11,False,4,0,0,0.0000,True,0,4,0.001
"Graph atlas n<=7",atlas_1177,7,15,5,5,5,5,5,5,5,5,5,5,5,5,5,c1+c2+c3+c4+c5+c6+c7+c8+c10+c11,,0,0,0,c1+c2+c3+c4+c5+c6+c7+c8+c9+c10+c11,False,5,0,0,0.0000,True,0,4,0.001
"Graph atlas n<=7",atlas_1178,7,15,4,4,4,4,4,4,4,4,4,4,4,4,4,c1+c2+c3+c4+c5+c6+c7+c8+c10+c11,,0,0,0,c1+c2+c3+c4+c5+c6+c7+c8+c9+c10+c11,False,4,0,0,0.0000,True,0,4,0.001
"Graph atlas n<=7",atlas_1179,7,15,4,4,4,4,4,5,4,4,4,4,4,4,4,c1+c2+c3+c4+c5+c7+c8+c10+c11,,0,0,0,c1+c2+c3+c4+c5+c6+c7+c8+c9+c10+c11,False,4,0,0,0.0000,True,0,4,0.001
"Graph atlas n<=7",atlas_1180,7,15,6,5,5,5,6,5,5,5,5,5,5,5,5,c2+c3+c4+c6+c7+c8+c10+c11,,0,0,0,c1+c2+c3+c4+c5+c6+c7+c8+c9+c10+c11,False,5,0,0,0.0000,True,0,4,0.001
"Graph atlas n<=7",atlas_1181,7,15,5,5,5,5,5,5,5,5,5,5,5,5,5,c1+c2+c3+c4+c5+c6+c7+c8+c10+c11,,0,0,0,c1+c2+c3+c4+c5+c6+c7+c8+c9+c10+c11,False,5,0,0,0.0000,True,0,4,0.001
"Graph atlas n<=7",atlas_1182,7,15,5,5,5,5,5,5,5,5,5,5,5,5,5,c1+c2+c3+c4+c5+c6+c7+c8+c10+c11,,0,0,0,c1+c2+c3+c4+c5+c6+c7+c8+c9+c10+c11,False,5,0,0,0.0000,True,0,4,0.001
"Graph atlas n<=7",atlas_1183,7,15,4,4,4,4,4,4,4,4,4,4,4,4,4,c1+c2+c3+c4+c5+c6+c7+c8+c10+c11,,0,0,0,c1+c2+c3+c4+c5+c6+c7+c8+c9+c10+c11,False,4,0,0,0.0000,True,0,4,0.001
"Graph atlas n<=7",atlas_1184,7,15,3,3,3,3,3,3,3,3,3,3,3,3,3,c1+c2+c3+c4+c5+c6+c7+c8+c10+c11,,0,0,0,c1+c2+c3+c4+c5+c6+c7+c8+c9+c10+c11,False,3,0,0,0.0000,True,0,3,0.001
"Graph atlas n<=7",atlas_1185,7,15,4,4,4,4,4,4,4,4,4,4,4,4,4,c1+c2+c3+c4+c5+c6+c7+c8+c10+c11,,0,0,0,c1+c2+c3+c4+c5+c6+c7+c8+c9+c10+c11,False,4,0,0,0.0000,True,0,3,0.001
"Graph atlas n<=7",atlas_1186,7,15,4,4,4,4,4,4,4,4,4,4,4,4,4,c1+c2+c3+c4+c5+c6+c7+c8+c10+c11,,0,0,0,c1+c2+c3+c4+c5+c6+c7+c8+c9+c10+c11,False,4,0,0,0.0000,True,0,3,0.001
"Graph atlas n<=7",atlas_1187,7,15,4,5,4,4,4,4,4,4,4,4,4,4,4,c1+c3+c4+c5+c6+c7+c8+c10+c11,,0,0,0,c1+c2+c3+c4+c5+c6+c7+c8+c9+c10+c11,False,4,0,0,0.0000,True,0,3,0.001
"Graph atlas n<=7",atlas_1188,7,15,5,5,5,5,5,5,5,5,5,5,5,5,5,c1+c2+c3+c4+c5+c6+c7+c8+c10+c11,,0,0,0,c1+c2+c3+c4+c5+c6+c7+c8+c9+c10+c11,False,5,0,0,0.0000,True,0,4,0.001
"Graph atlas n<=7",atlas_1189,7,15,6,4,4,4,6,4,5,4,4,4,4,4,4,c2+c3+c4+c6+c8+c10+c11,,0,0,0,c1+c2+c3+c4+c5+c6+c7+c8+c9+c10+c11,False,4,0,0,0.0000,True,0,4,0.001
"Graph atlas n<=7",atlas_1190,7,15,6,5,5,5,6,5,5,5,5,5,5,5,5,c2+c3+c4+c6+c7+c8+c10+c11,,0,0,0,c1+c2+c3+c4+c5+c6+c7+c8+c9+c10+c11,False,5,0,0,0.0000,True,0,3,0.001
"Graph atlas n<=7",atlas_1191,7,15,6,4,5,4,6,5,4,4,4,4,4,4,4,c2+c4+c7+c8+c10+c11,,0,0,0,c1+c2+c3+c4+c5+c6+c7+c8+c9+c10+c11,False,4,0,0,0.0000,True,0,4,0.001
"Graph atlas n<=7",atlas_1192,7,15,6,5,5,5,6,5,5,5,5,5,5,5,5,c2+c3+c4+c6+c7+c8+c10+c11,,0,0,0,c1+c2+c3+c4+c5+c6+c7+c8+c9+c10+c11,False,5,0,0,0.0000,True,0,4,0.001
"Graph atlas n<=7",atlas_1193,7,15,6,4,4,4,6,4,4,4,4,4,4,4,4,c2+c3+c4+c6+c7+c8+c10+c11,,0,0,0,c1+c2+c3+c4+c5+c6+c7+c8+c9+c10+c11,False,4,0,0,0.0000,True,0,4,0.001
"Graph atlas n<=7",atlas_1194,7,15,5,5,5,5,5,5,5,5,5,5,5,5,5,c1+c2+c3+c4+c5+c6+c7+c8+c10+c11,,0,0,0,c1+c2+c3+c4+c5+c6+c7+c8+c9+c10+c11,False,5,0,0,0.0000,True,0,4,0.001
"Graph atlas n<=7",atlas_1195,7,15,5,4,4,4,5,4,4,4,4,4,4,4,4,c2+c3+c4+c6+c7+c8+c10+c11,,0,0,0,c1+c2+c3+c4+c5+c6+c7+c8+c9+c10+c11,False,4,0,0,0.0000,True,0,4,0.001
"Graph atlas n<=7",atlas_1196,7,15,5,5,5,5,5,5,5,5,5,5,5,5,5,c1+c2+c3+c4+c5+c6+c7+c8+c10+c11,,0,0,0,c1+c2+c3+c4+c5+c6+c7+c8+c9+c10+c11,False,5,0,0,0.0000,True,0,4,0.001
"Graph atlas n<=7",atlas_1197,7,15,5,4,4,4,5,5,6,4,4,4,4,4,4,c2+c3+c4+c8+c10+c11,,0,0,0,c1+c2+c3+c4+c5+c6+c7+c8+c9+c10+c11,False,4,0,0,0.0000,True,0,4,0.001
"Graph atlas n<=7",atlas_1198,7,15,6,5,5,5,6,5,5,5,5,5,5,5,5,c2+c3+c4+c6+c7+c8+c10+c11,,0,0,0,c1+c2+c3+c4+c5+c6+c7+c8+c9+c10+c11,False,5,0,0,0.0000,True,0,4,0.001
"Graph atlas n<=7",atlas_1199,7,15,6,5,5,5,6,5,5,5,5,5,5,5,5,c2+c3+c4+c6+c7+c8+c10+c11,,0,0,0,c1+c2+c3+c4+c5+c6+c7+c8+c9+c10+c11,False,5,0,0,0.0000,True,0,4,0.001
"Graph atlas n<=7",atlas_1200,7,15,5,5,5,5,5,5,5,5,5,5,5,5,5,c1+c2+c3+c4+c5+c6+c7+c8+c10+c11,,0,0,0,c1+c2+c3+c4+c5+c6+c7+c8+c9+c10+c11,False,5,0,0,0.0000,True,0,4,0.001
"Graph atlas n<=7",atlas_1201,7,15,5,5,5,5,5,5,5,5,5,5,5,5,5,c1+c2+c3+c4+c5+c6+c7+c8+c10+c11,,0,0,0,c1+c2+c3+c4+c5+c6+c7+c8+c9+c10+c11,False,5,0,0,0.0000,True,0,4,0.001
"Graph atlas n<=7",atlas_1202,7,15,5,4,4,4,5,5,4,4,4,4,4,4,4,c2+c3+c4+c7+c8+c10+c11,,0,0,0,c1+c2+c3+c4+c5+c6+c7+c8+c9+c10+c11,False,4,0,0,0.0000,True,0,4,0.001
"Graph atlas n<=7",atlas_1203,7,15,5,4,4,4,5,5,4,4,4,4,4,4,4,c2+c3+c4+c7+c8+c10+c11,,0,0,0,c1+c2+c3+c4+c5+c6+c7+c8+c9+c10+c11,False,4,0,0,0.0000,True,0,4,0.001
"Graph atlas n<=7",atlas_1204,7,15,5,5,5,5,5,5,5,5,5,5,5,5,5,c1+c2+c3+c4+c5+c6+c7+c8+c10+c11,,0,0,0,c1+c2+c3+c4+c5+c6+c7+c8+c9+c10+c11,False,5,0,0,0.0000,True,0,4,0.001
"Graph atlas n<=7",atlas_1205,7,15,5,5,5,5,5,5,5,5,5,5,5,5,5,c1+c2+c3+c4+c5+c6+c7+c8+c10+c11,,0,0,0,c1+c2+c3+c4+c5+c6+c7+c8+c9+c10+c11,False,5,0,0,0.0000,True,0,4,0.001
"Graph atlas n<=7",atlas_1206,7,15,5,4,5,5,5,5,5,5,4,4,4,4,4,c2+c10+c11,,0,0,0,c1+c2+c3+c4+c5+c6+c7+c8+c9+c10+c11,False,4,0,0,0.0000,True,0,5,0.001
"Graph atlas n<=7",atlas_1207,7,15,6,5,5,5,6,5,5,5,5,5,5,5,5,c2+c3+c4+c6+c7+c8+c10+c11,,0,0,0,c1+c2+c3+c4+c5+c6+c7+c8+c9+c10+c11,False,5,0,0,0.0000,True,0,4,0.001
"Graph atlas n<=7",atlas_1208,7,15,6,4,4,4,6,4,4,4,4,4,4,4,4,c2+c3+c4+c6+c7+c8+c10+c11,,0,0,0,c1+c2+c3+c4+c5+c6+c7+c8+c9+c10+c11,False,4,0,0,0.0000,True,0,4,0.001
"Graph atlas n<=7",atlas_1209,7,15,5,5,5,5,5,5,5,5,5,5,5,5,5,c1+c2+c3+c4+c5+c6+c7+c8+c10+c11,,0,0,0,c1+c2+c3+c4+c5+c6+c7+c8+c9+c10+c11,False,5,0,0,0.0000,True,0,4,0.001
"Graph atlas n<=7",atlas_1210,7,15,5,4,4,4,5,5,4,4,4,4,4,4,4,c2+c3+c4+c7+c8+c10+c11,,0,0,0,c1+c2+c3+c4+c5+c6+c7+c8+c9+c10+c11,False,4,0,0,0.0000,True,0,4,0.001
"Graph atlas n<=7",atlas_1211,7,15,5,5,5,5,5,5,5,5,5,5,5,5,5,c1+c2+c3+c4+c5+c6+c7+c8+c10+c11,,0,0,0,c1+c2+c3+c4+c5+c6+c7+c8+c9+c10+c11,False,5,0,0,0.0000,True,0,4,0.001
"Graph atlas n<=7",atlas_1212,7,15,5,5,5,5,5,5,5,5,5,5,5,5,5,c1+c2+c3+c4+c5+c6+c7+c8+c10+c11,,0,0,0,c1+c2+c3+c4+c5+c6+c7+c8+c9+c10+c11,False,5,0,0,0.0000,True,0,4,0.001
"Graph atlas n<=7",atlas_1213,7,16,5,5,5,5,5,5,5,5,5,5,5,5,5,c1+c2+c3+c4+c5+c6+c7+c8+c10+c11,,0,0,0,c1+c2+c3+c4+c5+c6+c7+c8+c9+c10+c11,False,5,0,0,0.0000,True,0,5,0.001
"Graph atlas n<=7",atlas_1214,7,16,6,4,4,4,6,4,4,4,4,4,4,4,4,c2+c3+c4+c6+c7+c8+c10+c11,,0,0,0,c1+c2+c3+c4+c5+c6+c7+c8+c9+c10+c11,False,4,0,0,0.0000,True,0,4,0.001
"Graph atlas n<=7",atlas_1215,7,16,5,5,5,5,5,5,5,5,5,5,5,5,5,c1+c2+c3+c4+c5+c6+c7+c8+c10+c11,,0,0,0,c1+c2+c3+c4+c5+c6+c7+c8+c9+c10+c11,False,5,0,0,0.0000,True,0,4,0.001
"Graph atlas n<=7",atlas_1216,7,16,5,5,5,5,5,5,5,5,5,5,5,5,5,c1+c2+c3+c4+c5+c6+c7+c8+c10+c11,,0,0,0,c1+c2+c3+c4+c5+c6+c7+c8+c9+c10+c11,False,5,0,0,0.0000,True,0,5,0.001
"Graph atlas n<=7",atlas_1217,7,16,4,4,4,4,4,4,4,4,4,4,4,4,4,c1+c2+c3+c4+c5+c6+c7+c8+c10+c11,,0,0,0,c1+c2+c3+c4+c5+c6+c7+c8+c9+c10+c11,False,4,0,0,0.0000,True,0,4,0.001
"Graph atlas n<=7",atlas_1218,7,16,6,4,4,4,6,4,4,4,4,4,4,4,4,c2+c3+c4+c6+c7+c8+c10+c11,,0,0,0,c1+c2+c3+c4+c5+c6+c7+c8+c9+c10+c11,False,4,0,0,0.0000,True,0,4,0.001
"Graph atlas n<=7",atlas_1219,7,16,5,5,5,5,5,5,5,5,5,5,5,5,5,c1+c2+c3+c4+c5+c6+c7+c8+c10+c11,,0,0,0,c1+c2+c3+c4+c5+c6+c7+c8+c9+c10+c11,False,5,0,0,0.0000,True,0,4,0.001
"Graph atlas n<=7",atlas_1220,7,16,6,4,4,4,6,5,4,4,4,4,4,4,4,c2+c3+c4+c7+c8+c10+c11,,0,0,0,c1+c2+c3+c4+c5+c6+c7+c8+c9+c10+c11,False,4,0,0,0.0000,True,0,4,0.001
"Graph atlas n<=7",atlas_1221,7,16,6,5,5,5,6,5,5,5,5,5,5,5,5,c2+c3+c4+c6+c7+c8+c10+c11,,0,0,0,c1+c2+c3+c4+c5+c6+c7+c8+c9+c10+c11,False,5,0,0,0.0000,True,0,4,0.001
"Graph atlas n<=7",atlas_1222,7,16,6,5,5,5,6,5,5,5,5,5,5,5,5,c2+c3+c4+c6+c7+c8+c10+c11,,0,0,0,c1+c2+c3+c4+c5+c6+c7+c8+c9+c10+c11,False,5,0,0,0.0000,True,0,4,0.001
"Graph atlas n<=7",atlas_1223,7,16,5,5,5,5,5,5,6,5,5,5,5,5,5,c1+c2+c3+c4+c5+c6+c8+c10+c11,,0,0,0,c1+c2+c3+c4+c5+c6+c7+c8+c9+c10+c11,False,5,0,0,0.0000,True,0,4,0.001
"Graph atlas n<=7",atlas_1224,7,16,6,4,4,4,6,4,4,4,4,4,4,4,4,c2+c3+c4+c6+c7+c8+c10+c11,,0,0,0,c1+c2+c3+c4+c5+c6+c7+c8+c9+c10+c11,False,4,0,0,0.0000,True,0,4,0.001
"Graph atlas n<=7",atlas_1225,7,16,5,5,5,5,5,5,5,5,5,5,5,5,5,c1+c2+c3+c4+c5+c6+c7+c8+c10+c11,,0,0,0,c1+c2+c3+c4+c5+c6+c7+c8+c9+c10+c11,False,5,0,0,0.0000,True,0,4,0.001
"Graph atlas n<=7",atlas_1226,7,16,5,5,5,5,5,5,5,5,5,5,5,5,5,c1+c2+c3+c4+c5+c6+c7+c8+c10+c11,,0,0,0,c1+c2+c3+c4+c5+c6+c7+c8+c9+c10+c11,False,5,0,0,0.0000,True,0,5,0.001
"Graph atlas n<=7",atlas_1227,7,16,5,5,5,5,5,5,6,5,5,5,5,5,5,c1+c2+c3+c4+c5+c6+c8+c10+c11,,0,0,0,c1+c2+c3+c4+c5+c6+c7+c8+c9+c10+c11,False,5,0,0,0.0000,True,0,4,0.001
"Graph atlas n<=7",atlas_1228,7,16,5,5,5,5,5,5,6,5,5,5,5,5,5,c1+c2+c3+c4+c5+c6+c8+c10+c11,,0,0,0,c1+c2+c3+c4+c5+c6+c7+c8+c9+c10+c11,False,5,0,0,0.0000,True,0,4,0.001
"Graph atlas n<=7",atlas_1229,7,16,5,4,4,4,5,5,6,4,4,4,4,4,4,c2+c3+c4+c8+c10+c11,,0,0,0,c1+c2+c3+c4+c5+c6+c7+c8+c9+c10+c11,False,4,0,0,0.0000,True,0,5,0.001
"Graph atlas n<=7",atlas_1230,7,16,5,5,5,5,5,5,5,5,5,5,5,5,5,c1+c2+c3+c4+c5+c6+c7+c8+c10+c11,,0,0,0,c1+c2+c3+c4+c5+c6+c7+c8+c9+c10+c11,False,5,0,0,0.0000,True,0,4,0.001
"Graph atlas n<=7",atlas_1231,7,16,5,5,5,5,5,5,5,5,5,5,5,5,5,c1+c2+c3+c4+c5+c6+c7+c8+c10+c11,,0,0,0,c1+c2+c3+c4+c5+c6+c7+c8+c9+c10+c11,False,5,0,0,0.0000,True,0,4,0.001
"Graph atlas n<=7",atlas_1232,7,16,5,5,5,5,5,5,5,5,5,5,5,5,5,c1+c2+c3+c4+c5+c6+c7+c8+c10+c11,,0,0,0,c1+c2+c3+c4+c5+c6+c7+c8+c9+c10+c11,False,5,0,0,0.0000,True,0,5,0.001
"Graph atlas n<=7",atlas_1233,7,16,5,4,4,4,5,4,4,4,4,4,4,4,4,c2+c3+c4+c6+c7+c8+c10+c11,,0,0,0,c1+c2+c3+c4+c5+c6+c7+c8+c9+c10+c11,False,4,0,0,0.0000,True,0,4,0.001
"Graph atlas n<=7",atlas_1234,7,17,5,5,5,5,5,5,5,5,5,5,5,5,5,c1+c2+c3+c4+c5+c6+c7+c8+c10+c11,,0,0,0,c1+c2+c3+c4+c5+c6+c7+c8+c9+c10+c11,False,5,0,0,0.0000,True,0,5,0.001
"Graph atlas n<=7",atlas_1235,7,17,4,4,4,4,4,4,4,4,4,4,4,4,4,c1+c2+c3+c4+c5+c6+c7+c8+c10+c11,,0,0,0,c1+c2+c3+c4+c5+c6+c7+c8+c9+c10+c11,False,4,0,0,0.0000,True,0,4,0.001
"Graph atlas n<=7",atlas_1236,7,17,6,5,5,5,6,5,5,5,5,5,5,5,5,c2+c3+c4+c6+c7+c8+c10+c11,,0,0,0,c1+c2+c3+c4+c5+c6+c7+c8+c9+c10+c11,False,5,0,0,0.0000,True,0,4,0.001
"Graph atlas n<=7",atlas_1237,7,17,6,5,5,5,6,5,5,5,5,5,5,5,5,c2+c3+c4+c6+c7+c8+c10+c11,,0,0,0,c1+c2+c3+c4+c5+c6+c7+c8+c9+c10+c11,False,5,0,0,0.0000,True,0,5,0.001
"Graph atlas n<=7",atlas_1238,7,17,5,5,5,5,5,5,5,5,5,5,5,5,5,c1+c2+c3+c4+c5+c6+c7+c8+c10+c11,,0,0,0,c1+c2+c3+c4+c5+c6+c7+c8+c9+c10+c11,False,5,0,0,0.0000,True,0,4,0.001
"Graph atlas n<=7",atlas_1239,7,17,6,5,5,5,6,5,5,5,5,5,5,5,5,c2+c3+c4+c6+c7+c8+c10+c11,,0,0,0,c1+c2+c3+c4+c5+c6+c7+c8+c9+c10+c11,False,5,0,0,0.0000,True,0,4,0.001
"Graph atlas n<=7",atlas_1240,7,17,6,4,4,4,6,4,4,4,4,4,4,4,4,c2+c3+c4+c6+c7+c8+c10+c11,,0,0,0,c1+c2+c3+c4+c5+c6+c7+c8+c9+c10+c11,False,4,0,0,0.0000,True,0,4,0.001
"Graph atlas n<=7",atlas_1241,7,17,5,5,5,5,5,5,5,5,5,5,5,5,5,c1+c2+c3+c4+c5+c6+c7+c8+c10+c11,,0,0,0,c1+c2+c3+c4+c5+c6+c7+c8+c9+c10+c11,False,5,0,0,0.0000,True,0,4,0.001
"Graph atlas n<=7",atlas_1242,7,17,6,5,5,5,6,5,5,5,5,5,5,5,5,c2+c3+c4+c6+c7+c8+c10+c11,,0,0,0,c1+c2+c3+c4+c5+c6+c7+c8+c9+c10+c11,False,5,0,0,0.0000,True,0,5,0.001
"Graph atlas n<=7",atlas_1243,7,17,5,5,5,5,5,5,5,5,5,5,5,5,5,c1+c2+c3+c4+c5+c6+c7+c8+c10+c11,,0,0,0,c1+c2+c3+c4+c5+c6+c7+c8+c9+c10+c11,False,5,0,0,0.0000,True,0,5,0.001
"Graph atlas n<=7",atlas_1244,7,18,5,5,5,5,5,5,5,5,5,5,5,5,5,c1+c2+c3+c4+c5+c6+c7+c8+c10+c11,,0,0,0,c1+c2+c3+c4+c5+c6+c7+c8+c9+c10+c11,False,5,0,0,0.0000,True,0,5,0.001
"Graph atlas n<=7",atlas_1245,7,18,4,4,4,4,4,4,4,4,4,4,4,4,4,c1+c2+c3+c4+c5+c6+c7+c8+c10+c11,,0,0,0,c1+c2+c3+c4+c5+c6+c7+c8+c9+c10+c11,False,4,0,0,0.0000,True,0,4,0.001
"Graph atlas n<=7",atlas_1246,7,18,5,5,5,5,5,5,5,5,5,5,5,5,5,c1+c2+c3+c4+c5+c6+c7+c8+c10+c11,,0,0,0,c1+c2+c3+c4+c5+c6+c7+c8+c9+c10+c11,False,5,0,0,0.0000,True,0,4,0.002
"Graph atlas n<=7",atlas_1247,7,18,5,5,5,5,5,5,5,5,5,5,5,5,5,c1+c2+c3+c4+c5+c6+c7+c8+c10+c11,,0,0,0,c1+c2+c3+c4+c5+c6+c7+c8+c9+c10+c11,False,5,0,0,0.0000,True,0,5,0.001
"Graph atlas n<=7",atlas_1248,7,18,6,5,5,5,6,5,5,5,5,5,5,5,5,c2+c3+c4+c6+c7+c8+c10+c11,,0,0,0,c1+c2+c3+c4+c5+c6+c7+c8+c9+c10+c11,False,5,0,0,0.0000,True,0,5,0.001
"Graph atlas n<=7",atlas_1249,7,19,5,5,5,5,5,5,5,5,5,5,5,5,5,c1+c2+c3+c4+c5+c6+c7+c8+c10+c11,,0,0,0,c1+c2+c3+c4+c5+c6+c7+c8+c9+c10+c11,False,5,0,0,0.0000,True,0,5,0.001
"Graph atlas n<=7",atlas_1250,7,19,6,5,5,5,6,5,5,5,5,5,5,5,5,c2+c3+c4+c6+c7+c8+c10+c11,,0,0,0,c1+c2+c3+c4+c5+c6+c7+c8+c9+c10+c11,False,5,0,0,0.0000,True,0,5,0.001
"Graph atlas n<=7",atlas_1251,7,20,6,5,5,5,6,5,5,5,5,5,5,5,5,c2+c3+c4+c6+c7+c8+c10+c11,,0,0,0,c1+c2+c3+c4+c5+c6+c7+c8+c9+c10+c11,False,5,0,0,0.0000,True,0,5,0.001
"Graph atlas n<=7",atlas_1252,7,21,6,6,6,6,6,6,6,6,6,6,6,6,6,c1+c2+c3+c4+c5+c6+c7+c8+c10+c11,,0,0,0,c1+c2+c3+c4+c5+c6+c7+c8+c9+c10+c11,False,6,0,0,0.0000,True,0,6,0.001
"Random general (exact, n<=12)",randgen_12,12,24,8,7,7,7,8,7,8,7,7,7,7,7,7,c2+c3+c4+c6+c8+c10+c11,,0,0,0,c1+c2+c3+c4+c5+c6+c7+c8+c9+c10+c11,False,7,0,0,0.0000,True,0,4,0.002
"Random general (exact, n<=12)",randgen_7,7,7,3,3,3,3,3,3,3,3,3,3,3,3,3,c1+c2+c3+c4+c5+c6+c7+c8+c10+c11,,0,0,0,c1+c2+c3+c4+c5+c6+c7+c8+c9+c10+c11,True,4,0,2,1.0000,True,0,2,0.002
"Random general (exact, n<=12)",randgen_12,12,12,5,6,5,5,5,5,6,5,5,5,5,5,5,c1+c3+c4+c5+c6+c8+c10+c11,,0,0,0,c1+c2+c3+c4+c5+c6+c7+c8+c9+c10+c11,False,5,0,1,0.1667,True,0,2,0.001
"Random general (exact, n<=12)",randgen_11,11,20,7,7,7,7,7,7,7,7,7,7,7,7,7,c1+c2+c3+c4+c5+c6+c7+c8+c10+c11,,0,0,0,c1+c2+c3+c4+c5+c6+c7+c8+c9+c10+c11,False,7,0,0,0.0000,True,0,4,0.002
"Random general (exact, n<=12)",randgen_12,12,23,6,6,7,7,6,7,6,7,6,6,6,6,6,c1+c2+c5+c7+c10+c11,,0,0,0,c1+c2+c3+c5+c6+c7+c8+c9+c10+c11,False,6,0,0,0.0000,True,0,4,0.001
"Random general (exact, n<=12)",randgen_8,8,4,2,2,2,2,2,2,2,2,2,2,2,2,2,c1+c2+c3+c4+c5+c6+c7+c8+c10+c11,,0,0,0,c1+c2+c3+c4+c5+c6+c7+c8+c9+c10+c11,True,2,0,1,1.0000,True,0,1,0.001
"Random general (exact, n<=12)",randgen_10,10,21,6,6,6,6,6,6,6,6,6,6,6,6,6,c1+c2+c3+c4+c5+c6+c7+c8+c10+c11,,0,0,0,c1+c2+c3+c4+c5+c6+c7+c8+c9+c10+c11,False,6,0,0,0.0000,True,0,4,0.001
"Random general (exact, n<=12)",randgen_10,10,9,5,5,5,5,5,5,5,5,5,5,5,5,5,c1+c2+c3+c4+c5+c6+c7+c8+c10+c11,,0,0,0,c1+c2+c3+c4+c5+c6+c7+c8+c9+c10+c11,False,5,0,0,0.0000,True,0,2,0.001
"Random general (exact, n<=12)",randgen_7,7,11,3,3,3,3,3,4,4,3,3,3,3,3,3,c1+c2+c3+c4+c5+c8+c10+c11,,0,0,0,c1+c2+c3+c4+c5+c6+c7+c8+c9+c10+c11,False,3,0,0,0.0000,True,0,4,0.001
"Random general (exact, n<=12)",randgen_11,11,7,4,4,4,4,4,4,4,4,4,4,4,4,4,c1+c2+c3+c4+c5+c6+c7+c8+c10+c11,,0,0,0,c1+c2+c3+c4+c5+c6+c7+c8+c9+c10+c11,True,4,0,1,1.0000,True,0,1,0.001
"Random general (exact, n<=12)",randgen_8,8,6,3,3,3,3,3,3,3,3,3,3,3,3,3,c1+c2+c3+c4+c5+c6+c7+c8+c10+c11,,0,0,0,c1+c2+c3+c4+c5+c6+c7+c8+c9+c10+c11,True,4,0,1,1.0000,True,0,1,0.001
"Random general (exact, n<=12)",randgen_10,10,31,8,7,7,7,8,7,8,7,7,7,7,7,7,c2+c3+c4+c6+c8+c10+c11,,0,0,0,c1+c2+c3+c4+c5+c6+c7+c8+c9+c10+c11,False,7,0,0,0.0000,True,0,6,0.001
"Random general (exact, n<=12)",randgen_12,12,15,5,6,5,5,5,5,6,5,5,5,5,5,5,c1+c3+c4+c5+c6+c8+c10+c11,,0,0,0,c1+c2+c3+c4+c5+c6+c7+c8+c9+c10+c11,False,5,0,0,0.0000,True,0,3,0.002
"Random general (exact, n<=12)",randgen_12,12,16,6,6,6,6,6,6,6,6,6,6,6,6,6,c1+c2+c3+c4+c5+c6+c7+c8+c10+c11,,0,0,0,c1+c2+c3+c4+c5+c6+c7+c8+c9+c10+c11,False,6,0,0,0.0000,True,0,2,0.001
"Random general (exact, n<=12)",randgen_9,9,14,6,6,5,5,6,5,6,5,5,5,5,5,5,c3+c4+c6+c8+c10+c11,,0,0,0,c1+c2+c3+c4+c5+c6+c7+c8+c9+c10+c11,False,5,0,0,0.0000,True,0,3,0.001
"Random general (exact, n<=12)",randgen_12,12,23,7,7,7,7,7,7,7,7,7,7,7,7,7,c1+c2+c3+c4+c5+c6+c7+c8+c10+c11,,0,0,0,c1+c2+c3+c4+c5+c6+c7+c8+c9+c10+c11,False,7,0,0,0.0000,True,0,4,0.001
"Random general (exact, n<=12)",randgen_12,12,42,10,9,9,9,10,9,10,9,9,9,9,9,9,c2+c3+c4+c6+c8+c10+c11,,0,0,0,c1+c2+c3+c4+c5+c6+c7+c8+c9+c10+c11,False,9,0,0,0.0000,True,0,7,0.002
"Random general (exact, n<=12)",randgen_9,9,9,4,4,4,4,4,4,4,4,4,4,4,4,4,c1+c2+c3+c4+c5+c6+c7+c8+c10+c11,,0,0,0,c1+c2+c3+c4+c5+c6+c7+c8+c9+c10+c11,False,4,0,0,0.0000,True,0,2,0.001
"Random general (exact, n<=12)",randgen_12,12,11,5,5,5,5,5,5,5,5,5,5,5,5,5,c1+c2+c3+c4+c5+c6+c7+c8+c10+c11,,0,0,0,c1+c2+c3+c4+c5+c6+c7+c8+c9+c10+c11,False,5,0,1,0.3000,True,0,3,0.001
"Random general (exact, n<=12)",randgen_8,8,7,3,4,3,3,3,3,3,3,3,3,3,3,3,c1+c3+c4+c5+c6+c7+c8+c10+c11,,0,0,0,c1+c2+c3+c4+c5+c6+c7+c8+c9+c10+c11,True,5,0,1,1.0000,True,0,1,0.001
"Random general (exact, n<=12)",randgen_9,9,18,6,5,5,5,6,5,6,5,5,5,5,5,5,c2+c3+c4+c6+c8+c10+c11,,0,0,0,c1+c2+c3+c4+c5+c6+c7+c8+c9+c10+c11,False,5,0,0,0.0000,True,0,4,0.001
"Random general (exact, n<=12)",randgen_11,11,30,8,8,8,8,8,8,8,8,8,8,8,8,8,c1+c2+c3+c4+c5+c6+c7+c8+c10+c11,,0,0,0,c1+c2+c3+c4+c5+c6+c7+c8+c9+c10+c11,False,8,0,0,0.0000,True,0,6,0.002
"Random general (exact, n<=12)",randgen_10,10,9,4,4,4,4,4,4,4,4,4,4,4,4,4,c1+c2+c3+c4+c5+c6+c7+c8+c10+c11,,0,0,0,c1+c2+c3+c4+c5+c6+c7+c8+c9+c10+c11,False,4,0,0,0.0000,True,0,2,0.001
"Random general (exact, n<=12)",randgen_8,8,9,4,4,4,4,4,4,4,4,4,4,4,4,4,c1+c2+c3+c4+c5+c6+c7+c8+c10+c11,,0,0,0,c1+c2+c3+c4+c5+c6+c7+c8+c9+c10+c11,False,4,0,0,0.0000,True,0,2,0.001
"Random general (exact, n<=12)",randgen_11,11,32,8,8,8,8,8,8,8,8,8,8,8,8,8,c1+c2+c3+c4+c5+c6+c7+c8+c10+c11,,0,0,0,c1+c2+c3+c4+c5+c6+c7+c8+c9+c10+c11,False,8,0,0,0.0000,True,0,6,0.002
"Random general (exact, n<=12)",randgen_7,7,2,1,1,1,1,1,1,1,1,1,1,1,1,1,c1+c2+c3+c4+c5+c6+c7+c8+c10+c11,,0,0,0,c1+c2+c3+c4+c5+c6+c7+c8+c9+c10+c11,True,1,0,1,1.0000,True,0,1,0.001
"Random general (exact, n<=12)",randgen_8,8,7,3,4,3,3,3,3,3,3,3,3,3,3,3,c1+c3+c4+c5+c6+c7+c8+c10+c11,,0,0,0,c1+c2+c3+c4+c5+c6+c7+c8+c9+c10+c11,True,3,0,1,1.0000,True,0,1,0.001
"Random general (exact, n<=12)",randgen_12,12,9,5,5,5,5,5,5,5,5,5,5,5,5,5,c1+c2+c3+c4+c5+c6+c7+c8+c10+c11,,0,0,0,c1+c2+c3+c4+c5+c6+c7+c8+c9+c10+c11,False,5,0,1,0.4545,True,0,2,0.001
"Random general (exact, n<=12)",randgen_8,8,14,6,5,5,5,6,5,5,5,5,5,5,5,5,c2+c3+c4+c6+c7+c8+c10+c11,,0,0,0,c1+c2+c3+c4+c5+c6+c7+c8+c9+c10+c11,False,5,0,0,0.0000,True,0,4,0.001
"Random general (exact, n<=12)",randgen_10,10,30,8,7,7,7,8,8,8,7,7,7,7,7,7,c2+c3+c4+c8+c10+c11,,0,0,0,c1+c2+c3+c4+c5+c6+c7+c8+c9+c10+c11,False,7,0,0,0.0000,True,0,6,0.001
"Random general (exact, n<=12)",randgen_11,11,31,8,8,8,8,8,8,8,8,8,8,8,8,8,c1+c2+c3+c4+c5+c6+c7+c8+c10+c11,,0,0,0,c1+c2+c3+c4+c5+c6+c7+c8+c9+c10+c11,False,8,0,0,0.0000,True,0,5,0.002
"Random general (exact, n<=12)",randgen_12,12,32,8,8,9,8,8,9,8,8,8,8,8,8,8,c1+c2+c4+c5+c7+c8+c10+c11,,0,0,0,c1+c2+c3+c4+c5+c6+c7+c8+c9+c10+c11,False,8,0,0,0.0000,True,0,6,0.002
"Random general (exact, n<=12)",randgen_10,10,12,4,4,4,4,4,4,4,4,4,4,4,4,4,c1+c2+c3+c4+c5+c6+c7+c8+c10+c11,,0,0,0,c1+c2+c3+c4+c5+c6+c7+c8+c9+c10+c11,False,4,0,0,0.0000,True,0,3,0.001
"Random general (exact, n<=12)",randgen_11,11,15,6,6,6,6,6,6,6,6,6,6,6,6,6,c1+c2+c3+c4+c5+c6+c7+c8+c10+c11,,0,0,0,c1+c2+c3+c4+c5+c6+c7+c8+c9+c10+c11,False,6,0,0,0.0000,True,0,3,0.001
"Random general (exact, n<=12)",randgen_11,11,12,5,6,5,5,5,6,5,5,5,5,5,5,5,c1+c3+c4+c5+c7+c8+c10+c11,,0,0,0,c1+c3+c4+c5+c6+c7+c8+c9+c10+c11,False,5,0,0,0.0000,True,0,2,0.001
"Random general (exact, n<=12)",randgen_8,8,11,4,4,4,4,4,4,4,4,4,4,4,4,4,c1+c2+c3+c4+c5+c6+c7+c8+c10+c11,,0,0,0,c1+c2+c3+c4+c5+c6+c7+c8+c9+c10+c11,False,4,0,0,0.0000,True,0,3,0.001
"Random general (exact, n<=12)",randgen_7,7,11,5,4,4,4,5,5,5,4,4,4,4,4,4,c2+c3+c4+c8+c10+c11,,0,0,0,c1+c2+c3+c4+c5+c6+c7+c8+c9+c10+c11,False,4,0,0,0.0000,True,0,3,0.001
"Random general (exact, n<=12)",randgen_10,10,26,7,7,7,7,7,7,7,7,7,7,7,7,7,c1+c2+c3+c4+c5+c6+c7+c8+c10+c11,,0,0,0,c1+c2+c3+c4+c5+c6+c7+c8+c9+c10+c11,False,7,0,0,0.0000,True,0,5,0.002
"Random general (exact, n<=12)",randgen_12,12,8,3,3,3,3,3,3,3,3,3,3,3,3,3,c1+c2+c3+c4+c5+c6+c7+c8+c10+c11,,0,0,0,c1+c2+c3+c4+c5+c6+c7+c8+c9+c10+c11,False,3,0,0,0.0000,True,0,2,0.001
"Random general (exact, n<=12)",randgen_10,10,17,6,6,6,6,6,6,6,6,6,6,6,6,6,c1+c2+c3+c4+c5+c6+c7+c8+c10+c11,,0,0,0,c1+c2+c3+c4+c5+c6+c7+c8+c9+c10+c11,False,6,0,0,0.0000,True,0,3,0.001
"Random general (exact, n<=12)",randgen_12,12,25,8,8,8,8,8,8,8,8,8,8,8,8,8,c1+c2+c3+c4+c5+c6+c7+c8+c10+c11,,0,0,0,c1+c2+c3+c4+c5+c6+c7+c8+c9+c10+c11,False,8,0,0,0.0000,True,0,5,0.002
"Random general (exact, n<=12)",randgen_7,7,12,4,5,4,4,4,4,4,4,4,4,4,4,4,c1+c3+c4+c5+c6+c7+c8+c10+c11,,0,0,0,c1+c2+c3+c4+c5+c6+c7+c8+c9+c10+c11,False,4,0,0,0.0000,True,0,3,0.001
"Random general (exact, n<=12)",randgen_7,7,5,2,2,2,2,2,2,2,2,2,2,2,2,2,c1+c2+c3+c4+c5+c6+c7+c8+c10+c11,,0,0,0,c1+c2+c3+c4+c5+c6+c7+c8+c9+c10+c11,False,2,0,0,0.0000,True,0,2,0.001
"Random general (exact, n<=12)",randgen_8,8,9,4,4,4,4,4,4,4,4,4,4,4,4,4,c1+c2+c3+c4+c5+c6+c7+c8+c10+c11,,0,0,0,c1+c2+c3+c4+c5+c6+c7+c8+c9+c10+c11,False,4,0,0,0.0000,True,0,3,0.001
"Random general (exact, n<=12)",randgen_12,12,29,7,7,7,7,7,7,7,7,7,7,7,7,7,c1+c2+c3+c4+c5+c6+c7+c8+c10+c11,,0,0,0,c1+c2+c3+c4+c5+c6+c7+c8+c9+c10+c11,False,7,0,0,0.0000,True,0,5,0.002
"Random general (exact, n<=12)",randgen_11,11,13,5,5,5,5,5,5,5,5,5,5,5,5,5,c1+c2+c3+c4+c5+c6+c7+c8+c10+c11,,0,0,0,c1+c2+c3+c4+c5+c6+c7+c8+c9+c10+c11,False,5,0,0,0.0000,True,0,3,0.001
"Random general (exact, n<=12)",randgen_8,8,13,5,4,5,4,5,4,5,4,4,4,4,4,4,c2+c4+c6+c8+c10+c11,,0,0,0,c1+c2+c3+c4+c5+c6+c7+c8+c9+c10+c11,False,4,0,0,0.0000,True,0,3,0.001
"Random general (exact, n<=12)",randgen_10,10,12,5,6,4,4,5,5,4,4,4,4,4,4,4,c3+c4+c7+c8+c10+c11,,0,0,0,c1+c2+c3+c4+c5+c6+c7+c8+c9+c10+c11,False,4,0,0,0.0000,True,0,3,0.001
"Random general (exact, n<=12)",randgen_7,7,8,3,3,3,3,3,3,3,3,3,3,3,3,3,c1+c2+c3+c4+c5+c6+c7+c8+c10+c11,,0,0,0,c1+c2+c3+c4+c5+c6+c7+c8+c9+c10+c11,False,3,0,0,0.0000,True,0,2,0.001
"Random general (exact, n<=12)",randgen_8,8,9,4,5,4,4,4,4,4,4,4,4,4,4,4,c1+c3+c4+c5+c6+c7+c8+c10+c11,,0,0,0,c1+c2+c3+c4+c5+c6+c7+c8+c9+c10+c11,False,4,0,0,0.0000,True,0,2,0.001
"Random general (exact, n<=12)",randgen_11,11,16,5,5,5,5,5,5,5,5,5,5,5,5,5,c1+c2+c3+c4+c5+c6+c7+c8+c10+c11,,0,0,0,c1+c2+c3+c4+c5+c6+c7+c8+c9+c10+c11,False,5,0,0,0.0000,True,0,3,0.001
"Random general (exact, n<=12)",randgen_12,12,41,9,8,8,8,9,8,9,8,8,8,8,8,8,c2+c3+c4+c6+c8+c10+c11,,0,0,0,c1+c2+c3+c4+c5+c6+c7+c8+c9+c10+c11,False,8,0,0,0.0000,True,0,7,0.002
"Random general (exact, n<=12)",randgen_8,8,6,3,3,3,3,3,3,3,3,3,3,3,3,3,c1+c2+c3+c4+c5+c6+c7+c8+c10+c11,,0,0,0,c1+c2+c3+c4+c5+c6+c7+c8+c9+c10+c11,True,3,0,2,1.0000,True,0,2,0.001
"Random general (exact, n<=12)",randgen_8,8,15,5,5,5,5,5,5,5,5,5,5,5,5,5,c1+c2+c3+c4+c5+c6+c7+c8+c10+c11,,0,0,0,c1+c2+c3+c4+c5+c6+c7+c8+c9+c10+c11,False,5,0,0,0.0000,True,0,3,0.001
"Random general (exact, n<=12)",randgen_12,12,26,6,6,6,6,6,6,6,6,6,6,6,6,6,c1+c2+c3+c4+c5+c6+c7+c8+c10+c11,,0,0,0,c1+c2+c3+c4+c5+c6+c7+c8+c9+c10+c11,False,6,0,0,0.0000,True,0,5,0.001
"Random general (exact, n<=12)",randgen_11,11,23,7,7,7,7,7,7,7,7,7,7,7,7,7,c1+c2+c3+c4+c5+c6+c7+c8+c10+c11,,0,0,0,c1+c2+c3+c4+c5+c6+c7+c8+c9+c10+c11,False,7,0,0,0.0000,True,0,4,0.001
"Random general (exact, n<=12)",randgen_9,9,16,6,6,6,6,6,6,6,6,6,6,6,6,6,c1+c2+c3+c4+c5+c6+c7+c8+c10+c11,,0,0,0,c1+c2+c3+c4+c5+c6+c7+c8+c9+c10+c11,False,6,0,0,0.0000,True,0,3,0.001
"Random general (exact, n<=12)",randgen_8,8,16,5,5,5,5,5,5,5,5,5,5,5,5,5,c1+c2+c3+c4+c5+c6+c7+c8+c10+c11,,0,0,0,c1+c2+c3+c4+c5+c6+c7+c8+c9+c10+c11,False,5,0,0,0.0000,True,0,4,0.001
"Random general (exact, n<=12)",randgen_11,11,31,8,8,8,8,8,8,8,8,8,8,8,8,8,c1+c2+c3+c4+c5+c6+c7+c8+c10+c11,,0,0,0,c1+c2+c3+c4+c5+c6+c7+c8+c9+c10+c11,False,8,0,0,0.0000,True,0,6,0.002
"Random general (exact, n<=12)",randgen_10,10,14,5,5,5,5,5,5,5,5,5,5,5,5,5,c1+c2+c3+c4+c5+c6+c7+c8+c10+c11,,0,0,0,c1+c2+c3+c4+c5+c6+c7+c8+c9+c10+c11,False,5,0,0,0.0000,True,0,3,0.001
"Random general (exact, n<=12)",randgen_10,10,27,7,7,7,7,7,7,7,7,7,7,7,7,7,c1+c2+c3+c4+c5+c6+c7+c8+c10+c11,,0,0,0,c1+c2+c3+c4+c5+c6+c7+c8+c9+c10+c11,False,7,0,0,0.0000,True,0,6,0.002
"Random general (exact, n<=12)",randgen_9,9,16,5,5,5,5,5,5,5,5,5,5,5,5,5,c1+c2+c3+c4+c5+c6+c7+c8+c10+c11,,0,0,0,c1+c2+c3+c4+c5+c6+c7+c8+c9+c10+c11,False,5,0,0,0.0000,True,0,3,0.001
"Random general (exact, n<=12)",randgen_7,7,12,4,4,4,4,4,4,4,4,4,4,4,4,4,c1+c2+c3+c4+c5+c6+c7+c8+c10+c11,,0,0,0,c1+c2+c3+c4+c5+c6+c7+c8+c9+c10+c11,False,4,0,0,0.0000,True,0,3,0.001
"Random general (exact, n<=12)",randgen_10,10,11,4,5,5,4,4,5,4,4,4,4,4,4,4,c1+c4+c5+c7+c8+c10+c11,,0,0,0,c1+c2+c3+c4+c5+c6+c7+c8+c9+c10+c11,True,6,0,2,1.0000,True,0,2,0.002
"Random general (exact, n<=12)",randgen_11,11,23,7,7,7,7,7,7,7,7,7,7,7,7,7,c1+c2+c3+c4+c5+c6+c7+c8+c10+c11,,0,0,0,c1+c2+c3+c4+c5+c6+c7+c8+c9+c10+c11,False,7,0,0,0.0000,True,0,5,0.001
"Random general (exact, n<=12)",randgen_10,10,14,5,5,5,5,5,5,5,5,5,5,5,5,5,c1+c2+c3+c4+c5+c6+c7+c8+c10+c11,,0,0,0,c1+c2+c3+c4+c5+c6+c7+c8+c9+c10+c11,False,5,0,0,0.0000,True,0,4,0.001
"Random general (exact, n<=12)",randgen_9,9,9,3,3,3,3,3,3,3,3,3,3,3,3,3,c1+c2+c3+c4+c5+c6+c7+c8+c10+c11,,0,0,0,c1+c2+c3+c4+c5+c6+c7+c8+c9+c10+c11,True,3,0,2,1.0000,True,0,2,0.002
"Random general (exact, n<=12)",randgen_8,8,7,4,4,3,3,4,4,3,3,3,3,3,3,3,c3+c4+c7+c8+c10+c11,,0,0,0,c1+c2+c3+c4+c5+c6+c7+c8+c9+c10+c11,False,3,0,0,0.0000,True,0,2,0.001
"Random general (exact, n<=12)",randgen_9,9,18,5,5,5,5,5,5,5,5,5,5,5,5,5,c1+c2+c3+c4+c5+c6+c7+c8+c10+c11,,0,0,0,c1+c2+c3+c4+c5+c6+c7+c8+c9+c10+c11,False,5,0,0,0.0000,True,0,4,0.001
"Random general (exact, n<=12)",randgen_10,10,30,8,7,7,7,8,7,8,7,7,7,7,7,7,c2+c3+c4+c6+c8+c10+c11,,0,0,0,c1+c2+c3+c4+c5+c6+c7+c8+c9+c10+c11,False,7,0,0,0.0000,True,0,5,0.002
"Random general (exact, n<=12)",randgen_10,10,24,7,6,6,6,7,7,7,6,6,6,6,6,6,c2+c3+c4+c8+c10+c11,,0,0,0,c1+c2+c3+c4+c5+c6+c7+c8+c9+c10+c11,False,6,0,0,0.0000,True,0,5,0.001
"Random general (exact, n<=12)",randgen_12,12,36,10,9,8,8,10,8,10,8,8,8,8,8,8,c3+c4+c6+c8+c10+c11,,0,0,0,c1+c2+c3+c4+c5+c6+c7+c8+c9+c10+c11,False,8,0,0,0.0000,True,0,6,0.002
"Random general (exact, n<=12)",randgen_7,7,5,3,3,3,3,3,3,3,3,3,3,3,3,3,c1+c2+c3+c4+c5+c6+c7+c8+c10+c11,,0,0,0,c1+c2+c3+c4+c5+c6+c7+c8+c9+c10+c11,True,3,0,1,1.0000,True,0,1,0.001
"Random general (exact, n<=12)",randgen_11,11,38,9,8,9,9,9,9,9,8,8,8,8,8,8,c2+c8+c10+c11,,0,0,0,c1+c2+c3+c4+c5+c6+c7+c8+c9+c10+c11,False,8,0,0,0.0000,True,0,7,0.002
"Random general (exact, n<=12)",randgen_10,10,16,5,5,5,5,5,5,5,5,5,5,5,5,5,c1+c2+c3+c4+c5+c6+c7+c8+c10+c11,,0,0,0,c1+c2+c3+c4+c5+c6+c7+c8+c9+c10+c11,False,5,0,0,0.0000,True,0,3,0.001
"Random general (exact, n<=12)",randgen_7,7,8,5,4,4,4,5,4,4,4,4,4,4,4,4,c2+c3+c4+c6+c7+c8+c10+c11,,0,0,0,c1+c2+c3+c4+c5+c6+c7+c8+c9+c10+c11,False,4,0,0,0.0000,True,0,2,0.001
"Random general (exact, n<=12)",randgen_10,10,13,5,5,5,5,5,5,5,5,5,5,5,5,5,c1+c2+c3+c4+c5+c6+c7+c8+c10+c11,,0,0,0,c1+c2+c3+c4+c5+c6+c7+c8+c9+c10+c11,False,5,0,0,0.0000,True,0,3,0.001
"Random general (exact, n<=12)",randgen_12,12,46,9,9,9,9,9,9,9,9,9,9,9,9,9,c1+c2+c3+c4+c5+c6+c7+c8+c10+c11,,0,0,0,c1+c2+c3+c4+c5+c6+c7+c8+c9+c10+c11,False,9,0,0,0.0000,True,0,7,0.002
"Random general (exact, n<=12)",randgen_7,7,11,4,4,4,4,4,4,4,4,4,4,4,4,4,c1+c2+c3+c4+c5+c6+c7+c8+c10+c11,,0,0,0,c1+c2+c3+c4+c5+c6+c7+c8+c9+c10+c11,False,4,0,0,0.0000,True,0,3,0.001
"Random general (exact, n<=12)",randgen_9,9,11,4,4,4,4,4,4,4,4,4,4,4,4,4,c1+c2+c3+c4+c5+c6+c7+c8+c10+c11,,0,0,0,c1+c2+c3+c4+c5+c6+c7+c8+c9+c10+c11,False,4,0,0,0.0000,True,0,2,0.001
"Random general (exact, n<=12)",randgen_11,11,25,7,6,6,6,7,6,6,6,6,6,6,6,6,c2+c3+c4+c6+c7+c8+c10+c11,,0,0,0,c1+c2+c3+c4+c5+c6+c7+c8+c9+c10+c11,False,6,0,0,0.0000,True,0,4,0.001
"Random general (exact, n<=12)",randgen_10,10,18,5,5,5,5,5,5,5,5,5,5,5,5,5,c1+c2+c3+c4+c5+c6+c7+c8+c10+c11,,0,0,0,c1+c2+c3+c4+c5+c6+c7+c8+c9+c10+c11,False,5,0,0,0.0000,True,0,4,0.001
"Random general (exact, n<=12)",randgen_11,11,25,6,6,6,6,6,6,6,6,6,6,6,6,6,c1+c2+c3+c4+c5+c6+c7+c8+c10+c11,,0,0,0,c1+c2+c3+c4+c5+c6+c7+c8+c9+c10+c11,False,6,0,0,0.0000,True,0,5,0.001
"Random general (exact, n<=12)",randgen_8,8,7,3,3,3,3,3,3,3,3,3,3,3,3,3,c1+c2+c3+c4+c5+c6+c7+c8+c10+c11,,0,0,0,c1+c2+c3+c4+c5+c6+c7+c8+c9+c10+c11,False,3,0,0,0.0000,True,0,2,0.001
"Random general (exact, n<=12)",randgen_7,7,7,3,3,3,3,3,3,3,3,3,3,3,3,3,c1+c2+c3+c4+c5+c6+c7+c8+c10+c11,,0,0,0,c1+c2+c3+c4+c5+c6+c7+c8+c9+c10+c11,False,3,0,0,0.0000,True,0,2,0.001
"Random general (exact, n<=12)",randgen_7,7,9,3,3,3,3,3,3,3,3,3,3,3,3,3,c1+c2+c3+c4+c5+c6+c7+c8+c10+c11,,0,0,0,c1+c2+c3+c4+c5+c6+c7+c8+c9+c10+c11,False,3,0,0,0.0000,True,0,3,0.001
"Random general (exact, n<=12)",randgen_7,7,5,2,2,2,2,2,2,2,2,2,2,2,2,2,c1+c2+c3+c4+c5+c6+c7+c8+c10+c11,,0,0,0,c1+c2+c3+c4+c5+c6+c7+c8+c9+c10+c11,True,2,0,1,1.0000,True,0,1,0.001
"Random general (exact, n<=12)",randgen_7,7,8,3,3,3,3,3,3,3,3,3,3,3,3,3,c1+c2+c3+c4+c5+c6+c7+c8+c10+c11,,0,0,0,c1+c2+c3+c4+c5+c6+c7+c8+c9+c10+c11,False,3,0,0,0.0000,True,0,2,0.001
"Random general (exact, n<=12)",randgen_10,10,10,6,5,5,5,6,5,6,5,5,5,5,5,5,c2+c3+c4+c6+c8+c10+c11,,0,0,0,c1+c2+c3+c4+c5+c6+c7+c8+c9+c10+c11,True,5,0,2,1.0000,True,0,2,0.002
"Random general (exact, n<=12)",randgen_11,11,33,9,8,8,8,9,8,8,8,8,8,8,8,8,c2+c3+c4+c6+c7+c8+c10+c11,,0,0,0,c1+c2+c3+c4+c5+c6+c7+c8+c9+c10+c11,False,8,0,0,0.0000,True,0,6,0.002
"Random general (exact, n<=12)",randgen_8,8,14,5,5,5,5,5,5,5,5,5,5,5,5,5,c1+c2+c3+c4+c5+c6+c7+c8+c10+c11,,0,0,0,c1+c2+c3+c4+c5+c6+c7+c8+c9+c10+c11,False,5,0,0,0.0000,True,0,4,0.001
"Random general (exact, n<=12)",randgen_8,8,12,4,4,4,4,4,4,4,4,4,4,4,4,4,c1+c2+c3+c4+c5+c6+c7+c8+c10+c11,,0,0,0,c1+c2+c3+c4+c5+c6+c7+c8+c9+c10+c11,False,4,0,0,0.0000,True,0,3,0.001
"Random general (exact, n<=12)",randgen_12,12,19,7,7,7,7,7,7,7,7,7,7,7,7,7,c1+c2+c3+c4+c5+c6+c7+c8+c10+c11,,0,0,0,c1+c2+c3+c4+c5+c6+c7+c8+c9+c10+c11,False,7,0,0,0.0000,True,0,4,0.002
"Random general (exact, n<=12)",randgen_7,7,2,2,2,2,2,2,2,2,2,2,2,2,2,2,c1+c2+c3+c4+c5+c6+c7+c8+c10+c11,,0,0,0,c1+c2+c3+c4+c5+c6+c7+c8+c9+c10+c11,True,2,0,1,1.0000,True,0,1,0.001
"Random general (exact, n<=12)",randgen_7,7,7,3,3,3,3,3,3,3,3,3,3,3,3,3,c1+c2+c3+c4+c5+c6+c7+c8+c10+c11,,0,0,0,c1+c2+c3+c4+c5+c6+c7+c8+c9+c10+c11,False,3,0,0,0.0000,True,0,2,0.001
"Random general (exact, n<=12)",randgen_7,7,9,4,4,4,4,4,4,4,4,4,4,4,4,4,c1+c2+c3+c4+c5+c6+c7+c8+c10+c11,,0,0,0,c1+c2+c3+c4+c5+c6+c7+c8+c9+c10+c11,False,4,0,0,0.0000,True,0,2,0.001
"Random general (exact, n<=12)",randgen_12,12,32,9,9,8,8,9,8,9,8,8,8,8,8,8,c3+c4+c6+c8+c10+c11,,0,0,0,c1+c2+c3+c4+c5+c6+c7+c8+c9+c10+c11,False,8,0,0,0.0000,True,0,6,0.002
"Random general (exact, n<=12)",randgen_10,10,12,5,5,5,5,5,5,5,5,5,5,5,5,5,c1+c2+c3+c4+c5+c6+c7+c8+c10+c11,,0,0,0,c1+c2+c3+c4+c5+c6+c7+c8+c9+c10+c11,False,5,0,0,0.0000,True,0,2,0.001
"Random general (exact, n<=12)",randgen_10,10,7,2,2,2,2,2,3,3,2,2,2,2,2,2,c1+c2+c3+c4+c5+c8+c10+c11,,0,0,0,c1+c2+c3+c4+c5+c6+c7+c8+c9+c10+c11,True,3,0,2,1.0000,True,0,2,0.001
"Random general (exact, n<=12)",randgen_11,11,16,6,6,6,6,6,6,6,6,6,6,6,6,6,c1+c2+c3+c4+c5+c6+c7+c8+c10+c11,,0,0,0,c1+c2+c3+c4+c5+c6+c7+c8+c9+c10+c11,False,6,0,0,0.0000,True,0,3,0.001
"Random general (exact, n<=12)",randgen_7,7,13,4,5,4,4,4,4,5,4,4,4,4,4,4,c1+c3+c4+c5+c6+c8+c10+c11,,0,0,0,c1+c2+c3+c4+c5+c6+c7+c8+c9+c10+c11,False,4,0,0,0.0000,True,0,3,0.001
"Random general (exact, n<=12)",randgen_10,10,20,6,6,6,6,6,6,6,6,6,6,6,6,6,c1+c2+c3+c4+c5+c6+c7+c8+c10+c11,,0,0,0,c1+c2+c3+c4+c5+c6+c7+c8+c9+c10+c11,False,6,0,0,0.0000,True,0,4,0.001
"Random general (exact, n<=12)",randgen_10,10,28,7,7,7,7,7,8,7,7,7,7,7,7,7,c1+c2+c3+c4+c5+c7+c8+c10+c11,,0,0,0,c1+c2+c3+c4+c5+c6+c7+c8+c9+c10+c11,False,7,0,0,0.0000,True,0,5,0.001
"Random general (exact, n<=12)",randgen_9,9,22,6,6,6,6,6,6,6,6,6,6,6,6,6,c1+c2+c3+c4+c5+c6+c7+c8+c10+c11,,0,0,0,c1+c2+c3+c4+c5+c6+c7+c8+c9+c10+c11,False,6,0,0,0.0000,True,0,4,0.001
"Random general (exact, n<=12)",randgen_10,10,14,5,5,5,5,5,5,5,5,5,5,5,5,5,c1+c2+c3+c4+c5+c6+c7+c8+c10+c11,,0,0,0,c1+c2+c3+c4+c5+c6+c7+c8+c9+c10+c11,False,5,0,0,0.0000,True,0,3,0.001
"Random general (exact, n<=12)",randgen_9,9,22,5,5,5,5,5,5,5,5,5,5,5,5,5,c1+c2+c3+c4+c5+c6+c7+c8+c10+c11,,0,0,0,c1+c2+c3+c4+c5+c6+c7+c8+c9+c10+c11,False,5,0,0,0.0000,True,0,4,0.001
"Random general (exact, n<=12)",randgen_9,9,18,5,5,6,5,5,6,6,5,5,5,5,5,5,c1+c2+c4+c5+c8+c10+c11,,0,0,0,c1+c2+c3+c4+c5+c6+c7+c8+c9+c10+c11,False,5,0,0,0.0000,True,0,4,0.001
"Random general (exact, n<=12)",randgen_10,10,9,5,5,5,5,5,5,5,5,5,5,5,5,5,c1+c2+c3+c4+c5+c6+c7+c8+c10+c11,,0,0,0,c1+c2+c3+c4+c5+c6+c7+c8+c9+c10+c11,False,5,0,0,0.0000,True,0,2,0.002
"Random general (exact, n<=12)",randgen_12,12,14,6,5,6,5,6,6,6,5,5,5,5,5,5,c2+c4+c8+c10+c11,,0,0,0,c1+c2+c3+c4+c5+c6+c7+c8+c9+c10+c11,False,5,0,0,0.0000,True,0,3,0.001
"Random general (exact, n<=12)",randgen_7,7,17,5,5,5,5,5,5,5,5,5,5,5,5,5,c1+c2+c3+c4+c5+c6+c7+c8+c10+c11,,0,0,0,c1+c2+c3+c4+c5+c6+c7+c8+c9+c10+c11,False,5,0,0,0.0000,True,0,4,0.001
"Random general (exact, n<=12)",randgen_7,7,15,5,4,5,4,5,5,6,4,4,4,4,4,4,c2+c4+c8+c10+c11,,0,0,0,c1+c2+c3+c4+c5+c6+c7+c8+c9+c10+c11,False,4,0,0,0.0000,True,0,4,0.001
"Random general (exact, n<=12)",randgen_10,10,22,7,6,6,6,7,6,6,6,6,6,6,6,6,c2+c3+c4+c6+c7+c8+c10+c11,,0,0,0,c1+c2+c3+c4+c5+c6+c7+c8+c9+c10+c11,False,6,0,0,0.0000,True,0,4,0.001
"Random general (exact, n<=12)",randgen_11,11,15,7,6,6,6,7,6,6,6,6,6,6,6,6,c2+c3+c4+c6+c7+c8+c10+c11,,0,0,0,c1+c2+c3+c4+c5+c6+c7+c8+c9+c10+c11,False,6,0,0,0.0000,True,0,3,0.001
"Random general (exact, n<=12)",randgen_12,12,28,9,8,8,8,9,8,9,8,8,8,8,8,8,c2+c3+c4+c6+c8+c10+c11,,0,0,0,c1+c2+c3+c4+c5+c6+c7+c8+c9+c10+c11,False,8,0,0,0.0000,True,0,5,0.002
"Random general (exact, n<=12)",randgen_7,7,13,5,4,4,4,5,4,5,4,4,4,4,4,4,c2+c3+c4+c6+c8+c10+c11,,0,0,0,c1+c2+c3+c4+c5+c6+c7+c8+c9+c10+c11,False,4,0,0,0.0000,True,0,3,0.001
"Random general (exact, n<=12)",randgen_12,12,39,9,9,9,9,9,9,10,9,9,9,9,9,9,c1+c2+c3+c4+c5+c6+c8+c10+c11,,0,0,0,c1+c2+c3+c4+c5+c6+c7+c8+c9+c10+c11,False,9,0,0,0.0000,True,0,7,0.002
"Random general (exact, n<=12)",randgen_12,12,22,7,7,7,7,7,7,7,7,7,7,7,7,7,c1+c2+c3+c4+c5+c6+c7+c8+c10+c11,,0,0,0,c1+c2+c3+c4+c5+c6+c7+c8+c9+c10+c11,False,7,0,0,0.0000,True,0,4,0.002
"Random general (exact, n<=12)",randgen_10,10,28,8,6,6,6,8,6,8,6,6,6,6,6,6,c2+c3+c4+c6+c8+c10+c11,,0,0,0,c1+c2+c3+c4+c5+c6+c7+c8+c9+c10+c11,False,6,0,0,0.0000,True,0,5,0.002
"Random general (exact, n<=12)",randgen_12,12,14,6,6,6,5,6,5,6,5,5,5,5,5,5,c4+c6+c8+c10+c11,,0,0,0,c1+c3+c4+c5+c6+c7+c8+c9+c10+c11,False,5,0,0,0.0000,True,0,2,0.001
"Random general (exact, n<=12)",randgen_12,12,39,9,9,9,9,9,9,9,9,9,9,9,9,9,c1+c2+c3+c4+c5+c6+c7+c8+c10+c11,,0,0,0,c1+c2+c3+c4+c5+c6+c7+c8+c9+c10+c11,False,9,0,0,0.0000,True,0,7,0.002
"Random general (exact, n<=12)",randgen_9,9,9,4,4,4,4,4,4,4,4,4,4,4,4,4,c1+c2+c3+c4+c5+c6+c7+c8+c10+c11,,0,0,0,c1+c2+c3+c4+c5+c6+c7+c8+c9+c10+c11,False,4,0,0,0.0000,True,0,2,0.001
"Random general (exact, n<=12)",randgen_7,7,9,4,4,4,4,4,4,4,4,4,4,4,4,4,c1+c2+c3+c4+c5+c6+c7+c8+c10+c11,,0,0,0,c1+c2+c3+c4+c5+c6+c7+c8+c9+c10+c11,False,4,0,0,0.0000,True,0,3,0.001
"Random general (exact, n<=12)",randgen_10,10,25,8,7,7,7,8,7,8,7,7,7,7,7,7,c2+c3+c4+c6+c8+c10+c11,,0,0,0,c1+c2+c3+c4+c5+c6+c7+c8+c9+c10+c11,False,7,0,0,0.0000,True,0,5,0.001
"Random general (exact, n<=12)",randgen_8,8,16,5,5,5,5,5,5,5,5,5,5,5,5,5,c1+c2+c3+c4+c5+c6+c7+c8+c10+c11,,0,0,0,c1+c2+c3+c4+c5+c6+c7+c8+c9+c10+c11,False,5,0,0,0.0000,True,0,4,0.001
"Random general (exact, n<=12)",randgen_10,10,28,8,7,7,7,8,7,8,7,7,7,7,7,7,c2+c3+c4+c6+c8+c10+c11,,0,0,0,c1+c2+c3+c4+c5+c6+c7+c8+c9+c10+c11,False,7,0,0,0.0000,True,0,6,0.001
"Random general (exact, n<=12)",randgen_12,12,44,9,9,9,9,9,9,9,9,9,9,9,9,9,c1+c2+c3+c4+c5+c6+c7+c8+c10+c11,,0,0,0,c1+c2+c3+c4+c5+c6+c7+c8+c9+c10+c11,False,9,0,0,0.0000,True,0,7,0.002
"Random general (exact, n<=12)",randgen_10,10,9,5,4,5,4,5,4,5,4,4,4,4,4,4,c2+c4+c6+c8+c10+c11,,0,0,0,c1+c2+c3+c4+c5+c6+c7+c8+c9+c10+c11,False,4,0,0,0.0000,True,0,2,0.001
"Random general (exact, n<=12)",randgen_11,11,18,7,7,7,7,7,7,7,7,7,7,7,7,7,c1+c2+c3+c4+c5+c6+c7+c8+c10+c11,,0,0,0,c1+c2+c3+c4+c5+c6+c7+c8+c9+c10+c11,False,7,0,0,0.0000,True,0,3,0.001
"Random general (exact, n<=12)",randgen_10,10,15,5,5,5,5,5,5,5,5,5,5,5,5,5,c1+c2+c3+c4+c5+c6+c7+c8+c10+c11,,0,0,0,c1+c2+c3+c4+c5+c6+c7+c8+c9+c10+c11,False,5,0,0,0.0000,True,0,3,0.001
"Random general (exact, n<=12)",randgen_9,9,14,5,5,5,5,5,6,5,5,5,5,5,5,5,c1+c2+c3+c4+c5+c7+c8+c10+c11,,0,0,0,c1+c2+c3+c4+c5+c6+c7+c8+c9+c10+c11,False,5,0,0,0.0000,True,0,3,0.001
"Random general (exact, n<=12)",randgen_8,8,5,3,3,3,3,3,3,3,3,3,3,3,3,3,c1+c2+c3+c4+c5+c6+c7+c8+c10+c11,,0,0,0,c1+c2+c3+c4+c5+c6+c7+c8+c9+c10+c11,False,3,0,0,0.0000,True,0,2,0.001
"Random general (exact, n<=12)",randgen_11,11,29,8,8,8,8,8,8,8,8,8,8,8,8,8,c1+c2+c3+c4+c5+c6+c7+c8+c10+c11,,0,0,0,c1+c2+c3+c4+c5+c6+c7+c8+c9+c10+c11,False,8,0,0,0.0000,True,0,6,0.001
"Random general (exact, n<=12)",randgen_9,9,16,5,5,5,5,5,5,5,5,5,5,5,5,5,c1+c2+c3+c4+c5+c6+c7+c8+c10+c11,,0,0,0,c1+c2+c3+c4+c5+c6+c7+c8+c9+c10+c11,False,5,0,0,0.0000,True,0,3,0.001
"Random general (exact, n<=12)",randgen_12,12,16,6,7,6,6,6,6,7,6,6,6,6,6,6,c1+c3+c4+c5+c6+c8+c10+c11,,0,0,0,c1+c2+c3+c4+c5+c6+c7+c8+c9+c10+c11,False,6,0,0,0.0000,True,0,2,0.001
"Random general (exact, n<=12)",randgen_7,7,14,5,5,5,5,5,5,5,5,5,5,5,5,5,c1+c2+c3+c4+c5+c6+c7+c8+c10+c11,,0,0,0,c1+c2+c3+c4+c5+c6+c7+c8+c9+c10+c11,False,5,0,0,0.0000,True,0,3,0.001
"Random general (exact, n<=12)",randgen_11,11,32,8,7,7,7,8,8,7,7,7,7,7,7,7,c2+c3+c4+c7+c8+c10+c11,,0,0,0,c1+c2+c3+c4+c5+c6+c7+c8+c9+c10+c11,False,7,0,0,0.0000,True,0,6,0.001
"Random general (exact, n<=12)",randgen_12,12,17,6,7,6,6,6,6,6,6,6,6,6,6,6,c1+c3+c4+c5+c6+c7+c8+c10+c11,,0,0,0,c1+c2+c3+c4+c5+c6+c7+c8+c9+c10+c11,False,6,0,0,0.0000,True,0,3,0.001
"Random general (exact, n<=12)",randgen_10,10,5,4,4,4,4,4,4,4,4,4,4,4,4,4,c1+c2+c3+c4+c5+c6+c7+c8+c10+c11,,0,0,0,c1+c2+c3+c4+c5+c6+c7+c8+c9+c10+c11,True,4,0,1,1.0000,True,0,1,0.001
"Random general (exact, n<=12)",randgen_12,12,32,8,8,8,8,8,8,8,8,8,8,8,8,8,c1+c2+c3+c4+c5+c6+c7+c8+c10+c11,,0,0,0,c1+c2+c3+c4+c5+c6+c7+c8+c9+c10+c11,False,8,0,0,0.0000,True,0,6,0.002
"Random general (exact, n<=12)",randgen_12,12,14,6,6,6,6,6,6,6,6,6,6,6,6,6,c1+c2+c3+c4+c5+c6+c7+c8+c10+c11,,0,0,0,c1+c2+c3+c4+c5+c6+c7+c8+c9+c10+c11,False,6,0,0,0.0000,True,0,2,0.002
"Random general (exact, n<=12)",randgen_11,11,15,6,6,6,6,6,6,6,6,6,6,6,6,6,c1+c2+c3+c4+c5+c6+c7+c8+c10+c11,,0,0,0,c1+c2+c3+c4+c5+c6+c7+c8+c9+c10+c11,False,6,0,0,0.0000,True,0,2,0.001
"Random general (exact, n<=12)",randgen_12,12,14,4,4,4,4,4,4,4,4,4,4,4,4,4,c1+c2+c3+c4+c5+c6+c7+c8+c10+c11,,0,0,0,c1+c2+c3+c4+c5+c6+c7+c8+c9+c10+c11,False,4,0,0,0.0000,True,0,3,0.001
"Random general (exact, n<=12)",randgen_12,12,37,9,9,8,8,9,9,8,8,8,8,8,8,8,c3+c4+c7+c8+c10+c11,,0,0,0,c1+c2+c3+c4+c5+c6+c7+c8+c9+c10+c11,False,8,0,0,0.0000,True,0,6,0.002
"Random general (exact, n<=12)",randgen_7,7,13,5,4,4,4,5,4,4,4,4,4,4,4,4,c2+c3+c4+c6+c7+c8+c10+c11,,0,0,0,c1+c2+c3+c4+c5+c6+c7+c8+c9+c10+c11,False,4,0,0,0.0000,True,0,3,0.001
"Random general (exact, n<=12)",randgen_10,10,13,6,5,5,5,6,5,6,5,5,5,5,5,5,c2+c3+c4+c6+c8+c10+c11,,0,0,0,c1+c2+c3+c4+c5+c6+c7+c8+c9+c10+c11,False,5,0,0,0.0000,True,0,2,0.001
"Random general (exact, n<=12)",randgen_11,11,14,6,6,6,6,6,6,6,6,6,6,6,6,6,c1+c2+c3+c4+c5+c6+c7+c8+c10+c11,,0,0,0,c1+c2+c3+c4+c5+c6+c7+c8+c9+c10+c11,False,6,0,0,0.0000,True,0,2,0.001
"Random general (exact, n<=12)",randgen_7,7,8,4,4,4,4,4,4,5,4,4,4,4,4,4,c1+c2+c3+c4+c5+c6+c8+c10+c11,,0,0,0,c1+c2+c3+c4+c5+c6+c7+c8+c9+c10+c11,False,4,0,0,0.0000,True,0,2,0.001
"Random general (exact, n<=12)",randgen_9,9,18,5,5,5,5,5,5,5,5,5,5,5,5,5,c1+c2+c3+c4+c5+c6+c7+c8+c10+c11,,0,0,0,c1+c2+c3+c4+c5+c6+c7+c8+c9+c10+c11,False,5,0,0,0.0000,True,0,4,0.001
"Random general (exact, n<=12)",randgen_7,7,7,2,2,2,2,2,2,2,2,2,2,2,2,2,c1+c2+c3+c4+c5+c6+c7+c8+c10+c11,,0,0,0,c1+c2+c3+c4+c5+c6+c7+c8+c9+c10+c11,False,2,0,0,0.0000,True,0,2,0.001
"Random general (exact, n<=12)",randgen_12,12,20,6,6,7,7,6,7,6,7,6,6,6,6,6,c1+c2+c5+c7+c10+c11,,0,0,0,c1+c2+c3+c4+c5+c6+c7+c8+c9+c10+c11,False,6,0,0,0.0000,True,0,4,0.002
"Random general (exact, n<=12)",randgen_9,9,24,6,7,7,7,6,7,7,7,6,6,6,6,6,c1+c5+c10+c11,,0,0,0,c1+c3+c4+c5+c7+c8+c9+c10+c11,False,6,0,0,0.0000,True,0,5,0.001
"Random general (exact, n<=12)",randgen_11,11,20,6,6,6,6,6,6,6,6,6,6,6,6,6,c1+c2+c3+c4+c5+c6+c7+c8+c10+c11,,0,0,0,c1+c2+c3+c4+c5+c6+c7+c8+c9+c10+c11,False,6,0,0,0.0000,True,0,4,0.002
"Random general (exact, n<=12)",randgen_8,8,15,5,5,5,5,5,5,5,5,5,5,5,5,5,c1+c2+c3+c4+c5+c6+c7+c8+c10+c11,,0,0,0,c1+c2+c3+c4+c5+c6+c7+c8+c9+c10+c11,False,5,0,0,0.0000,True,0,4,0.001
"Random general (exact, n<=12)",randgen_11,11,27,8,7,7,7,8,7,8,7,7,7,7,7,7,c2+c3+c4+c6+c8+c10+c11,,0,0,0,c1+c2+c3+c4+c5+c6+c7+c8+c9+c10+c11,False,7,0,0,0.0000,True,0,5,0.002
"Random general (exact, n<=12)",randgen_8,8,18,6,5,5,5,6,5,6,5,5,5,5,5,5,c2+c3+c4+c6+c8+c10+c11,,0,0,0,c1+c2+c3+c4+c5+c6+c7+c8+c9+c10+c11,False,5,0,0,0.0000,True,0,4,0.001
"Random general (exact, n<=12)",randgen_8,8,6,3,3,3,3,3,3,3,3,3,3,3,3,3,c1+c2+c3+c4+c5+c6+c7+c8+c10+c11,,0,0,0,c1+c2+c3+c4+c5+c6+c7+c8+c9+c10+c11,True,3,0,1,1.0000,True,0,1,0.001
"Random general (exact, n<=12)",randgen_11,11,12,4,4,4,4,4,4,4,4,4,4,4,4,4,c1+c2+c3+c4+c5+c6+c7+c8+c10+c11,,0,0,0,c1+c2+c3+c4+c5+c6+c7+c8+c9+c10+c11,False,4,0,0,0.0000,True,0,2,0.001
"Random general (exact, n<=12)",randgen_7,7,14,5,5,5,5,5,5,5,5,5,5,5,5,5,c1+c2+c3+c4+c5+c6+c7+c8+c10+c11,,0,0,0,c1+c2+c3+c4+c5+c6+c7+c8+c9+c10+c11,False,5,0,0,0.0000,True,0,3,0.001
"Random general (exact, n<=12)",randgen_10,10,19,7,7,7,6,7,7,7,6,6,6,6,6,6,c4+c8+c10+c11,,0,0,0,c1+c2+c3+c4+c5+c7+c8+c9+c10+c11,False,6,0,0,0.0000,True,0,4,0.001
"Random general (exact, n<=12)",randgen_7,7,11,4,4,4,4,4,4,4,4,4,4,4,4,4,c1+c2+c3+c4+c5+c6+c7+c8+c10+c11,,0,0,0,c1+c2+c3+c4+c5+c6+c7+c8+c9+c10+c11,False,4,0,0,0.0000,True,0,3,0.001
"Random general (exact, n<=12)",randgen_9,9,12,6,5,5,5,6,5,5,5,5,5,5,5,5,c2+c3+c4+c6+c7+c8+c10+c11,,0,0,0,c1+c2+c3+c4+c5+c6+c7+c8+c9+c10+c11,False,5,0,0,0.0000,True,0,3,0.001
"Random general (exact, n<=12)",randgen_7,7,11,5,3,3,3,5,3,5,3,3,3,3,3,3,c2+c3+c4+c6+c8+c10+c11,,0,0,0,c1+c2+c3+c4+c5+c6+c7+c8+c9+c10+c11,False,3,0,0,0.0000,True,0,3,0.001
"Random general (exact, n<=12)",randgen_10,10,13,5,5,5,5,5,6,5,5,5,5,5,5,5,c1+c2+c3+c4+c5+c7+c8+c10+c11,,0,0,0,c1+c2+c3+c4+c5+c6+c7+c8+c9+c10+c11,False,5,0,0,0.0000,True,0,2,0.001
"Random general (exact, n<=12)",randgen_10,10,23,6,6,6,6,6,6,6,6,6,6,6,6,6,c1+c2+c3+c4+c5+c6+c7+c8+c10+c11,,0,0,0,c1+c2+c3+c4+c5+c6+c7+c8+c9+c10+c11,False,6,0,0,0.0000,True,0,4,0.002
"Random general (exact, n<=12)",randgen_12,12,21,7,6,6,6,7,6,7,6,6,6,6,6,6,c2+c3+c4+c6+c8+c10+c11,,0,0,0,c1+c2+c3+c4+c5+c6+c7+c8+c9+c10+c11,False,6,0,0,0.0000,True,0,4,0.001
"Random general (exact, n<=12)",randgen_10,10,23,8,7,6,6,8,6,7,6,6,6,6,6,6,c3+c4+c6+c8+c10+c11,,0,0,0,c1+c2+c3+c4+c5+c6+c7+c8+c9+c10+c11,False,6,0,0,0.0000,True,0,5,0.001
"Random general (exact, n<=12)",randgen_7,7,1,1,1,1,1,1,1,1,1,1,1,1,1,1,c1+c2+c3+c4+c5+c6+c7+c8+c10+c11,,0,0,0,c1+c2+c3+c4+c5+c6+c7+c8+c9+c10+c11,True,1,0,1,1.0000,True,0,1,0.000
"Random general (exact, n<=12)",randgen_7,7,7,3,4,3,3,3,3,3,3,3,3,3,3,3,c1+c3+c4+c5+c6+c7+c8+c10+c11,,0,0,0,c1+c2+c3+c4+c5+c6+c7+c8+c9+c10+c11,False,3,0,0,0.0000,True,0,2,0.001
"Random general (exact, n<=12)",randgen_7,7,11,4,5,4,4,4,4,5,4,4,4,4,4,4,c1+c3+c4+c5+c6+c8+c10+c11,,0,0,0,c1+c2+c3+c4+c5+c6+c7+c8+c9+c10+c11,False,4,0,0,0.0000,True,0,3,0.001
"Random general (exact, n<=12)",randgen_9,9,15,6,5,5,5,6,5,5,5,5,5,5,5,5,c2+c3+c4+c6+c7+c8+c10+c11,,0,0,0,c1+c2+c3+c4+c5+c6+c7+c8+c9+c10+c11,False,5,0,0,0.0000,True,0,3,0.001
"Random general (exact, n<=12)",randgen_10,10,26,7,7,7,7,7,7,7,7,7,7,7,7,7,c1+c2+c3+c4+c5+c6+c7+c8+c10+c11,,0,0,0,c1+c2+c3+c4+c5+c6+c7+c8+c9+c10+c11,False,7,0,0,0.0000,True,0,4,0.001
"Random general (exact, n<=12)",randgen_12,12,18,8,6,8,7,8,6,8,7,6,6,6,6,6,c2+c6+c10+c11,,0,0,0,c2+c4+c6+c8+c9+c10+c11,False,6,0,0,0.0000,True,0,3,0.001
"Random general (exact, n<=12)",randgen_8,8,14,5,5,5,5,5,5,5,5,5,5,5,5,5,c1+c2+c3+c4+c5+c6+c7+c8+c10+c11,,0,0,0,c1+c2+c3+c4+c5+c6+c7+c8+c9+c10+c11,False,5,0,0,0.0000,True,0,3,0.001
"Crown graph K_{h,h} minus perfect matching (dense, near-regular)",crown_200,400,39800,200,200,200,200,200,200,200,200,200,200,200,200,200,c1+c2+c3+c4+c5+c6+c7+c8+c10+c11,,0,0,0,c1+c2+c3+c4+c5+c6+c7+c8+c9+c10+c11,False,200,19840,6,1.0000,False,400,0,5.147
"Complete bipartite (dense)",complete_bipartite_200,400,40000,200,200,200,200,200,200,200,200,200,200,200,200,200,c1+c2+c3+c4+c5+c6+c7+c8+c10+c11,,0,0,0,c1+c2+c3+c4+c5+c6+c7+c8+c9+c10+c11,False,200,19935,6,1.0000,False,400,0,5.447
"Crown graph K_{h,h} minus perfect matching (dense, near-regular)",crown_400,800,159600,400,400,400,400,400,400,400,400,400,400,400,400,400,c1+c2+c3+c4+c5+c6+c7+c8+c10+c11,,0,0,0,c1+c2+c3+c4+c5+c6+c7+c8+c9+c10+c11,False,400,79691,6,1.0000,False,800,0,22.747
"Complete bipartite (dense)",complete_bipartite_400,800,160000,400,400,400,400,400,400,400,400,400,400,400,400,400,c1+c2+c3+c4+c5+c6+c7+c8+c10+c11,,0,0,0,c1+c2+c3+c4+c5+c6+c7+c8+c9+c10+c11,False,400,79884,6,1.0000,False,800,0,23.811
"Crown graph K_{h,h} minus perfect matching (dense, near-regular)",crown_800,1600,639200,800,800,800,800,800,800,800,800,800,800,800,800,800,c1+c2+c3+c4+c5+c6+c7+c8+c10+c11,,0,0,0,c1+c2+c3+c4+c5+c6+c7+c8+c9+c10+c11,False,800,319391,6,1.0000,False,1600,0,96.346
"Complete bipartite (dense)",complete_bipartite_800,1600,640000,800,800,800,800,800,800,800,800,800,800,800,800,800,c1+c2+c3+c4+c5+c6+c7+c8+c10+c11,,0,0,0,c1+c2+c3+c4+c5+c6+c7+c8+c9+c10+c11,False,800,319760,6,1.0000,False,1600,0,98.896
"Double star + bridge (matching-heuristic stress)",double_star_1000,2002,2001,2,2,2,2,2,2,2,2,2,2,2,2,2,c1+c2+c3+c4+c5+c6+c7+c8+c10+c11,,0,0,0,c1+c2+c3+c4+c5+c6+c7+c8+c9+c10+c11,True,2,0,1,1.0000,True,0,1,0.315
"Double star + bridge (matching-heuristic stress)",double_star_10000,20002,20001,2,2,2,2,2,2,2,2,2,2,2,2,2,c1+c2+c3+c4+c5+c6+c7+c8+c10+c11,,0,0,0,c1+c2+c3+c4+c5+c6+c7+c8+c9+c10+c11,True,2,0,1,1.0000,True,0,1,3.681
"Hierarchical star trap (degree-greedy tie-break stress)",hier_trap_L6_B4,9557,9556,5188,5188,5188,4369,5188,5188,5188,4369,4369,4369,4369,4369,4369,c4+c8+c10+c11,,0,0,0,c4+c8+c9+c10+c11,True,5264,0,1,1.0000,True,0,1,1.595
"Random 3-regular (bounded-degree adversarial)",regular_n5000_d3,5000,7500,3130,3002,3116,2839,3130,3124,3116,2838,2779,2779,2779,2778,2779,c10+c11,,59,0,1,c9+c10+c11,False,2779,0,0,0.0000,False,1650,10,0.582
"Random 6-regular (bounded-degree adversarial)",regular_n5000_d6,5000,15000,3616,3519,3606,3355,3616,3602,3606,3359,3284,3284,3284,3284,3284,c10+c11,,71,0,0,c9+c10+c11,False,3284,0,0,0.0000,False,3163,10,0.957
"Random 12-regular (bounded-degree adversarial)",regular_n5000_d12,5000,30000,4028,3932,4038,3826,4028,4057,4038,3826,3758,3758,3758,3757,3758,c10+c11,,68,0,1,c9+c10+c11,False,3758,0,0,0.0000,False,5000,0,1.583
"Random 3-regular (bounded-degree adversarial)",regular_n50000_d3,50000,75000,31348,30158,31281,28346,31348,31375,31281,28377,27750,27750,27749,27748,27749,c11,c11,596,0,1,c11,False,27750,0,0,0.0000,False,16594,10,8.191
"Random 6-regular (bounded-degree adversarial)",regular_n50000_d6,50000,150000,36157,35013,36163,33547,36157,36292,36163,33509,32808,32808,32808,32807,32808,c10+c11,,701,0,1,c9+c10+c11,False,32808,0,0,0.0000,False,31779,10,14.877
"Random 12-regular (bounded-degree adversarial)",regular_n50000_d12,50000,300000,40424,39412,40445,38339,40424,40505,40445,38341,37630,37630,37630,37629,37630,c10+c11,,709,0,1,c9+c10+c11,False,37630,0,0,0.0000,False,50000,0,26.715
"Barabasi-Albert scale-free hub graph",barabasi_albert_n5000,5000,14991,2554,2513,2582,2450,2554,2579,2552,2450,2448,2448,2448,2448,2448,c10+c11,,2,0,0,c9+c10+c11,False,2448,0,0,0.0000,False,1599,10,0.893
"Barabasi-Albert scale-free hub graph",barabasi_albert_n50000,50000,149991,25634,25289,25829,24564,25634,25844,25707,24561,24554,24554,24554,24554,24554,c10+c11,,7,0,0,c9+c10+c11,False,24554,0,0,0.0000,False,16084,10,12.706
"Sparse Erdos-Renyi, avg degree 4",gnp_n5000,5000,9939,2819,2739,2769,2652,2819,2764,2805,2652,2609,2609,2609,2609,2609,c10+c11,,43,0,0,c9+c10+c11,False,2609,0,1,0.0012,False,1623,10,0.703
"Sparse Erdos-Renyi, avg degree 4",gnp_n50000,50000,100420,28335,27404,27581,26441,28335,27586,28043,26441,26096,26096,26096,26095,26096,c10+c11,,345,0,1,c9+c10+c11,False,26096,0,1,0.0015,False,16332,10,10.942
"Watts-Strogatz small-world",ws_n5000,5000,15000,3631,3672,3673,3606,3631,3707,3632,3607,3546,3546,3546,3546,3546,c10+c11,,60,0,0,c9+c10+c11,False,3546,0,0,0.0000,False,1728,10,0.828
"Watts-Strogatz small-world",ws_n50000,50000,150000,36313,36712,36651,35970,36313,37040,36321,36009,35441,35441,35439,35438,35439,c11,c11,529,0,1,c11,False,35441,0,0,0.0000,False,16981,10,10.270
